-100.0000000000000000 62.7019374490013348
-99.9799979997999770 38.0001412032298447
-99.9599959995999541 46.2624314157527010
-99.9399939993999453 41.3759212353571257
-99.9199919991999224 23.7485201911766381
-99.8999899989998994 39.5474492246972034
-99.8799879987998764 8.4577934101423473
-99.8599859985998535 28.4727334190034362
-99.8399839983998447 10.3317853323582796
-99.8199819981998218 22.7414554804848024
-99.7999799979997988 30.2185198620154978
-99.7799779977997758 18.9108501516730954
-99.7599759975997529 28.7747265070992313
-99.7399739973997441 43.8393014366981788
-99.7199719971997212 -19.1712979505275101
-99.6999699969996982 66.4265633061101397
-99.6799679967996752 28.9072178606399390
-99.6599659965996665 13.0893219017209077
-99.6399639963996435 32.5911925057921223
-99.6199619961996206 23.4701478805551247
-99.5999599959995976 15.3831987051028456
-99.5799579957995746 18.4591596023826199
-99.5599559955995659 11.1090908485716220
-99.5399539953995429 24.5070401842540520
-99.5199519951995200 30.2432552840226627
-99.4999499949994970 49.5511957607917068
-99.4799479947994740 1.8284804080669517
-99.4599459945994653 17.5842455614717501
-99.4399439943994423 57.8492419859510036
-99.4199419941994194 23.1833849169862205
-99.3999399939993964 -8.4458939538391249
-99.3799379937993734 29.8103416447576990
-99.3599359935993647 35.1189348013774705
-99.3399339933993417 36.2166544445177863
-99.3199319931993188 51.2960020726412580
-99.2999299929992958 -2.5727347429786782
-99.2799279927992870 19.6081323926453877
-99.2599259925992641 50.7686733420326419
-99.2399239923992411 26.0626877011479827
-99.2199219921992182 33.9955225790627438
-99.1999199919991952 4.4897134791697333
-99.1799179917991864 12.5921079737965655
-99.1599159915991635 43.6126960722692445
-99.1399139913991405 0.9108968295874185
-99.1199119911991176 32.2914864023258446
-99.0999099909990946 49.8396109655664219
-99.0799079907990858 -29.8406465939242622
-99.0599059905990629 36.7446812558076417
-99.0399039903990399 9.1634315872003995
-99.0199019901990170 26.5090639333550584
-98.9998999899989940 35.1002204546573324
-98.9798979897989852 9.2586821750534689
-98.9598959895989623 28.1972022309962753
-98.9398939893989393 29.6346226136178750
-98.9198919891989163 29.8968973933892386
-98.8998899889988934 3.3029681260576069
-98.8798879887988846 48.3821180124305315
-98.8598859885988617 -12.6827020419652250
-98.8398839883988387 37.6499729636746281
-98.8198819881988157 28.2200462712377274
-98.7998799879987928 8.8246141643853857
-98.7798779877987840 4.6728561289692667
-98.7598759875987611 24.2941501958178314
-98.7398739873987381 36.3983769212803594
-98.7198719871987151 11.0188289818702625
-98.6998699869987064 58.0183765911316982
-98.6798679867986834 29.8508572829407051
-98.6598659865986605 7.2160338559916930
-98.6398639863986375 29.4683873977097797
-98.6198619861986145 8.4361256737117198
-98.5998599859986058 17.2443065436976966
-98.5798579857985828 49.0534366236072543
-98.5598559855985599 -5.5793820093561273
-98.5398539853985369 23.8827251224929391
-98.5198519851985139 24.1076630488159722
-98.4998499849985052 23.3442080537937251
-98.4798479847984822 39.7957590815075690
-98.4598459845984593 36.9297138002400658
-98.4398439843984363 20.6510579273192292
-98.4198419841984133 -14.4975659441655740
-98.3998399839984046 16.4050382564099451
-98.3798379837983816 38.2255819685284095
-98.3598359835983587 15.4225932760539468
-98.3398339833983357 25.1872739544096120
-98.3198319831983270 -19.1115478386369730
-98.2998299829983040 20.7412345477389337
-98.2798279827982810 17.9607052137109271
-98.2598259825982581 35.1757967339444093
-98.2398239823982351 11.3888601415009365
-98.2198219821982264 28.0134708897538829
-98.1998199819982034 -18.6199939400743730
-98.1798179817981804 -18.2571217260399052
-98.1598159815981575 -16.4780570523107741
-98.1398139813981345 38.1167208239692172
-98.1198119811981257 43.8515200885630918
-98.0998099809981028 0.1828636681390545
-98.0798079807980798 76.8076746175088232
-98.0598059805980569 5.3945450586494745
-98.0398039803980339 23.1806423397052086
-98.0198019801980251 45.2728121071644694
-97.9997999799980022 1.8637395889212716
-97.9797979797979792 -24.8693753157219746
-97.9597959795979563 6.2709099932932517
-97.9397939793979333 -8.4211954468009367
-97.9197919791979245 -16.1487398018511321
-97.8997899789979016 4.6376560237523705
-97.8797879787978786 -5.2634562682007680
-97.8597859785978557 -0.8451091674460791
-97.8397839783978327 7.7160597669679376
-97.8197819781978239 15.1312189964914232
-97.7997799779978010 23.7703247282195633
-97.7797779777977780 -10.7997468830392673
-97.7597759775977551 -22.6847825449116272
-97.7397739773977463 -5.8301158910669795
-97.7197719771977233 30.4650497775089875
-97.6997699769977004 -16.9258604816806084
-97.6797679767976774 9.7926867840761158
-97.6597659765976545 28.8729800172717610
-97.6397639763976457 6.6152461594665830
-97.6197619761976227 14.3205889113066789
-97.5997599759975998 1.4588311151366389
-97.5797579757975768 3.9014567161171931
-97.5597559755975539 -0.3359852456058627
-97.5397539753975451 26.8237311120636797
-97.5197519751975221 9.3715607718537246
-97.4997499749974992 13.3023107621800012
-97.4797479747974762 32.1121016772288925
-97.4597459745974533 31.4067743182067076
-97.4397439743974445 -8.7079901955343217
-97.4197419741974215 38.1477771052436054
-97.3997399739973986 29.3400729809763270
-97.3797379737973756 8.6285160561722858
-97.3597359735973669 0.4462835147327375
-97.3397339733973439 -20.7464937393637214
-97.3197319731973209 9.7666980242052723
-97.2997299729972980 -11.8972315539325777
-97.2797279727972750 12.9929924989339440
-97.2597259725972663 19.1398991021349332
-97.2397239723972433 14.3575622573913506
-97.2197219721972203 0.2208470480566458
-97.1997199719971974 -8.8712323281940115
-97.1797179717971744 -12.9401936868422602
-97.1597159715971657 6.3026311959159029
-97.1397139713971427 10.7179213609899655
-97.1197119711971197 -34.1544314319925348
-97.0997099709970968 11.5970030865844542
-97.0797079707970738 -4.7571059878196067
-97.0597059705970651 26.3382902129428658
-97.0397039703970421 -1.5685967329866828
-97.0197019701970191 -16.9292468795872075
-96.9996999699969962 9.9787845138346078
-96.9796979697969732 -7.1975003722434723
-96.9596959695969645 -5.4180797604396602
-96.9396939693969415 5.7514316251397695
-96.9196919691969185 54.5789890238515412
-96.8996899689968956 -6.2047782086105840
-96.8796879687968726 -0.8338025504502138
-96.8596859685968639 -21.1166834939278338
-96.8396839683968409 -7.7935705732701184
-96.8196819681968179 -8.9728775912815628
-96.7996799679967950 6.5484020258872011
-96.7796779677967862 -5.9626826566141347
-96.7596759675967633 22.6326859798591933
-96.7396739673967403 35.4552707407024243
-96.7196719671967173 37.2742287536995249
-96.6996699669966944 -21.0306554725248454
-96.6796679667966856 4.7546473311315367
-96.6596659665966627 -5.6351195719980840
-96.6396639663966397 15.4210724321314885
-96.6196619661966167 1.6376228888070168
-96.5996599659965938 -1.5323032619306720
-96.5796579657965850 -5.6285651853954048
-96.5596559655965621 7.0734601994801665
-96.5396539653965391 15.5192079776978282
-96.5196519651965161 22.2070208302806407
-96.4996499649964932 16.5780894832526968
-96.4796479647964844 27.4137491873568422
-96.4596459645964615 -10.3809166688842271
-96.4396439643964385 -33.4699477412350603
-96.4196419641964155 -31.3986769655006555
-96.3996399639964068 3.3650930082814710
-96.3796379637963838 -13.1308936385145181
-96.3596359635963609 -26.0682130301517532
-96.3396339633963379 -13.2479489592801176
-96.3196319631963149 19.5765185778242810
-96.2996299629963062 13.1185336481974808
-96.2796279627962832 -1.0794532727023312
-96.2596259625962603 4.0347594529809250
-96.2396239623962373 11.0546467973241125
-96.2196219621962143 1.4584797763519672
-96.1996199619962056 -23.9756377454132945
-96.1796179617961826 -12.0952424541294477
-96.1596159615961597 16.1642987831392801
-96.1396139613961367 4.4164834894822977
-96.1196119611961137 -46.5417108538067268
-96.0996099609961050 30.2552926014234380
-96.0796079607960820 13.0280351201360336
-96.0596059605960590 34.9877662054173086
-96.0396039603960361 -0.4275447333992883
-96.0196019601960131 4.1625971993009854
-95.9995999599960044 9.4102314743366797
-95.9795979597959814 33.0188041784377120
-95.9595959595959584 -15.5817870160408081
-95.9395939593959355 -4.2696817831267859
-95.9195919591959125 -17.2294166723904638
-95.8995899589959038 25.9370706402540847
-95.8795879587958808 -3.1451050778362770
-95.8595859585958578 -19.6341192148395507
-95.8395839583958349 -12.7768596171408504
-95.8195819581958119 -5.3791472309811939
-95.7995799579958032 22.1154889723208719
-95.7795779577957802 2.7287833062013283
-95.7595759575957572 -26.4006190800123619
-95.7395739573957343 2.1746384842307602
-95.7195719571957255 2.9862226656388962
-95.6995699569957026 -8.7195633590259156
-95.6795679567956796 -2.9017173594041688
-95.6595659565956566 13.8013454365817179
-95.6395639563956337 18.5638856930496416
-95.6195619561956249 -25.5854962681844960
-95.5995599559956020 38.0416593638053868
-95.5795579557955790 9.9060526282163330
-95.5595559555955560 -11.0861419069738805
-95.5395539553955331 -14.9781878199687810
-95.5195519551955243 14.3607910103901091
-95.4995499549955014 -14.3514670368702770
-95.4795479547954784 5.0824224264770663
-95.4595459545954554 2.2708100667357565
-95.4395439543954467 -32.6771669806292309
-95.4195419541954237 -16.8368066909591541
-95.3995399539954008 0.0624132964227799
-95.3795379537953778 -0.5619939968104477
-95.3595359535953548 -12.1358193058325732
-95.3395339533953461 21.5082596219369933
-95.3195319531953231 -9.8307827417278553
-95.2995299529953002 12.7905385730850742
-95.2795279527952772 -29.3236221040568239
-95.2595259525952542 -11.2226915748695895
-95.2395239523952455 16.0295859730350188
-95.2195219521952225 21.1119903224860757
-95.1995199519951996 14.4260466098496778
-95.1795179517951766 -23.1666963057502358
-95.1595159515951536 0.3405104576452533
-95.1395139513951449 -34.9373354357284924
-95.1195119511951219 17.1795033548738232
-95.0995099509950990 -37.2638695598128109
-95.0795079507950760 -66.5136316413933173
-95.0595059505950530 -36.4098709928678232
-95.0395039503950443 -21.0432688940173520
-95.0195019501950213 -13.5080060804582942
-94.9994999499949984 3.3318527871737746
-94.9794979497949754 18.6376657333921401
-94.9594959495949524 -45.0073739428729667
-94.9394939493949437 -26.8365946126114423
-94.9194919491949207 8.4477468372397446
-94.8994899489948978 -6.1254349615493950
-94.8794879487948748 -26.6302091329908031
-94.8594859485948518 -22.0517003977496202
-94.8394839483948431 4.8552438274724823
-94.8194819481948201 -10.6539692524504659
-94.7994799479947972 -31.7455424450431138
-94.7794779477947742 -0.4884827774724423
-94.7594759475947654 -9.0593424466885590
-94.7394739473947425 -18.8100344026514108
-94.7194719471947195 -7.5933209693089943
-94.6994699469946966 5.7239111524710014
-94.6794679467946736 -5.9521281092936622
-94.6594659465946648 38.0050005962807376
-94.6394639463946419 -17.2281229546271994
-94.6194619461946189 -42.6512739767819866
-94.5994599459945960 -12.4207790386679946
-94.5794579457945730 -8.6261954115681529
-94.5594559455945642 -54.2713954542188617
-94.5394539453945413 -4.5403740857180361
-94.5194519451945183 -14.5066693414400341
-94.4994499449944954 -9.8074389005833122
-94.4794479447944866 -14.5908668997101767
-94.4594459445944636 -23.2847577689453935
-94.4394439443944407 3.1806589248478794
-94.4194419441944177 -20.0268956035933883
-94.3994399439943948 -5.6900385579543249
-94.3794379437943860 -9.1389972860400590
-94.3594359435943630 -17.8022964656577791
-94.3394339433943401 0.8620206970381306
-94.3194319431943171 -42.5067201980440785
-94.2994299429942942 -2.6692322722175357
-94.2794279427942854 -26.3581482417248978
-94.2594259425942624 13.8862037902751929
-94.2394239423942395 11.4431338643286686
-94.2194219421942165 6.5322918461501782
-94.1994199419941936 -4.6076700452040811
-94.1794179417941848 -25.5572438171085707
-94.1594159415941618 6.6685752879147104
-94.1394139413941389 -0.6064806187193090
-94.1194119411941159 -0.4449457219078923
-94.0994099409940929 9.0337888424881374
-94.0794079407940842 -18.5572827177642488
-94.0594059405940612 4.2573048915033116
-94.0394039403940383 -11.4715116050281978
-94.0194019401940153 -8.8439091703114787
-93.9993999399939923 -7.6133258532536487
-93.9793979397939836 -11.4121733814649744
-93.9593959395939606 2.3003589150406381
-93.9393939393939377 2.6046050805592333
-93.9193919391939147 -10.2974736195798684
-93.8993899389938917 -0.1367548924455235
-93.8793879387938830 18.9269755807199189
-93.8593859385938600 -17.1472888458544048
-93.8393839383938371 12.0750834148570974
-93.8193819381938141 -8.1409456076354161
-93.7993799379938054 -11.8686545122591607
-93.7793779377937824 -34.5287437328090405
-93.7593759375937594 14.9772518964089851
-93.7393739373937365 17.9393350009303099
-93.7193719371937135 -16.6254380112649436
-93.6993699369937048 -7.0047008460309907
-93.6793679367936818 -37.6236628371987933
-93.6593659365936588 -4.0894298341621624
-93.6393639363936359 -13.4821241577298832
-93.6193619361936129 6.6139498435053463
-93.5993599359936042 -2.0353166976231414
-93.5793579357935812 -29.0207107469449070
-93.5593559355935582 9.1345055333030416
-93.5393539353935353 -22.4736483731284729
-93.5193519351935265 16.6506136366428557
-93.4993499349935036 4.7623839395034864
-93.4793479347934806 5.8416530586887436
-93.4593459345934576 5.6030589820062193
-93.4393439343934347 6.1282631973933750
-93.4193419341934259 3.6887729981289441
-93.3993399339934030 -59.9206148107677024
-93.3793379337933800 -7.3797338901099074
-93.3593359335933570 -48.4233269689734200
-93.3393339333933341 -38.6307555291673452
-93.3193319331933253 -24.4303693137471676
-93.2993299329933024 -18.2100855884944224
-93.2793279327932794 -32.7745592208071486
-93.2593259325932564 5.3334294080137887
-93.2393239323932335 6.9818694824595102
-93.2193219321932247 -17.3267337659484326
-93.1993199319932017 0.8463160114050794
-93.1793179317931788 12.0137539483788629
-93.1593159315931558 8.2402106693514519
-93.1393139313931329 -20.8748691963299180
-93.1193119311931241 4.7636382152940948
-93.0993099309931011 15.6719497580811620
-93.0793079307930782 -7.9624482395696781
-93.0593059305930552 -34.7151059064061940
-93.0393039303930323 6.5405254290270856
-93.0193019301930235 5.8459799291927954
-92.9992999299930005 -0.0400551591564069
-92.9792979297929776 8.9778930178904677
-92.9592959295929546 -14.1847519945145457
-92.9392939293929317 1.5685015092912993
-92.9192919291929229 -11.9976414653067209
-92.8992899289928999 -32.6883979926088060
-92.8792879287928770 -2.8417258600017270
-92.8592859285928540 15.6140069068207836
-92.8392839283928453 11.9987444615864245
-92.8192819281928223 -11.6818450080410425
-92.7992799279927993 -12.3566343133464223
-92.7792779277927764 -8.7834091070967002
-92.7592759275927534 -44.3219334029282095
-92.7392739273927447 -6.2181211030491870
-92.7192719271927217 -16.7538386039596183
-92.6992699269926987 -10.8616187679100307
-92.6792679267926758 -8.6321521127908003
-92.6592659265926528 -23.4529643902476153
-92.6392639263926441 -4.6259190158978738
-92.6192619261926211 10.0433342751254777
-92.5992599259925981 -8.1916799615321505
-92.5792579257925752 5.4572889750076525
-92.5592559255925664 -33.4306552371013126
-92.5392539253925435 -23.2111241999196878
-92.5192519251925205 -21.8136092990809480
-92.4992499249924975 -46.0542638904932460
-92.4792479247924746 -16.2415208806809126
-92.4592459245924658 37.3237458907607476
-92.4392439243924429 -11.1111508617919039
-92.4192419241924199 20.3721210631959444
-92.3992399239923969 -20.6634817437963818
-92.3792379237923740 28.8446566301555372
-92.3592359235923652 0.0750746921844447
-92.3392339233923423 -9.1491700777785407
-92.3192319231923193 -8.3000860616572112
-92.2992299229922963 -10.8265037548749632
-92.2792279227922734 0.3303922080865931
-92.2592259225922646 -17.4435780027737124
-92.2392239223922417 9.9940520057117883
-92.2192219221922187 -1.8800342547564517
-92.1992199219921957 -13.7573532099384224
-92.1792179217921728 -17.1943676693977210
-92.1592159215921640 -34.0527279827953535
-92.1392139213921411 -16.3461530728263291
-92.1192119211921181 16.5091469184411572
-92.0992099209920951 8.3941965386605268
-92.0792079207920722 -0.4497358959057971
-92.0592059205920634 -17.5055995499598360
-92.0392039203920405 -27.3458620789761042
-92.0192019201920175 29.7348531025182758
-91.9991999199919945 0.8099523697936979
-91.9791979197919716 -2.1721969637676573
-91.9591959195919628 -10.5926137772169326
-91.9391939193919399 -23.2830628882292601
-91.9191919191919169 29.9056450408902350
-91.8991899189918939 2.1024623792013042
-91.8791879187918710 -54.0794718170113811
-91.8591859185918622 3.2603109904799421
-91.8391839183918393 -12.3909582923308577
-91.8191819181918163 -15.1855759188619750
-91.7991799179917933 -8.3162394635584302
-91.7791779177917846 25.6776848153979813
-91.7591759175917616 -15.7336837508690657
-91.7391739173917387 15.6947594414000751
-91.7191719171917157 -25.7217445294061307
-91.6991699169916927 26.0661695804541687
-91.6791679167916840 20.5578349088862602
-91.6591659165916610 23.5013589851840621
-91.6391639163916381 7.7957171878485569
-91.6191619161916151 4.0239011744693221
-91.5991599159916063 -55.6037098786993269
-91.5791579157915834 -8.0596868987031911
-91.5591559155915604 1.5295659221891365
-91.5391539153915375 -22.5586896756576323
-91.5191519151915145 25.1099997582222549
-91.4991499149915057 9.3294778631682025
-91.4791479147914828 24.3417416664335668
-91.4591459145914598 27.6831806128395819
-91.4391439143914369 18.8873074904613638
-91.4191419141914139 24.6186748401851041
-91.3991399139914051 -17.9645995473274489
-91.3791379137913822 34.9668092518171747
-91.3591359135913592 -2.0480336060983784
-91.3391339133913363 3.8216525029848016
-91.3191319131913133 8.9560816037372639
-91.2991299129913045 15.5678836990491920
-91.2791279127912816 -10.5467270309265402
-91.2591259125912586 6.9561807410272420
-91.2391239123912356 -3.7612663055849138
-91.2191219121912127 9.6022459422875919
-91.1991199119912039 -40.9200860145222265
-91.1791179117911810 -13.6169443565052308
-91.1591159115911580 2.2040595512234766
-91.1391139113911350 -4.2070204487476008
-91.1191119111911121 -26.0384600147666632
-91.0991099109911033 39.0702150027695936
-91.0791079107910804 10.5220709107633059
-91.0591059105910574 -33.0276060953675810
-91.0391039103910344 0.3660816583438260
-91.0191019101910115 36.4544760697019186
-90.9990999099910027 37.5883909854849207
-90.9790979097909798 -10.5961071775406808
-90.9590959095909568 -30.2280162383118594
-90.9390939093909338 11.1128741623612406
-90.9190919091909109 10.2335132573161420
-90.8990899089909021 -15.3697934504661298
-90.8790879087908792 19.1245172756497581
-90.8590859085908562 -12.4995982357518454
-90.8390839083908332 -8.3416765844891501
-90.8190819081908245 -3.1953524465909937
-90.7990799079908015 14.3647359549604534
-90.7790779077907786 19.3063657543880254
-90.7590759075907556 31.5878969786624495
-90.7390739073907326 -22.6665537607445842
-90.7190719071907239 31.3234265434542465
-90.6990699069907009 -18.0511041886889849
-90.6790679067906780 -36.1341494711453777
-90.6590659065906550 14.3265926833828132
-90.6390639063906463 -11.7195127112137243
-90.6190619061906233 -43.5166905539490614
-90.5990599059906003 5.6731300378693081
-90.5790579057905774 6.8477859329325970
-90.5590559055905544 18.2905110516523948
-90.5390539053905457 -14.9664460731372220
-90.5190519051905227 -5.2662057037743555
-90.4990499049904997 -12.5961626479164970
-90.4790479047904768 5.1250993973873946
-90.4590459045904538 4.3065922623066024
-90.4390439043904451 20.1878500537424230
-90.4190419041904221 -7.1961097362758490
-90.3990399039903991 -13.6780058926733403
-90.3790379037903762 -18.3242889019405482
-90.3590359035903532 -15.4306404761992955
-90.3390339033903444 12.8871802127279498
-90.3190319031903215 -22.0210863646469477
-90.2990299029902985 -7.3411212403399837
-90.2790279027902756 -9.8425705328782627
-90.2590259025902526 -6.4975428408527094
-90.2390239023902438 21.9781248099567925
-90.2190219021902209 18.9937380368833466
-90.1990199019901979 13.6117679211015226
-90.1790179017901750 17.3185541328897514
-90.1590159015901520 2.3969421057725335
-90.1390139013901432 -23.9520196103206260
-90.1190119011901203 -10.0613317423429631
-90.0990099009900973 -11.6663726943468440
-90.0790079007900744 -19.9249403674868262
-90.0590059005900514 19.6092705303932284
-90.0390039003900426 -5.4740099465062606
-90.0190019001900197 -31.6674344664448100
-89.9989998999899967 -20.0814697122498096
-89.9789978997899738 -9.3230804613046274
-89.9589958995899508 -21.0745292728353064
-89.9389938993899420 9.1496457832006275
-89.9189918991899191 -13.1157658546442946
-89.8989898989898961 12.7831943939133854
-89.8789878987898732 -30.1025582051062273
-89.8589858985898644 17.6416108990415239
-89.8389838983898414 0.0926322169492617
-89.8189818981898185 -21.4407396694959687
-89.7989798979897955 -16.0350070625682193
-89.7789778977897726 -29.3039305560741319
-89.7589758975897638 46.2486883148341263
-89.7389738973897408 -2.7318186002909899
-89.7189718971897179 -4.6380345174639253
-89.6989698969896949 -2.1756154105227905
-89.6789678967896862 24.3174511943054128
-89.6589658965896632 -0.1168418315486492
-89.6389638963896402 0.5060279957552800
-89.6189618961896173 14.6827462104017581
-89.5989598959895943 -11.8482942973239442
-89.5789578957895856 8.1474583598287520
-89.5589558955895626 3.8005592072929320
-89.5389538953895396 21.4214592958752910
-89.5189518951895167 3.3678318040595854
-89.4989498949894937 -16.3708974386860433
-89.4789478947894850 10.3312137495298710
-89.4589458945894620 14.6734597993282172
-89.4389438943894390 9.4760048290569365
-89.4189418941894161 -8.0922551614602227
-89.3989398939893931 4.4562592978968922
-89.3789378937893844 -2.7751781745364195
-89.3589358935893614 0.2650396694609962
-89.3389338933893384 -2.2034150030472106
-89.3189318931893155 2.3341971661886105
-89.2989298929892925 21.5849729968045096
-89.2789278927892838 -23.4099182746581711
-89.2589258925892608 -36.7448155951620947
-89.2389238923892378 28.2588293381201616
-89.2189218921892149 9.0565985208528108
-89.1989198919891919 -2.3587223885621031
-89.1789178917891832 -36.2413372996817671
-89.1589158915891602 13.7311081168442790
-89.1389138913891372 10.3466920707654850
-89.1189118911891143 25.8100225650399935
-89.0989098909890913 5.1033245069507487
-89.0789078907890826 -54.7719576590008472
-89.0589058905890596 4.1423415165123521
-89.0389038903890366 -31.0074410394983495
-89.0189018901890137 1.3345859495403369
-88.9988998899889907 -2.5842887369959682
-88.9788978897889820 -30.6863171891880846
-88.9588958895889590 -23.9304712748818389
-88.9388938893889360 9.7004771954999303
-88.9188918891889131 -4.1785624351558130
-88.8988898889889043 -4.7986887637347850
-88.8788878887888814 0.1972616877773075
-88.8588858885888584 -16.7642335300371279
-88.8388838883888354 13.4777454313567606
-88.8188818881888125 21.1347713397379806
-88.7988798879888037 10.9746109835674410
-88.7788778877887808 -12.4471633344530694
-88.7588758875887578 -27.8959164797989772
-88.7388738873887348 34.5489362611567543
-88.7188718871887261 -28.2386605896525538
-88.6988698869887031 -15.3342858452272566
-88.6788678867886802 23.7702491725718410
-88.6588658865886572 13.2084212080532986
-88.6388638863886342 -21.8765024964779435
-88.6188618861886255 -26.9095594794817572
-88.5988598859886025 13.1021607842134582
-88.5788578857885796 18.4438453081389255
-88.5588558855885566 -1.3282309782297474
-88.5388538853885336 -12.4321447811392609
-88.5188518851885249 3.5117126811470314
-88.4988498849885019 -26.8896474354733144
-88.4788478847884790 -11.7000988768392364
-88.4588458845884560 -32.0721453099544505
-88.4388438843884330 7.7162698671213628
-88.4188418841884243 2.2965189042032486
-88.3988398839884013 -1.9878392283423931
-88.3788378837883783 17.2552095602429816
-88.3588358835883554 -5.6796732893447430
-88.3388338833883324 4.1297808024983231
-88.3188318831883237 -10.9811906517467648
-88.2988298829883007 11.4609663927937859
-88.2788278827882777 2.9434918655177675
-88.2588258825882548 25.5923268259837684
-88.2388238823882318 39.7275800903264837
-88.2188218821882231 -24.0361844513878573
-88.1988198819882001 1.8992515215783050
-88.1788178817881771 5.6361260135196725
-88.1588158815881542 19.4277751547324762
-88.1388138813881312 38.3831108834925843
-88.1188118811881225 15.0033862152573061
-88.0988098809880995 -11.3824499870010953
-88.0788078807880765 4.6692734883937623
-88.0588058805880536 32.5110573115650610
-88.0388038803880306 -3.0135848043560807
-88.0188018801880219 -12.3012667068212469
-87.9987998799879989 -10.6653705562338299
-87.9787978797879759 -18.9934953582506090
-87.9587958795879530 24.6076427943813734
-87.9387938793879442 41.1573429451090576
-87.9187918791879213 -7.1160343849962491
-87.8987898789878983 -0.1453489906171876
-87.8787878787878753 0.7232308317511604
-87.8587858785878524 -16.9193392697363549
-87.8387838783878436 -9.2882349084508391
-87.8187818781878207 -7.1784991670013429
-87.7987798779877977 1.4563072029591804
-87.7787778777877747 2.2361774477009577
-87.7587758775877660 28.0814933982747945
-87.7387738773877430 -6.4336883239166198
-87.7187718771877201 26.5226656253424053
-87.6987698769876971 -4.2668730648527502
-87.6787678767876741 -2.4790072007554782
-87.6587658765876654 17.5093508764998163
-87.6387638763876424 36.0585581407431164
-87.6187618761876195 37.7825817410276557
-87.5987598759875965 -1.9310916432392151
-87.5787578757875735 6.7599458572538920
-87.5587558755875648 -29.1972078432113342
-87.5387538753875418 19.9900029407138220
-87.5187518751875189 10.9296698249877018
-87.4987498749874959 -16.7233591324149522
-87.4787478747874729 24.3918082848250144
-87.4587458745874642 -22.7022107075373398
-87.4387438743874412 41.7161708629389523
-87.4187418741874183 -9.6766267471224143
-87.3987398739873953 -9.4286569636161062
-87.3787378737873723 38.9393947133215619
-87.3587358735873636 -32.0771159749285601
-87.3387338733873406 7.0696148961413421
-87.3187318731873177 17.1268616642409910
-87.2987298729872947 35.4337238829211785
-87.2787278727872717 34.4165851620032015
-87.2587258725872630 -29.4421223602258131
-87.2387238723872400 4.3511391838033298
-87.2187218721872171 -7.5377268672673132
-87.1987198719871941 28.8576607495695860
-87.1787178717871711 14.8749453875414464
-87.1587158715871624 23.9518432433581836
-87.1387138713871394 16.6300635107013903
-87.1187118711871165 -32.7993687513115475
-87.0987098709870935 -8.4385541468222698
-87.0787078707870705 20.3215606317911295
-87.0587058705870618 20.6624925008226192
-87.0387038703870388 -15.0350910295849225
-87.0187018701870159 0.0842673268371321
-86.9986998699869929 -1.6714955648442871
-86.9786978697869841 26.4117797583530631
-86.9586958695869612 22.5696533417440648
-86.9386938693869382 3.3826675570639484
-86.9186918691869153 21.1798850228298612
-86.8986898689868923 19.5568192895908943
-86.8786878687868835 22.1386137354824406
-86.8586858685868606 -2.0579685887733863
-86.8386838683868376 17.0355149474735228
-86.8186818681868147 40.2560297091756922
-86.7986798679868059 11.0108970580693697
-86.7786778677867829 -22.3792327412883907
-86.7586758675867600 2.7743338926285110
-86.7386738673867370 3.0624667851468983
-86.7186718671867141 9.9869115592000774
-86.6986698669867053 22.4317650963952175
-86.6786678667866823 32.9246864938468065
-86.6586658665866594 -18.1114984211887631
-86.6386638663866364 25.3351586062458694
-86.6186618661866135 27.6380479597193833
-86.5986598659866047 30.3325682891174466
-86.5786578657865817 6.2814877785089118
-86.5586558655865588 -6.9669082215906659
-86.5386538653865358 36.7789156013835097
-86.5186518651865129 26.3370931424261272
-86.4986498649865041 7.8017783141752783
-86.4786478647864811 6.2865232394946382
-86.4586458645864582 -10.7294009849094429
-86.4386438643864352 9.1308845254066853
-86.4186418641864122 25.1348101081156159
-86.3986398639864035 6.8820546111782814
-86.3786378637863805 21.5314185410014645
-86.3586358635863576 22.6025865054212254
-86.3386338633863346 13.6283785787162799
-86.3186318631863116 2.5380283061503501
-86.2986298629863029 36.7897343703945126
-86.2786278627862799 -19.9474888256116500
-86.2586258625862570 -24.6250986649613779
-86.2386238623862340 9.6282537376703541
-86.2186218621862110 -37.1249418247125362
-86.1986198619862023 -18.6209312769333124
-86.1786178617861793 -17.1518857795618267
-86.1586158615861564 18.0921805688150421
-86.1386138613861334 -1.3688012512310070
-86.1186118611861104 14.0144100848129760
-86.0986098609861017 2.0410020570628369
-86.0786078607860787 -17.0339744847812860
-86.0586058605860558 -8.6635286143012475
-86.0386038603860328 4.6574991680904549
-86.0186018601860241 8.9119834916955423
-85.9985998599860011 -1.4706667446854507
-85.9785978597859781 15.1880171142128297
-85.9585958595859552 28.7321459338519318
-85.9385938593859322 17.7804988497915772
-85.9185918591859235 15.9455135044516680
-85.8985898589859005 -40.9647129536116807
-85.8785878587858775 6.1422707207576517
-85.8585858585858546 -15.6178168215634781
-85.8385838583858458 39.9934914212043893
-85.8185818581858229 9.7822326841721114
-85.7985798579857999 18.2264054748759534
-85.7785778577857769 0.0587476985643498
-85.7585758575857540 23.5932604752346968
-85.7385738573857452 -13.9156656274761481
-85.7185718571857223 -1.8010940670532456
-85.6985698569856993 -4.2051510155522056
-85.6785678567856763 -0.5993421897558715
-85.6585658565856534 -17.8103105609156565
-85.6385638563856446 33.3362475109800727
-85.6185618561856217 -25.9460922506708300
-85.5985598559855987 11.5362980258509502
-85.5785578557855757 25.0285799042715631
-85.5585558555855528 40.6190006416257603
-85.5385538553855440 12.6714624436827172
-85.5185518551855210 -0.1348802392629107
-85.4985498549854981 47.4700557475887308
-85.4785478547854751 -10.0514389257750754
-85.4585458545854522 -4.8016381436047038
-85.4385438543854434 20.5066725148651798
-85.4185418541854204 32.3543324345433803
-85.3985398539853975 17.9472077617755765
-85.3785378537853745 15.0218140713030284
-85.3585358535853516 -26.4774072745100568
-85.3385338533853428 30.4421502834669511
-85.3185318531853198 7.5677008386745106
-85.2985298529852969 48.4342567175889940
-85.2785278527852739 -30.7751667895850964
-85.2585258525852510 16.8207526957185145
-85.2385238523852422 38.0933838286992810
-85.2185218521852192 12.0718639813103366
-85.1985198519851963 44.4638196962021510
-85.1785178517851733 46.3325251896950618
-85.1585158515851504 22.0345954984760191
-85.1385138513851416 -9.6562861111341984
-85.1185118511851186 7.9366940040206817
-85.0985098509850957 -4.6005726256966284
-85.0785078507850727 10.9560146741983395
-85.0585058505850640 22.6055141879297778
-85.0385038503850410 9.2525996577307303
-85.0185018501850180 21.4219413373174774
-84.9984998499849951 13.6616298366016533
-84.9784978497849721 38.1929320488465436
-84.9584958495849634 50.3168798303506364
-84.9384938493849404 -5.2230347013168696
-84.9184918491849174 19.5777874265210201
-84.8984898489848945 19.2193638765526345
-84.8784878487848857 26.3771686964960672
-84.8584858485848628 21.8780392871945182
-84.8384838483848398 11.1832220830696034
-84.8184818481848168 20.7535769364441229
-84.7984798479847939 23.6507235644203391
-84.7784778477847851 16.0668141206999664
-84.7584758475847622 -2.5116159172273349
-84.7384738473847392 -34.6737220829631880
-84.7184718471847162 9.0092051386956733
-84.6984698469846933 -18.4344437007393260
-84.6784678467846845 37.4307453507983467
-84.6584658465846616 13.9708887083156235
-84.6384638463846386 26.8515392885595077
-84.6184618461846156 34.0166076113411151
-84.5984598459845927 15.3741332261188344
-84.5784578457845839 10.1389925469071009
-84.5584558455845610 50.8162094526827701
-84.5384538453845380 -0.5428782314507608
-84.5184518451845150 -0.9786837032640676
-84.4984498449844921 -4.2005884596832015
-84.4784478447844833 -22.5184974198421628
-84.4584458445844604 36.3951319189805105
-84.4384438443844374 -10.8882958955350908
-84.4184418441844144 12.3168861740356377
-84.3984398439843915 38.4916084592162093
-84.3784378437843827 22.6488121388782027
-84.3584358435843598 29.7074544851404809
-84.3384338433843368 15.8602232052773680
-84.3184318431843138 14.9827850273085197
-84.2984298429842909 30.4073921309717150
-84.2784278427842821 21.3029215903836402
-84.2584258425842592 -11.7560050078128313
-84.2384238423842362 22.9940422474479789
-84.2184218421842132 26.6967372449630460
-84.1984198419841903 14.7729129084869815
-84.1784178417841815 13.9069532251723018
-84.1584158415841586 5.6896566090317524
-84.1384138413841356 46.6558353502431089
-84.1184118411841126 50.5007169435115983
-84.0984098409840897 50.2793331104761023
-84.0784078407840809 25.7889300506830104
-84.0584058405840580 14.7632238488865806
-84.0384038403840350 -1.0292720753268512
-84.0184018401840120 -0.4107077642570189
-83.9983998399839891 21.6522331902332112
-83.9783978397839803 29.6009591152628957
-83.9583958395839574 42.8977568214364524
-83.9383938393839344 -3.9359946812336943
-83.9183918391839256 18.6558688600172999
-83.8983898389839027 8.6606153058621498
-83.8783878387838797 31.1661473797460324
-83.8583858385838568 15.6129234721725574
-83.8383838383838338 -9.8601836597235071
-83.8183818381838250 29.5263715951038321
-83.7983798379838021 37.9942554018038692
-83.7783778377837791 41.3196057441352806
-83.7583758375837562 47.0597665251135311
-83.7383738373837332 38.0163800928343178
-83.7183718371837244 2.1793331698260712
-83.6983698369837015 6.4804442189844629
-83.6783678367836785 20.0702844146365607
-83.6583658365836556 33.8885022652984702
-83.6383638363836326 66.5629425518619939
-83.6183618361836238 0.3540919061321226
-83.5983598359836009 11.5999100503022117
-83.5783578357835779 6.1960138465722103
-83.5583558355835549 -12.3906947446973383
-83.5383538353835320 -7.9485283034098870
-83.5183518351835232 11.3498708979277936
-83.4983498349835003 48.0641789972251630
-83.4783478347834773 12.3464562902705879
-83.4583458345834543 6.1780600976498867
-83.4383438343834314 -15.6544859066288780
-83.4183418341834226 13.6541263492485392
-83.3983398339833997 16.5547492119824255
-83.3783378337833767 13.9319533109030864
-83.3583358335833537 17.7721285377544014
-83.3383338333833308 29.9035223002893247
-83.3183318331833220 3.9062629689089103
-83.2983298329832991 14.6190061169376477
-83.2783278327832761 26.3676791916735738
-83.2583258325832531 18.2999551068153998
-83.2383238323832302 -3.6329855324166296
-83.2183218321832214 30.7780839094594967
-83.1983198319831985 -2.6579324627103524
-83.1783178317831755 10.0197633181229211
-83.1583158315831525 33.2344528113521562
-83.1383138313831296 12.9928422759122917
-83.1183118311831208 -12.1184113100756399
-83.0983098309830979 24.1551154868373175
-83.0783078307830749 41.1957517677491438
-83.0583058305830662 30.9661574564877569
-83.0383038303830290 31.0670387263663415
-83.0183018301830202 24.3648702921114548
-82.9982998299829973 14.9629752668342704
-82.9782978297829743 17.6147610154250245
-82.9582958295829656 2.7417147504974650
-82.9382938293829426 24.2462528592707898
-82.9182918291829196 43.7145172211641722
-82.8982898289828967 18.6101164809904418
-82.8782878287828737 12.4664625207301398
-82.8582858285828650 8.9833989194617203
-82.8382838283828420 16.0693685207167398
-82.8182818281828190 27.4242102367021694
-82.7982798279827961 28.8250890226693883
-82.7782778277827731 44.7834008700543649
-82.7582758275827644 25.6649749473735191
-82.7382738273827414 29.9704116411673240
-82.7182718271827184 18.2353566314682531
-82.6982698269826955 3.8402608636998075
-82.6782678267826725 56.2034202488572632
-82.6582658265826637 27.1475598854363653
-82.6382638263826408 13.5069857686323580
-82.6182618261826178 -8.5705295812480067
-82.5982598259825949 52.8508683388451459
-82.5782578257825719 4.6872516038756906
-82.5582558255825631 8.3771403081627156
-82.5382538253825402 25.8210373899688754
-82.5182518251825172 32.5973132105123895
-82.4982498249824943 -7.9914002631242838
-82.4782478247824713 15.5409535415142344
-82.4582458245824625 55.2811344108691003
-82.4382438243824396 52.1267736670151862
-82.4182418241824166 17.2802516588237651
-82.3982398239823937 27.2433275736586822
-82.3782378237823707 23.4327526170167211
-82.3582358235823619 -28.7948432372960852
-82.3382338233823390 -8.1166737636819590
-82.3182318231823160 1.6675504482650396
-82.2982298229822931 15.2014698711754868
-82.2782278227822701 -18.1895645918353885
-82.2582258225822613 2.1487466789010021
-82.2382238223822384 -1.1537729051358134
-82.2182218221822154 15.0444757675827709
-82.1982198219821925 40.4863124726972927
-82.1782178217821695 60.9396674504263132
-82.1582158215821607 11.5838550268522980
-82.1382138213821378 15.5708810916781939
-82.1182118211821148 11.2796535277753218
-82.0982098209821061 11.2790775923281519
-82.0782078207820689 46.7076863077998325
-82.0582058205820601 27.1697168012944843
-82.0382038203820372 -7.8834235527392842
-82.0182018201820142 25.5751283470699562
-81.9981998199820055 4.5535903395308850
-81.9781978197819825 26.8253624182687318
-81.9581958195819595 37.0279104686086029
-81.9381938193819366 3.5550922528714466
-81.9181918191819136 21.3574819697282372
-81.8981898189819049 42.7008063743069641
-81.8781878187818819 36.8923105269663836
-81.8581858185818589 53.8921245697145963
-81.8381838183818360 39.4384023433310631
-81.8181818181818130 38.9690105384160717
-81.7981798179818043 57.6907783734717299
-81.7781778177817813 15.7683153742715341
-81.7581758175817583 41.5674341318776968
-81.7381738173817354 30.0045866520895181
-81.7181718171817124 17.8467350966993763
-81.6981698169817037 31.3908547041275128
-81.6781678167816807 63.6189735440126896
-81.6581658165816577 34.0594236725090838
-81.6381638163816348 2.3136585163469370
-81.6181618161816118 12.9147182231869664
-81.5981598159816031 7.1824352043644701
-81.5781578157815801 -5.9879049382413818
-81.5581558155815571 -1.3762941825804695
-81.5381538153815342 3.5191083356480881
-81.5181518151815112 62.8695291572485715
-81.4981498149815025 38.5033602730839704
-81.4781478147814795 18.7240383136299720
-81.4581458145814565 -6.5507518772949247
-81.4381438143814336 58.7927974699259011
-81.4181418141814106 18.1891950427876381
-81.3981398139814019 24.2045169923848924
-81.3781378137813789 19.0790589170421399
-81.3581358135813559 23.0108963406269886
-81.3381338133813330 8.0610252464845153
-81.3181318131813100 76.4200270254251564
-81.2981298129813013 36.7155642565293974
-81.2781278127812783 49.6945928081481867
-81.2581258125812553 33.3738136738316982
-81.2381238123812324 -6.5877922248812162
-81.2181218121812094 12.3800932243814827
-81.1981198119812007 24.7562895736099122
-81.1781178117811777 36.5596177855913282
-81.1581158115811547 26.8555962131666170
-81.1381138113811460 54.9929865190904081
-81.1181118111811088 2.4637274869217407
-81.0981098109811001 39.8865139221144602
-81.0781078107810771 49.0550240175619621
-81.0581058105810541 -1.0705764706722931
-81.0381038103810454 22.8070201127418422
-81.0181018101810224 -1.6498432129354832
-80.9980998099809995 44.7767864286540771
-80.9780978097809765 40.6786708525831529
-80.9580958095809535 47.7034974636877678
-80.9380938093809448 27.7189471566968599
-80.9180918091809218 23.5759350192274901
-80.8980898089808989 20.7874227049413278
-80.8780878087808759 -13.9733034922612021
-80.8580858085808529 55.7776295976745899
-80.8380838083808442 6.5960681125250069
-80.8180818081808212 31.0901802867849746
-80.7980798079807983 30.7796572885515083
-80.7780778077807753 24.0697245763556502
-80.7580758075807523 18.0950970960879225
-80.7380738073807436 29.9339748967693424
-80.7180718071807206 32.5820003760269756
-80.6980698069806976 -30.6755429153882204
-80.6780678067806747 11.2648267255390682
-80.6580658065806517 23.5155790944296896
-80.6380638063806430 33.7426533320257107
-80.6180618061806200 54.0347260963770282
-80.5980598059805970 13.7344866581985929
-80.5780578057805741 45.5978235634119926
-80.5580558055805511 24.7318671334414333
-80.5380538053805424 12.0972975403844689
-80.5180518051805194 36.0246204250459598
-80.4980498049804964 70.4497505071908279
-80.4780478047804735 31.4173301945951167
-80.4580458045804505 27.8133547837307304
-80.4380438043804418 45.3648185298246389
-80.4180418041804188 19.6833349768180135
-80.3980398039803958 51.5155138964102690
-80.3780378037803729 41.3581679782291189
-80.3580358035803499 48.9433453311800406
-80.3380338033803412 -0.4238587735608412
-80.3180318031803182 31.3955041171224813
-80.2980298029802952 14.2311886221719472
-80.2780278027802723 94.2678122110795016
-80.2580258025802493 24.8022569740161920
-80.2380238023802406 6.1710273506380879
-80.2180218021802176 58.8234496509053386
-80.1980198019801946 8.4977308469653607
-80.1780178017801859 53.0752026220642961
-80.1580158015801487 27.0243298183206164
-80.1380138013801400 32.4100785875592976
-80.1180118011801170 31.1092024047454458
-80.0980098009800940 24.1623872784146769
-80.0780078007800853 15.9799585038077243
-80.0580058005800623 36.9488072863868595
-80.0380038003800394 8.6415275028504048
-80.0180018001800164 7.4954718485586156
-79.9979997999799934 17.3124314856641277
-79.9779977997799847 16.7164330621851569
-79.9579957995799617 9.9241781591795224
-79.9379937993799388 10.8642160792838816
-79.9179917991799158 37.4065338493753714
-79.8979897989798928 41.9193442613387788
-79.8779877987798841 22.5929322605194542
-79.8579857985798611 20.5782916166751448
-79.8379837983798382 26.3080729427975193
-79.8179817981798152 6.9331391896017216
-79.7979797979797922 48.6806463398020526
-79.7779777977797835 57.4740334787232996
-79.7579757975797605 42.9481307337438807
-79.7379737973797376 37.7498445936499110
-79.7179717971797146 23.4245280312459485
-79.6979697969796916 16.8417592115151038
-79.6779677967796829 9.1681580491457986
-79.6579657965796599 40.7610017023577953
-79.6379637963796370 34.0313727361324965
-79.6179617961796140 29.1437513380856110
-79.5979597959795910 23.2765353258291618
-79.5779577957795823 8.0808669038112839
-79.5579557955795593 0.8081689851357581
-79.5379537953795364 51.9539037807154145
-79.5179517951795134 34.9827616873212506
-79.4979497949794904 34.1837422582971442
-79.4779477947794817 48.7126112732336836
-79.4579457945794587 38.8573448360659910
-79.4379437943794358 30.9203902391876078
-79.4179417941794128 4.4895673555765505
-79.3979397939793898 51.3945308194843591
-79.3779377937793811 48.6727426829487797
-79.3579357935793581 -1.0635681570711348
-79.3379337933793352 52.7818855860485598
-79.3179317931793122 28.1953093549473230
-79.2979297929792892 17.1798296533180803
-79.2779277927792805 36.9801163497637759
-79.2579257925792575 28.4786948222284870
-79.2379237923792346 30.8657379606954017
-79.2179217921792116 22.4094550826359615
-79.1979197919791886 32.2462972469719702
-79.1779177917791799 35.5215258883272327
-79.1579157915791569 31.2505736273619021
-79.1379137913791340 42.0865008923549624
-79.1179117911791252 34.7162758565456997
-79.0979097909790880 16.6204315303540575
-79.0779077907790793 76.0493889837408119
-79.0579057905790563 4.5396832721081815
-79.0379037903790334 40.4983775528217791
-79.0179017901790246 32.1324606334806688
-78.9978997899790016 48.4767540558139984
-78.9778977897789787 54.9988336208267157
-78.9578957895789557 42.6516377875497597
-78.9378937893789328 30.7427464105661663
-78.9178917891789240 7.6346672549499317
-78.8978897889789010 47.4813227057406380
-78.8778877887788781 9.2423848504233916
-78.8578857885788551 -3.9768481913170035
-78.8378837883788322 5.0699198199546913
-78.8178817881788234 44.0953956233489563
-78.7978797879788004 3.7100915740283540
-78.7778777877787775 12.5506449399677678
-78.7578757875787545 61.6264926053530147
-78.7378737873787315 42.3162680831789544
-78.7178717871787228 50.7548994141078111
-78.6978697869786998 19.1586080777401904
-78.6778677867786769 -1.2951033273225754
-78.6578657865786539 10.6643546776986256
-78.6378637863786309 45.6625209986392733
-78.6178617861786222 15.5084978660728527
-78.5978597859785992 43.9873951879598266
-78.5778577857785763 38.1060487484714372
-78.5578557855785533 65.3852691691230774
-78.5378537853785303 59.0220666416402651
-78.5178517851785216 11.9543077658553969
-78.4978497849784986 35.9558421502813133
-78.4778477847784757 27.6397287832039638
-78.4578457845784527 25.8986196311434789
-78.4378437843784297 24.0020634653441860
-78.4178417841784210 60.7460626297098685
-78.3978397839783980 28.5475255206311651
-78.3778377837783751 23.3043448620016385
-78.3578357835783521 8.9702588637663823
-78.3378337833783291 47.7062929959713813
-78.3178317831783204 -4.7080512051835406
-78.2978297829782974 35.8463023087357371
-78.2778277827782745 9.8919974107516886
-78.2578257825782515 37.8844554089221717
-78.2378237823782285 37.1957745732903149
-78.2178217821782198 29.0649528976785305
-78.1978197819781968 5.5312237578392640
-78.1778177817781739 18.3131496303739638
-78.1578157815781651 36.1948790467282464
-78.1378137813781279 24.7769855538692703
-78.1178117811781192 17.0180185834894360
-78.0978097809780962 45.1213089340286189
-78.0778077807780733 27.9202765829911463
-78.0578057805780645 14.4483047570745011
-78.0378037803780416 24.6058523961231899
-78.0178017801780186 40.5330322797955915
-77.9977997799779956 34.9639426384340268
-77.9777977797779727 22.8601179216730941
-77.9577957795779639 46.2438505723941660
-77.9377937793779410 8.1144612468269450
-77.9177917791779180 29.9176849585816313
-77.8977897789778950 36.6128012443300719
-77.8777877787778721 67.2132799327274029
-77.8577857785778633 16.8135939070931890
-77.8377837783778403 30.1910609296195602
-77.8177817781778174 25.9107816176209163
-77.7977797779777944 19.9346259923530837
-77.7777777777777715 62.2468144558706555
-77.7577757775777627 19.8752459883292829
-77.7377737773777397 26.2850028737590193
-77.7177717771777168 30.0400056855074524
-77.6977697769776938 24.6880023093711678
-77.6777677767776709 74.8092233019310555
-77.6577657765776621 48.5433715355465978
-77.6377637763776391 9.5737256212629553
-77.6177617761776162 71.3046898593224796
-77.5977597759775932 12.4935291929208674
-77.5777577757775703 24.9252920303189782
-77.5577557755775615 29.3989829114570433
-77.5377537753775385 23.0784539443054548
-77.5177517751775156 24.4038433336959670
-77.4977497749774926 22.7886565087934621
-77.4777477747774697 -10.3065690228303488
-77.4577457745774609 25.9081218948603613
-77.4377437743774379 22.2875941136349098
-77.4177417741774150 42.5824440766300896
-77.3977397739773920 29.4086305111424196
-77.3777377737773691 20.0729724637190898
-77.3577357735773603 11.8077838225972549
-77.3377337733773373 2.1121452058444561
-77.3177317731773144 48.2558886540053180
-77.2977297729772914 -14.7654430509706387
-77.2777277727772685 14.2755124500965458
-77.2577257725772597 43.4864175674411655
-77.2377237723772367 26.6420625580768089
-77.2177217721772138 32.7870396546514300
-77.1977197719772050 -5.2191061562893388
-77.1777177717771679 13.4036481245294290
-77.1577157715771591 26.3634679776467244
-77.1377137713771361 46.0919093776446616
-77.1177117711771132 49.0571763544777895
-77.0977097709771044 46.5170505231921823
-77.0777077707770815 20.5175990886520800
-77.0577057705770585 9.6625643776738137
-77.0377037703770355 39.9631306479674180
-77.0177017701770126 17.9149357476025273
-76.9976997699770038 10.5311203590310853
-76.9776977697769809 49.2278524674496225
-76.9576957695769579 60.4765473113578835
-76.9376937693769349 29.2744718515358571
-76.9176917691769120 34.4613980755291323
-76.8976897689769032 41.1608877099618624
-76.8776877687768803 48.6624561490840364
-76.8576857685768573 46.6524697409365814
-76.8376837683768343 28.0358764032499472
-76.8176817681768114 11.6606088023665926
-76.7976797679768026 46.7183827355153269
-76.7776777677767797 46.5977871478386518
-76.7576757675767567 31.5101843549163370
-76.7376737673767337 26.3132810122952492
-76.7176717671767108 32.3810726412470231
-76.6976697669767020 15.4990801542532104
-76.6776677667766791 2.2221841748191942
-76.6576657665766561 78.2435694396269668
-76.6376637663766331 16.9750395621219923
-76.6176617661766102 19.6976801436470836
-76.5976597659766014 3.8233159050090286
-76.5776577657765785 19.6970176364363283
-76.5576557655765555 6.4184000600265243
-76.5376537653765325 10.5616005685983616
-76.5176517651765096 42.2989480935505355
-76.4976497649765008 8.7053677729565848
-76.4776477647764779 46.2163439309916271
-76.4576457645764549 46.8554623409967306
-76.4376437643764319 13.3373256952365757
-76.4176417641764090 46.0686518549836848
-76.3976397639764002 54.1588845386518898
-76.3776377637763773 46.2503241028555863
-76.3576357635763543 52.8982411091643741
-76.3376337633763313 39.5787435289971441
-76.3176317631763084 30.5318497189432456
-76.2976297629762996 28.9191841194923356
-76.2776277627762767 26.4919526494040625
-76.2576257625762537 50.4148061314764533
-76.2376237623762449 36.6544988103669027
-76.2176217621762078 3.6079931441510311
-76.1976197619761990 57.8858238718664353
-76.1776177617761761 27.7531217703018136
-76.1576157615761531 41.5814121714060931
-76.1376137613761443 45.5850646711105725
-76.1176117611761214 2.7091305522925069
-76.0976097609760984 39.4526251414432423
-76.0776077607760755 -6.3679220554838203
-76.0576057605760525 45.2482307021027736
-76.0376037603760437 55.4837962681452410
-76.0176017601760208 34.2186457768212620
-75.9975997599759978 25.6208665659398029
-75.9775977597759749 39.7723803390299508
-75.9575957595759519 44.8428150173741571
-75.9375937593759431 26.9661264139367489
-75.9175917591759202 -1.3767890525699862
-75.8975897589758972 18.6871759012619307
-75.8775877587758742 59.9317403273469793
-75.8575857585758513 27.3035366201666392
-75.8375837583758425 62.3317839599966419
-75.8175817581758196 18.2989424911352714
-75.7975797579757966 72.4113496215575339
-75.7775777577757736 27.2840404538994932
-75.7575757575757507 64.7300660881912791
-75.7375737573757419 66.5861710902541262
-75.7175717571757190 65.4070662801375846
-75.6975697569756960 67.4224321129247244
-75.6775677567756730 30.8335970682036695
-75.6575657565756501 55.4490364345296314
-75.6375637563756413 38.6668691834020422
-75.6175617561756184 17.0132820207149109
-75.5975597559755954 68.1633119913585404
-75.5775577557755724 37.4345453207186978
-75.5575557555755495 8.4849005716476782
-75.5375537553755407 -2.3928121462625214
-75.5175517551755178 27.4181590363988548
-75.4975497549754948 43.7418753799135871
-75.4775477547754718 33.6913123905219791
-75.4575457545754489 26.3249726116829876
-75.4375437543754401 37.0889276278750657
-75.4175417541754172 31.3555551671217216
-75.3975397539753942 45.3997208204379490
-75.3775377537753712 29.2604841538500651
-75.3575357535753483 58.2854667985027106
-75.3375337533753395 53.6594380271388545
-75.3175317531753166 31.1333582485587392
-75.2975297529752936 26.7432570022755307
-75.2775277527752849 26.7932681022411288
-75.2575257525752477 38.8069621029688463
-75.2375237523752389 18.2678894548176665
-75.2175217521752160 57.3791840530783759
-75.1975197519751930 24.0451894542334870
-75.1775177517751843 33.8242545183223910
-75.1575157515751613 -8.6769855058143506
-75.1375137513751383 44.8834581290793153
-75.1175117511751154 32.4717330931277885
-75.0975097509750924 44.8662852976423068
-75.0775077507750837 42.8232805066855065
-75.0575057505750607 24.1938601597240037
-75.0375037503750377 42.6279022457209962
-75.0175017501750148 79.4260190924892413
-74.9974997499749918 15.3949476271718204
-74.9774977497749830 35.7486924781251929
-74.9574957495749601 44.7593851758345664
-74.9374937493749371 8.2150233952480569
-74.9174917491749142 52.8069686865621648
-74.8974897489748912 17.0744393482847769
-74.8774877487748824 31.1341219868733319
-74.8574857485748595 12.0774337937007736
-74.8374837483748365 39.3506902683124338
-74.8174817481748136 35.9235747952078839
-74.7974797479747906 31.3493282108828524
-74.7774777477747818 45.1019505246943169
-74.7574757475747589 26.4405155725680139
-74.7374737473747359 4.3250259263525130
-74.7174717471747130 62.6668153403265435
-74.6974697469746900 48.6670186922497763
-74.6774677467746812 14.9489462730044451
-74.6574657465746583 24.8492622697372667
-74.6374637463746353 14.4762340901523103
-74.6174617461746124 28.8235851339315019
-74.5974597459745894 12.2850526405227001
-74.5774577457745806 34.9639986247347778
-74.5574557455745577 36.8784386765868746
-74.5374537453745347 38.4139483317331667
-74.5174517451745118 43.3175788434905371
-74.4974497449744888 36.9895684674421048
-74.4774477447744800 16.4178243886784472
-74.4574457445744571 42.4174308073479693
-74.4374437443744341 -15.3002256994923655
-74.4174417441744112 18.8982935433764041
-74.3974397439743882 15.8006838935854717
-74.3774377437743794 37.3398448577899984
-74.3574357435743565 38.9910528578655686
-74.3374337433743335 49.5604928868498718
-74.3174317431743248 26.3054305516434859
-74.2974297429742876 73.5220796316713177
-74.2774277427742788 56.0929688581737622
-74.2574257425742559 4.0093567616874246
-74.2374237423742329 3.2033680358770802
-74.2174217421742242 21.8481568706229865
-74.1974197419742012 40.2413744393219304
-74.1774177417741782 33.0345746717979765
-74.1574157415741553 4.9687873338276667
-74.1374137413741323 38.2336915759120402
-74.1174117411741236 34.5284410845603702
-74.0974097409741006 73.8047563638828592
-74.0774077407740776 17.8737711370023007
-74.0574057405740547 52.4112241193287787
-74.0374037403740317 9.8257541619962510
-74.0174017401740230 37.1006692044530624
-73.9973997399740000 20.2131824719385520
-73.9773977397739770 -1.9375556473559925
-73.9573957395739541 -3.1214395466097997
-73.9373937393739311 25.7458269399957409
-73.9173917391739224 39.8706956580919325
-73.8973897389738994 17.0373533550006400
-73.8773877387738764 47.7396162041072216
-73.8573857385738535 18.6102344502579840
-73.8373837383738305 35.6569405917664639
-73.8173817381738218 21.1970480477784236
-73.7973797379737988 2.0547306161335150
-73.7773777377737758 31.2441199939290506
-73.7573757375737529 25.8995339850791524
-73.7373737373737299 51.6262487190146473
-73.7173717371737212 31.3955236480951072
-73.6973697369736982 43.1495349120982752
-73.6773677367736752 40.7222591923804202
-73.6573657365736523 26.1585065825749297
-73.6373637363736293 9.8512937425668206
-73.6173617361736206 43.8172182988559484
-73.5973597359735976 63.9906400460435876
-73.5773577357735746 24.1102001837368860
-73.5573557355735517 16.3322439680283722
-73.5373537353735287 -19.0453879261718768
-73.5173517351735200 44.9821069615976299
-73.4973497349734970 50.3080997324773449
-73.4773477347734740 -14.3893249503679641
-73.4573457345734511 12.9948287064441708
-73.4373437343734281 36.7365046048945914
-73.4173417341734194 36.3501448571708394
-73.3973397339733964 27.7331451118997947
-73.3773377337733734 36.7517967766460600
-73.3573357335733647 44.9791147778620086
-73.3373337333733275 33.0038496824486032
-73.3173317331733188 41.4878534576500613
-73.2973297329732958 47.8428285076614870
-73.2773277327732728 39.8916201563479049
-73.2573257325732641 48.3619466239730684
-73.2373237323732411 35.2443529455845947
-73.2173217321732182 -0.9220733092215028
-73.1973197319731952 6.7903612609145938
-73.1773177317731722 55.3979338252091793
-73.1573157315731635 38.3908530787883961
-73.1373137313731405 8.1566441924159960
-73.1173117311731176 38.1140783362870721
-73.0973097309730946 48.3216011067962512
-73.0773077307730716 52.6197456330741886
-73.0573057305730629 32.5761947434559147
-73.0373037303730399 3.3311279290542899
-73.0173017301730169 40.7274929659740010
-72.9972997299729940 6.6582822002275037
-72.9772977297729710 35.0986560201945039
-72.9572957295729623 39.0391441967650792
-72.9372937293729393 50.1590503963820282
-72.9172917291729163 46.0060248827748666
-72.8972897289728934 45.3205487379297622
-72.8772877287728704 26.2346150334406474
-72.8572857285728617 58.6737801170770510
-72.8372837283728387 -1.4958755829631727
-72.8172817281728157 56.9298010049889740
-72.7972797279727928 19.1079631093572182
-72.7772777277727698 11.4417728989886811
-72.7572757275727611 48.1901046937429101
-72.7372737273727381 12.6642699467746702
-72.7172717271727151 13.4556569264151342
-72.6972697269726922 47.5883067002119660
-72.6772677267726692 29.7558929915253714
-72.6572657265726605 4.4872477671799409
-72.6372637263726375 57.5289983960869193
-72.6172617261726145 44.9061562126060423
-72.5972597259725916 33.1037395962783805
-72.5772577257725686 43.4519139455004222
-72.5572557255725599 39.0882723734334618
-72.5372537253725369 47.9315211529879335
-72.5172517251725139 43.7556736415752496
-72.4972497249724910 3.8303500441263019
-72.4772477247724680 53.8280958199151414
-72.4572457245724593 20.3045974982351112
-72.4372437243724363 65.8177725963031008
-72.4172417241724133 49.4593595932662211
-72.3972397239724046 48.2859676431278757
-72.3772377237723674 9.9013855390735586
-72.3572357235723587 31.7524894530371533
-72.3372337233723357 57.0144447090906326
-72.3172317231723127 53.1906893192121473
-72.2972297229723040 13.6310136688805486
-72.2772277227722810 30.1803368153728826
-72.2572257225722581 28.3316685768709853
-72.2372237223722351 28.7372055780687852
-72.2172217221722121 46.8725850752328697
-72.1972197219722034 45.6714941673914652
-72.1772177217721804 41.3712688419786190
-72.1572157215721575 35.0260318717155599
-72.1372137213721345 20.8817326166802246
-72.1172117211721115 19.0807518141291581
-72.0972097209721028 26.8861787443300670
-72.0772077207720798 40.0103951117098333
-72.0572057205720569 41.4720135019941623
-72.0372037203720339 16.7250218550483005
-72.0172017201720109 41.1230060713389491
-71.9971997199720022 10.7765517142543281
-71.9771977197719792 55.1266863462872294
-71.9571957195719563 48.4052393704800537
-71.9371937193719333 16.1080622519072989
-71.9171917191719103 50.9792591486167126
-71.8971897189719016 18.8742176239097681
-71.8771877187718786 49.6477544299152100
-71.8571857185718557 46.4956060202174370
-71.8371837183718327 10.9088207119458822
-71.8171817181718097 -3.0031388842681288
-71.7971797179718010 65.1145986793529516
-71.7771777177717780 29.1802390912101366
-71.7571757175717551 9.1597165451895926
-71.7371737173717321 27.3290674448609145
-71.7171717171717091 47.4470844923077735
-71.6971697169717004 55.3548202385195083
-71.6771677167716774 25.9660736017407849
-71.6571657165716545 41.3902994889662708
-71.6371637163716315 25.7317369930237980
-71.6171617161716085 31.6189265726026925
-71.5971597159715998 37.8825454983600096
-71.5771577157715768 3.4595983787433404
-71.5571557155715539 62.7911251656411054
-71.5371537153715309 45.7885157342229974
-71.5171517151715079 61.1656759070675804
-71.4971497149714992 43.7033687745234616
-71.4771477147714762 57.8525357255056747
-71.4571457145714533 42.3037102177756168
-71.4371437143714445 29.6222327049683720
-71.4171417141714073 41.1561600522897848
-71.3971397139713986 37.8081308870114938
-71.3771377137713756 31.2847865457745655
-71.3571357135713527 43.7516086437190097
-71.3371337133713439 9.6241747973909710
-71.3171317131713209 32.4321170752194234
-71.2971297129712980 34.4373872222326085
-71.2771277127712750 27.3371797327536896
-71.2571257125712521 6.5997216123782501
-71.2371237123712433 44.1257442317475395
-71.2171217121712203 21.4469829287721581
-71.1971197119711974 47.6323959127671230
-71.1771177117711744 49.0046181084273087
-71.1571157115711515 22.2429559181459595
-71.1371137113711427 44.3971161712700280
-71.1171117111711197 18.9407380841559316
-71.0971097109710968 34.1124932478720595
-71.0771077107710738 9.7484021338810081
-71.0571057105710508 17.0939170133717759
-71.0371037103710421 24.8729019357168291
-71.0171017101710191 28.2642337461911701
-70.9970997099709962 52.5737805948463759
-70.9770977097709732 50.9458228764800154
-70.9570957095709502 72.7206891961377835
-70.9370937093709415 24.4385770714963044
-70.9170917091709185 70.4878262414193557
-70.8970897089708956 52.7045915290789750
-70.8770877087708726 26.0365743858012735
-70.8570857085708496 -5.1498337136477659
-70.8370837083708409 11.5023834359441750
-70.8170817081708179 41.1931732265329913
-70.7970797079707950 19.1054621201103494
-70.7770777077707720 47.6230935442860925
-70.7570757075707490 39.8269060955189289
-70.7370737073707403 32.8433054597683380
-70.7170717071707173 39.5419476597194404
-70.6970697069706944 47.5987176708495383
-70.6770677067706714 18.3411021856723480
-70.6570657065706484 25.4541935231174605
-70.6370637063706397 23.1966278159462078
-70.6170617061706167 21.3773066315434654
-70.5970597059705938 16.8617249292022251
-70.5770577057705708 3.7233678233880774
-70.5570557055705478 32.5603985978083585
-70.5370537053705391 -6.1425634678527317
-70.5170517051705161 18.2590073747535371
-70.4970497049704932 18.5695910229426531
-70.4770477047704844 67.5199245043276335
-70.4570457045704472 49.5703518092945075
-70.4370437043704385 11.7329343249353002
-70.4170417041704155 36.4948975394730013
-70.3970397039703926 42.3753268857222594
-70.3770377037703838 3.0385730171639622
-70.3570357035703609 49.0127561344300062
-70.3370337033703379 40.9989635118332814
-70.3170317031703149 30.4499070759705681
-70.2970297029702920 45.7821452162833111
-70.2770277027702832 33.5545447971102888
-70.2570257025702603 50.3182573062650818
-70.2370237023702373 54.2124219508945231
-70.2170217021702143 13.4337577599470457
-70.1970197019701914 61.2770601471791423
-70.1770177017701826 28.9423110503643954
-70.1570157015701596 46.9537971996122110
-70.1370137013701367 48.2013474377819051
-70.1170117011701137 30.5230728945853684
-70.0970097009700908 36.5228133090108216
-70.0770077007700820 35.8542752814511942
-70.0570057005700590 22.2341376300758391
-70.0370037003700361 13.2716127322858384
-70.0170017001700131 22.2754698771402175
-69.9969996999699902 17.1777619751599104
-69.9769976997699814 12.0434213784826021
-69.9569956995699584 17.5489944656145127
-69.9369936993699355 34.0477624863257660
-69.9169916991699125 13.4690701335967589
-69.8969896989698896 27.9965103976132603
-69.8769876987698808 39.0642529889189376
-69.8569856985698578 50.3794524921133018
-69.8369836983698349 36.2179362589291287
-69.8169816981698119 20.1927662242332175
-69.7969796979697890 62.3186003757270583
-69.7769776977697802 60.0659807210115204
-69.7569756975697572 28.6009766719013072
-69.7369736973697343 -8.6805025949730812
-69.7169716971697113 -0.6324714167583885
-69.6969696969696884 20.2481706348721282
-69.6769676967696796 29.0773882157774715
-69.6569656965696566 0.2608832562621330
-69.6369636963696337 29.0269829119621861
-69.6169616961696107 -13.2619724572819422
-69.5969596959695878 16.6769240669028349
-69.5769576957695790 22.5872525639825881
-69.5569556955695560 47.4809128611283455
-69.5369536953695331 31.9824670697853968
-69.5169516951695243 29.4191107447367521
-69.4969496949694872 15.2283916096075522
-69.4769476947694784 56.2512334649734171
-69.4569456945694554 47.0410161863326266
-69.4369436943694325 18.7235333798865327
-69.4169416941694237 8.6911655512904389
-69.3969396939694008 49.6462007682096313
-69.3769376937693778 43.3994165951595718
-69.3569356935693548 75.3571847374079908
-69.3369336933693319 11.9015129843563656
-69.3169316931693231 29.7795928077950087
-69.2969296929693002 4.4827337314060856
-69.2769276927692772 37.0247127255256316
-69.2569256925692542 47.2956396288014531
-69.2369236923692313 17.6934592146285610
-69.2169216921692225 37.5770064057360287
-69.1969196919691996 37.4976844557862847
-69.1769176917691766 49.2197462632853231
-69.1569156915691536 22.7288877231386266
-69.1369136913691307 28.0360506552152131
-69.1169116911691219 48.3390886851347119
-69.0969096909690990 18.1777736918612050
-69.0769076907690760 43.7319267490095953
-69.0569056905690530 39.5856835460421763
-69.0369036903690301 16.3616304261192340
-69.0169016901690213 33.1529981030461585
-68.9968996899689984 24.9657352443361376
-68.9768976897689754 3.8386810061941823
-68.9568956895689524 6.8928187247247763
-68.9368936893689295 -17.5052883986409178
-68.9168916891689207 23.5691736439957147
-68.8968896889688978 34.3872016514282350
-68.8768876887688748 56.6016651467317189
-68.8568856885688518 33.7295050797411022
-68.8368836883688289 25.8863919166754215
-68.8168816881688201 42.3656605842363305
-68.7968796879687972 15.4829879207243994
-68.7768776877687742 14.0255873964554869
-68.7568756875687512 43.7145283624816159
-68.7368736873687283 1.0096179499068043
-68.7168716871687195 7.2753802925691957
-68.6968696869686966 50.0347344037985238
-68.6768676867686736 31.4587595793164603
-68.6568656865686506 16.3929820306743643
-68.6368636863686277 27.4424973886367738
-68.6168616861686189 35.5734055183100111
-68.5968596859685960 47.3381478149871242
-68.5768576857685730 67.3364012089239168
-68.5568556855685500 37.0551093384707428
-68.5368536853685271 -0.8933391624455993
-68.5168516851685183 44.4403031495943424
-68.4968496849684954 24.6141147062958510
-68.4768476847684724 -2.8513163850064842
-68.4568456845684636 -3.7995131515435716
-68.4368436843684265 18.8005204414445828
-68.4168416841684177 5.9885348200704591
-68.3968396839683948 27.7786860831951472
-68.3768376837683718 55.3986483820063427
-68.3568356835683630 70.4842834528974294
-68.3368336833683401 34.1351832044844556
-68.3168316831683171 12.7127706735770669
-68.2968296829682942 36.1945466516967471
-68.2768276827682712 7.1118487739194052
-68.2568256825682624 13.9246172160975803
-68.2368236823682395 21.2383554275132553
-68.2168216821682165 26.7863595910481287
-68.1968196819681935 25.2048961247453143
-68.1768176817681706 -6.2983731972386963
-68.1568156815681618 35.0627633173426574
-68.1368136813681389 41.2158600774694577
-68.1168116811681159 26.7922452555548425
-68.0968096809680929 36.5550549949875290
-68.0768076807680700 41.0463684914923519
-68.0568056805680612 31.9309313894935727
-68.0368036803680383 45.3900125614964480
-68.0168016801680153 55.2210566016449036
-67.9967996799679923 17.9582723264828736
-67.9767976797679694 27.0517447926035857
-67.9567956795679606 27.2968292057293986
-67.9367936793679377 22.4214414142335379
-67.9167916791679147 29.6134025297793677
-67.8967896789678917 16.8710364194251383
-67.8767876787678688 12.7389612616296990
-67.8567856785678600 33.5001782137814743
-67.8367836783678371 55.0730116544882904
-67.8167816781678141 17.5431406298631458
-67.7967796779678054 11.3728872267283876
-67.7767776777677682 28.0506161291105549
-67.7567756775677594 20.8390562051119730
-67.7367736773677365 54.2012403485017416
-67.7167716771677135 13.5344344575374045
-67.6967696769677048 37.8677487867831957
-67.6767676767676676 48.2241588735893458
-67.6567656765676588 22.5917612212720549
-67.6367636763676359 38.1616998654609603
-67.6167616761676129 25.5013906996149586
-67.5967596759676042 18.2117873567079158
-67.5767576757675670 15.0215400632199252
-67.5567556755675582 14.7622824913247861
-67.5367536753675353 73.6298078910511293
-67.5167516751675123 31.5299040053040933
-67.4967496749675036 19.0337480241061527
-67.4767476747674664 52.7850616202540763
-67.4567456745674576 29.0217666612659961
-67.4367436743674347 16.3786785045838954
-67.4167416741674117 36.4921636261049613
-67.3967396739674030 28.7442261717866465
-67.3767376737673658 48.9839012502960429
-67.3567356735673570 27.8027143043348950
-67.3367336733673341 6.1550288384693630
-67.3167316731673111 15.9766205072771434
-67.2967296729673023 26.0073737928724213
-67.2767276727672652 27.3258757468654636
-67.2567256725672564 46.9930787801928602
-67.2367236723672335 53.3470817473648253
-67.2167216721672105 12.6497369424042851
-67.1967196719672017 18.7643819843775077
-67.1767176717671646 4.7405552768193253
-67.1567156715671558 -2.4433588455098594
-67.1367136713671329 -12.9489226943700260
-67.1167116711671099 4.5934183825282489
-67.0967096709671011 57.8137960780955495
-67.0767076707670782 72.8770791202930042
-67.0567056705670552 4.0496721987858280
-67.0367036703670323 27.7788146439388903
-67.0167016701670093 8.2521141362225379
-66.9966996699670005 2.0268114124049603
-66.9766976697669776 26.5722699388150048
-66.9566956695669546 23.3582249872832008
-66.9366936693669317 46.4015856655409280
-66.9166916691669087 26.5387948047151419
-66.8966896689668999 52.3115329732692516
-66.8766876687668770 38.1270318623257864
-66.8566856685668540 32.6175322108434500
-66.8366836683668453 -5.3689724477156240
-66.8166816681668081 24.6569484581804979
-66.7966796679667993 24.4293726472317836
-66.7766776677667764 7.9016873042768125
-66.7566756675667534 34.1637787378733364
-66.7366736673667447 8.9343398439416113
-66.7166716671667075 36.5105768473827226
-66.6966696669666987 55.4777502609178583
-66.6766676667666758 35.6706942982172563
-66.6566656665666528 49.4907425301418584
-66.6366636663666441 6.9520729829421981
-66.6166616661666069 26.3218784078360351
-66.5966596659665981 6.3538350019041090
-66.5766576657665752 31.0953469568246845
-66.5566556655665522 62.0107227598223005
-66.5366536653665435 43.6920025351852104
-66.5166516651665063 24.3819746614704300
-66.4966496649664975 28.3168187256953559
-66.4766476647664746 16.2445860779017721
-66.4566456645664516 32.5748263337387698
-66.4366436643664429 24.8610020274099099
-66.4166416641664057 17.7223640937719509
-66.3966396639663969 13.6185012564423928
-66.3766376637663740 -4.2116120761648119
-66.3566356635663510 55.8184813995254601
-66.3366336633663423 13.1526750387437588
-66.3166316631663051 36.4312448690267985
-66.2966296629662963 35.6264712736803659
-66.2766276627662734 55.5785553345370431
-66.2566256625662504 2.6580357159713195
-66.2366236623662417 21.2719323064983925
-66.2166216621662045 30.2885182241135666
-66.1966196619661957 8.6395144880030443
-66.1766176617661728 -33.1983319505389716
-66.1566156615661498 6.0673141821312626
-66.1366136613661411 39.9559683220208726
-66.1166116611661181 42.3197188269232782
-66.0966096609660951 19.5422231917331075
-66.0766076607660722 34.6011682869694042
-66.0566056605660492 48.7272563810388206
-66.0366036603660405 15.2329861142015464
-66.0166016601660175 18.1610647782004548
-65.9965996599659945 23.6311592280995342
-65.9765976597659716 51.0609941480004750
-65.9565956595659486 26.5159218759581385
-65.9365936593659399 20.9858761876369933
-65.9165916591659169 25.9486092952654772
-65.8965896589658939 40.8066131292725487
-65.8765876587658852 23.3663712995531547
-65.8565856585658480 37.9198184576433448
-65.8365836583658393 -9.5771773782977725
-65.8165816581658163 56.3953513016809822
-65.7965796579657933 14.3295024870876198
-65.7765776577657846 10.7107554076273424
-65.7565756575657474 23.9307141561742540
-65.7365736573657387 1.8799568235978619
-65.7165716571657157 16.9096523008901727
-65.6965696569656927 36.2479349769961843
-65.6765676567656840 39.5772424573270811
-65.6565656565656468 0.7355576858522426
-65.6365636563656381 41.8211041421435539
-65.6165616561656151 -40.8026795275369096
-65.5965596559655921 7.6400734191965611
-65.5765576557655834 4.5423231261894195
-65.5565556555655462 4.4832170703040681
-65.5365536553655375 35.8696205707599773
-65.5165516551655145 -18.1065923368931685
-65.4965496549654915 44.6250668135481732
-65.4765476547654828 15.8421391439998835
-65.4565456545654456 36.1155938519401971
-65.4365436543654369 37.6785596293630931
-65.4165416541654139 5.6215418811652746
-65.3965396539653909 49.1680918042373492
-65.3765376537653822 32.2085897787908664
-65.3565356535653450 46.0368307666038845
-65.3365336533653362 18.9821371387756983
-65.3165316531653133 13.3418694253605405
-65.2965296529652903 17.5482669722038835
-65.2765276527652816 18.5103059482495809
-65.2565256525652444 34.3466288557527406
-65.2365236523652356 19.7466128702280130
-65.2165216521652127 28.5069084101369405
-65.1965196519651897 -0.2582632162677960
-65.1765176517651810 4.3156880555868931
-65.1565156515651580 24.7288358221834699
-65.1365136513651350 29.3814653435646136
-65.1165116511651121 16.9574003875005843
-65.0965096509650891 32.2329598779937498
-65.0765076507650804 52.6405952543159401
-65.0565056505650574 -2.7117023288181841
-65.0365036503650344 61.4030447927836391
-65.0165016501650115 8.8010954117412918
-64.9964996499649885 -13.2641411201424226
-64.9764976497649798 35.2422915174624194
-64.9564956495649568 18.6424947648547068
-64.9364936493649338 61.3513177758410322
-64.9164916491649251 28.4600250723528170
-64.8964896489648879 12.1393003124375607
-64.8764876487648792 42.1072722412763341
-64.8564856485648562 38.7775531330658225
-64.8364836483648332 15.7378561185831991
-64.8164816481648245 7.2247485744180757
-64.7964796479647873 15.7380888416281000
-64.7764776477647786 73.7910648740781028
-64.7564756475647556 29.1235504596778050
-64.7364736473647326 36.2032303002453801
-64.7164716471647239 35.9804629075352480
-64.6964696469646867 27.1599061510902224
-64.6764676467646780 2.2820860295577106
-64.6564656465646550 32.9328728563030637
-64.6364636463646320 59.3554448928304623
-64.6164616461646233 6.0389463929377705
-64.5964596459645861 39.2375697187583583
-64.5764576457645774 -8.0074967278479576
-64.5564556455645544 27.6429088469632411
-64.5364536453645314 23.3453857358156860
-64.5164516451645227 54.6319547764109430
-64.4964496449644855 44.3874084646711182
-64.4764476447644768 22.2735573170024459
-64.4564456445644538 31.7504957873053542
-64.4364436443644308 26.0450547682388809
-64.4164416441644221 3.8793524989695669
-64.3964396439643849 67.3671355336188071
-64.3764376437643762 24.0885972242289839
-64.3564356435643532 21.5519495979007232
-64.3364336433643302 33.1174168324104841
-64.3164316431643215 60.1298105250424726
-64.2964296429642843 38.2350371053104254
-64.2764276427642756 38.1114549312328137
-64.2564256425642526 30.4503981708764009
-64.2364236423642296 13.5334568175430281
-64.2164216421642209 30.5917148830681533
-64.1964196419641979 29.6891758320300383
-64.1764176417641750 15.9243397702588698
-64.1564156415641520 22.2945759000886383
-64.1364136413641290 -20.7434630791239023
-64.1164116411641203 31.3246818279972175
-64.0964096409640973 8.7950130731253182
-64.0764076407640744 47.1442161098387373
-64.0564056405640514 28.2119659130950708
-64.0364036403640284 20.7457302864937354
-64.0164016401640197 -20.0712875332823764
-63.9963996399639967 41.3230694200402056
-63.9763976397639738 34.3783542804724220
-63.9563956395639579 17.5301444324350051
-63.9363936393639349 28.2648904266573808
-63.9163916391639120 40.9413201557592430
-63.8963896389638961 34.3978220020432772
-63.8763876387638732 45.2785969667219206
-63.8563856385638573 23.6463204013983379
-63.8363836383638343 33.1468531199314285
-63.8163816381638114 43.0074407619629966
-63.7963796379637955 30.6378603111701082
-63.7763776377637726 75.9576757069437463
-63.7563756375637567 46.7389682434876619
-63.7363736373637337 11.2179141904781883
-63.7163716371637179 4.1381398105719285
-63.6963696369636949 10.7843862779662700
-63.6763676367636720 55.4691544219502504
-63.6563656365636561 25.8954911133870063
-63.6363636363636331 -4.2643260200191406
-63.6163616361636173 13.5360186325716221
-63.5963596359635943 8.9710011575791242
-63.5763576357635714 29.6849078561869355
-63.5563556355635555 42.0364741213249644
-63.5363536353635325 3.7433121596606647
-63.5163516351635167 24.7223713001377163
-63.4963496349634937 16.0887427805934671
-63.4763476347634779 14.8228918627111277
-63.4563456345634549 -11.6023933435135547
-63.4363436343634319 40.0543029110086906
-63.4163416341634161 -9.6985209324330306
-63.3963396339633931 14.1472757632048385
-63.3763376337633773 43.6996748345212751
-63.3563356335633543 13.0586219436954423
-63.3363336333633313 -11.6656810691511161
-63.3163316331633155 -25.2050833648559447
-63.2963296329632925 -15.0360331707463217
-63.2763276327632767 -4.1734598914239314
-63.2563256325632537 13.0327817601063156
-63.2363236323632378 8.4167753757146233
-63.2163216321632149 -20.2912947960834522
-63.1963196319631919 -33.9616705255985494
-63.1763176317631761 68.9276778703001298
-63.1563156315631531 18.2190827722582505
-63.1363136313631372 65.5459009251881213
-63.1163116311631143 29.3258465349705162
-63.0963096309630913 29.0745708448887612
-63.0763076307630755 60.1332088882273368
-63.0563056305630525 23.0912806517508109
-63.0363036303630366 6.0420562955680968
-63.0163016301630137 47.7474861916592062
-62.9962996299629978 34.7898356393395218
-62.9762976297629749 6.2485160746395803
-62.9562956295629519 32.3138551131064276
-62.9362936293629360 27.5921180303176463
-62.9162916291629131 23.5620404568330990
-62.8962896289628972 31.5011189242090595
-62.8762876287628742 -4.9058833165179649
-62.8562856285628513 1.6408678504706131
-62.8362836283628354 17.6366329605815864
-62.8162816281628125 40.3985797978437660
-62.7962796279627966 11.2969561849548850
-62.7762776277627736 7.4124201612499867
-62.7562756275627578 19.7143526453428457
-62.7362736273627348 19.5979322293642646
-62.7162716271627119 31.3671510835498566
-62.6962696269626960 7.5658002926197856
-62.6762676267626730 13.6084020658950884
-62.6562656265626572 29.3451676248056046
-62.6362636263626342 13.1863284276841490
-62.6162616261626113 5.5640338129491216
-62.5962596259625954 23.5456742189188475
-62.5762576257625724 -3.7976756173428399
-62.5562556255625566 37.1323292681794896
-62.5362536253625336 14.1951709944717219
-62.5162516251625178 2.4454390265693355
-62.4962496249624948 19.5356636996240525
-62.4762476247624718 7.4434076690131707
-62.4562456245624560 10.6596113029101609
-62.4362436243624330 9.8780892041218600
-62.4162416241624172 8.4705983804892675
-62.3962396239623942 10.9648252604239591
-62.3762376237623712 18.2689810885768189
-62.3562356235623554 8.5212718927777633
-62.3362336233623324 17.0296670615875421
-62.3162316231623166 11.8440995667560784
-62.2962296229622936 -1.2626477051933804
-62.2762276227622777 27.0649364439859994
-62.2562256225622548 51.0422109314904873
-62.2362236223622318 20.7866507541694361
-62.2162216221622160 33.6783356851978297
-62.1962196219621930 -15.5859875329512043
-62.1762176217621771 -5.7760473203145324
-62.1562156215621542 21.3132176144942456
-62.1362136213621312 13.1986358658722978
-62.1162116211621154 23.2777234350850009
-62.0962096209620924 74.7418809118855165
-62.0762076207620765 16.2312446990348818
-62.0562056205620536 20.9963470217608368
-62.0362036203620377 50.5748485359120110
-62.0162016201620148 64.6324814264138610
-61.9961996199619918 11.7678388235061675
-61.9761976197619759 -8.4673126564188372
-61.9561956195619530 36.4932939383429584
-61.9361936193619371 23.4482716679426062
-61.9161916191619142 10.3956217247836289
-61.8961896189618912 13.9651085215094390
-61.8761876187618753 6.7018767444302725
-61.8561856185618524 -0.5010787816864273
-61.8361836183618365 75.1379823547571704
-61.8161816181618136 26.4154344867367641
-61.7961796179617977 -12.5618416311496262
-61.7761776177617747 -7.0583711215191407
-61.7561756175617518 58.7473435497681891
-61.7361736173617359 -15.1833680805721265
-61.7161716171617130 13.0296296675748025
-61.6961696169616971 0.7605825745422763
-61.6761676167616741 30.2563001458564642
-61.6561656165616512 50.2692779437780288
-61.6361636163616353 16.8545990292055912
-61.6161616161616124 -1.9940431801761775
-61.5961596159615965 9.7362599104168552
-61.5761576157615735 20.4320144955679233
-61.5561556155615577 45.8672158782700947
-61.5361536153615347 27.7765635886931719
-61.5161516151615118 6.0514324473002823
-61.4961496149614959 1.9597636660302875
-61.4761476147614729 2.5285746571956729
-61.4561456145614571 11.0668605884566915
-61.4361436143614341 20.5158964126852439
-61.4161416141614112 -31.4506733618533296
-61.3961396139613953 5.6366879959083445
-61.3761376137613723 19.8720871114741904
-61.3561356135613565 19.3110025807521986
-61.3361336133613335 -22.8420514090496809
-61.3161316131613177 18.0665161348185990
-61.2961296129612947 26.2617820789655987
-61.2761276127612717 8.1295501577916394
-61.2561256125612559 11.4137627547427805
-61.2361236123612329 20.9220169748217195
-61.2161216121612171 44.7528188877272726
-61.1961196119611941 30.6620321065357047
-61.1761176117611711 28.6569536125407112
-61.1561156115611553 -10.4681652626254476
-61.1361136113611323 32.6181053451804246
-61.1161116111611165 18.0587434524728643
-61.0961096109610935 31.6310612830869005
-61.0761076107610776 24.8581508806938061
-61.0561056105610547 10.0881243303073234
-61.0361036103610317 6.5203450661595230
-61.0161016101610159 31.1984101583280662
-60.9960996099609929 30.0166679230822169
-60.9760976097609770 34.6895165503266725
-60.9560956095609541 4.7431743787632907
-60.9360936093609311 -10.3856737839543811
-60.9160916091609153 11.8197606780761433
-60.8960896089608923 30.4922417801767907
-60.8760876087608764 8.9976023377627232
-60.8560856085608535 13.6196376836776807
-60.8360836083608376 12.5810614840962778
-60.8160816081608147 23.4559041371854704
-60.7960796079607917 27.1485224087650536
-60.7760776077607758 12.7276215852025754
-60.7560756075607529 -0.8585820694425799
-60.7360736073607370 17.2200792567736940
-60.7160716071607141 2.5860949954550509
-60.6960696069606911 26.9322597267454356
-60.6760676067606752 24.6801613467519658
-60.6560656065606523 4.7654706745844404
-60.6360636063606364 25.8589737257777195
-60.6160616061606135 25.7513533163810244
-60.5960596059605976 15.9209416390948633
-60.5760576057605746 26.4228113228746047
-60.5560556055605517 29.3251641714880087
-60.5360536053605358 -16.0788936898445129
-60.5160516051605128 12.5330140686312550
-60.4960496049604970 41.6433094675859365
-60.4760476047604740 30.8991172485005379
-60.4560456045604511 -19.3725392876239368
-60.4360436043604352 33.2890581909849033
-60.4160416041604122 36.7718647176718036
-60.3960396039603964 27.3505416015116367
-60.3760376037603734 15.9687995133386451
-60.3560356035603576 25.0723306554722924
-60.3360336033603346 29.6415266750814403
-60.3160316031603116 10.4177066432185619
-60.2960296029602958 11.7027819816860763
-60.2760276027602728 34.3553057309643322
-60.2560256025602570 7.6306228276279136
-60.2360236023602340 28.8678153237977213
-60.2160216021602110 -15.9412830489810986
-60.1960196019601952 31.5618428758837659
-60.1760176017601722 -11.6971223302415588
-60.1560156015601564 27.5006095427685970
-60.1360136013601334 79.6039592957183544
-60.1160116011601176 33.9716948486464361
-60.0960096009600946 -10.9889112948179495
-60.0760076007600716 12.9684878094680869
-60.0560056005600558 14.0040988937749589
-60.0360036003600328 1.7883961974754019
-60.0160016001600169 42.4115225165316119
-59.9959995999599940 35.3655207185198748
-59.9759975997599710 -3.8765536572524546
-59.9559955995599552 13.2235738183040290
-59.9359935993599322 -10.0816340432908156
-59.9159915991599163 28.4032602635429932
-59.8959895989598934 11.8559199607197598
-59.8759875987598775 43.0193581278930282
-59.8559855985598546 27.7090465004554751
-59.8359835983598316 33.9537843492006104
-59.8159815981598157 56.3927752413812726
-59.7959795979597928 -12.6114822624934071
-59.7759775977597769 9.7117856462015766
-59.7559755975597540 11.4337222276262303
-59.7359735973597310 -4.6081408016814827
-59.7159715971597151 32.1275792324980216
-59.6959695969596922 31.4813787418312359
-59.6759675967596763 25.7201862402112766
-59.6559655965596534 11.5402916784747127
-59.6359635963596375 17.7429978919315587
-59.6159615961596145 24.2659371839231355
-59.5959595959595916 42.2375141659383218
-59.5759575957595757 40.4898341362389687
-59.5559555955595528 -1.2617760550206860
-59.5359535953595369 14.5117810439759420
-59.5159515951595139 22.3822652015070247
-59.4959495949594910 -12.1670209208033810
-59.4759475947594751 34.7444915020562917
-59.4559455945594522 16.2314677161020349
-59.4359435943594363 45.9901482890484061
-59.4159415941594133 36.9242769562930278
-59.3959395939593975 4.3259937299363074
-59.3759375937593745 24.3180313362772864
-59.3559355935593516 -5.9725638190383901
-59.3359335933593357 -4.2680032520173707
-59.3159315931593127 31.8315141418341696
-59.2959295929592969 61.2923576100605842
-59.2759275927592739 16.5876555684168210
-59.2559255925592510 -2.1095351386239987
-59.2359235923592351 6.4025503812818183
-59.2159215921592121 31.8763665099284630
-59.1959195919591963 19.5038597395863569
-59.1759175917591733 3.7333642723036444
-59.1559155915591575 23.0950042112115526
-59.1359135913591345 -1.0095285848693649
-59.1159115911591115 13.8098769750238777
-59.0959095909590957 12.2874485586246571
-59.0759075907590727 27.4485052920612347
-59.0559055905590569 27.0281512635326351
-59.0359035903590339 24.2032817777803118
-59.0159015901590109 8.8131918344873128
-58.9958995899589951 23.6265354804077781
-58.9758975897589721 15.4932048005171374
-58.9558955895589563 24.8214500423728452
-58.9358935893589333 1.4254302610042764
-58.9158915891589103 6.8692205969281179
-58.8958895889588945 43.5863836593482148
-58.8758875887588715 34.3230395741852519
-58.8558855885588557 23.4547620792330029
-58.8358835883588327 30.4070806075761197
-58.8158815881588168 37.8979028609443915
-58.7958795879587939 -12.3231639084498443
-58.7758775877587709 -21.1906470728035501
-58.7558755875587551 16.2471920423901111
-58.7358735873587321 -5.5297101455195943
-58.7158715871587162 -11.0030110456653283
-58.6958695869586933 11.8290648320301628
-58.6758675867586703 34.7417290794795335
-58.6558655865586545 -1.9582520658377209
-58.6358635863586315 32.1558568260816173
-58.6158615861586156 15.0945203229438203
-58.5958595859585927 12.2832040936083580
-58.5758575857585768 52.2258504547611579
-58.5558555855585539 8.2890094518541400
-58.5358535853585309 7.3061090880155026
-58.5158515851585150 -3.9209069982977933
-58.4958495849584921 -0.9975298330541857
-58.4758475847584762 27.1550924312278923
-58.4558455845584533 -5.7618320532797629
-58.4358435843584303 25.5304701444295681
-58.4158415841584144 12.9817429396711397
-58.3958395839583915 16.8630104135370829
-58.3758375837583756 34.7303127594037306
-58.3558355835583527 9.0000224642248217
-58.3358335833583368 25.2914164020486041
-58.3158315831583138 56.2718034072399647
-58.2958295829582909 27.3632225667299451
-58.2758275827582750 25.0765247789432024
-58.2558255825582521 30.5414695279629669
-58.2358235823582362 12.1630244040359603
-58.2158215821582132 1.3036403394006459
-58.1958195819581903 -18.5146519760080324
-58.1758175817581744 -2.5594363798928761
-58.1558155815581515 22.5322075263910619
-58.1358135813581356 6.5368376234902987
-58.1158115811581126 21.8016141988673979
-58.0958095809580968 39.7513737942514496
-58.0758075807580738 13.7970738074615742
-58.0558055805580508 14.5980106335834989
-58.0358035803580350 37.3581420537776623
-58.0158015801580120 8.8697640467759449
-57.9957995799579962 54.4949677954600276
-57.9757975797579732 19.2127630565777423
-57.9557955795579502 6.7852379820505071
-57.9357935793579344 -23.3543167640152660
-57.9157915791579114 13.1745090895772599
-57.8957895789578956 30.6249540975963725
-57.8757875787578726 2.6379432306320147
-57.8557855785578568 23.8912527346398029
-57.8357835783578338 8.4408477395813613
-57.8157815781578108 11.1565240066164399
-57.7957795779577950 34.4195925029203735
-57.7757775777577720 -0.0192315465885713
-57.7557755775577562 16.3074368229140845
-57.7357735773577332 30.9027424614571586
-57.7157715771577102 17.4978370246293586
-57.6957695769576944 25.1479902416180039
-57.6757675767576714 30.2630875283332443
-57.6557655765576555 -6.1627997216229211
-57.6357635763576326 17.1454871169052865
-57.6157615761576167 -8.8407251604495833
-57.5957595759575938 2.5072057841927364
-57.5757575757575708 1.5902281666798537
-57.5557555755575549 6.9532531180867698
-57.5357535753575320 40.5310137631172225
-57.5157515751575161 -3.2226067962916787
-57.4957495749574932 16.4612226165892395
-57.4757475747574702 67.0421177671917548
-57.4557455745574543 4.1189678385489277
-57.4357435743574314 3.2885058801186506
-57.4157415741574155 -1.1971296391375983
-57.3957395739573926 18.6662699919352626
-57.3757375737573767 20.9888533626224678
-57.3557355735573537 19.7039344957284541
-57.3357335733573308 24.9765219177179745
-57.3157315731573149 16.4605760657230640
-57.2957295729572920 37.1186546595568245
-57.2757275727572761 9.0574330598565442
-57.2557255725572531 13.7977573157247235
-57.2357235723572302 -10.1362409799842688
-57.2157215721572143 19.9275075881927073
-57.1957195719571914 11.0007192538551077
-57.1757175717571755 22.5987340630832136
-57.1557155715571525 -3.9250895295179813
-57.1357135713571367 -18.8804477427939972
-57.1157115711571137 27.7440068477413107
-57.0957095709570908 8.4600198366205213
-57.0757075707570749 18.8100808580938725
-57.0557055705570519 34.0958695026683074
-57.0357035703570361 -15.7257397866673596
-57.0157015701570131 -6.3048973282634275
-56.9956995699569902 11.7970417488791206
-56.9756975697569743 -6.2206555446149654
-56.9556955695569513 4.8074250926662367
-56.9356935693569355 9.1900473308599615
-56.9156915691569125 23.4542151268632502
-56.8956895689568967 -29.9187401227986598
-56.8756875687568737 40.8151569904327189
-56.8556855685568507 19.3746584769525043
-56.8356835683568349 -2.3966004930795730
-56.8156815681568119 17.7324188982671735
-56.7956795679567961 10.3312450056627601
-56.7756775677567731 -24.6379714314770268
-56.7556755675567501 34.6070601316511954
-56.7356735673567343 59.0878056526400073
-56.7156715671567113 -18.0505585774945132
-56.6956695669566955 21.7303152871501979
-56.6756675667566725 -5.7369441466124584
-56.6556655665566566 17.4408984703386025
-56.6356635663566337 20.3432345834612143
-56.6156615661566107 34.1634840775381505
-56.5956595659565949 27.2919814217108225
-56.5756575657565719 6.1310267721575293
-56.5556555655565560 7.7946314656823787
-56.5356535653565331 5.5070385531782637
-56.5156515651565101 15.5022764781784090
-56.4956495649564943 14.5767377286432804
-56.4756475647564713 29.7041216164179573
-56.4556455645564554 13.2410505903272728
-56.4356435643564325 -3.4555319649217449
-56.4156415641564166 -11.4258725795706333
-56.3956395639563937 37.6239880472635804
-56.3756375637563707 6.9001395201326625
-56.3556355635563548 17.4411165598821434
-56.3356335633563319 -1.7265788559036608
-56.3156315631563160 22.9394071728351676
-56.2956295629562931 1.7280681484520972
-56.2756275627562701 15.3356465115867344
-56.2556255625562542 54.0323242223804527
-56.2356235623562313 12.5439245667663233
-56.2156215621562154 12.6126450929004132
-56.1956195619561925 16.3712632248633163
-56.1756175617561766 4.5311909990424688
-56.1556155615561536 11.8859127779039380
-56.1356135613561307 14.0347604597589548
-56.1156115611561148 -0.5432595751997074
-56.0956095609560919 6.3280400748645436
-56.0756075607560760 -17.6183950296741898
-56.0556055605560530 -22.6871663661231970
-56.0356035603560301 -16.2277018595837141
-56.0156015601560142 22.8920874775250844
-55.9955995599559913 8.2598835783411388
-55.9755975597559754 27.7007234162108844
-55.9555955595559524 1.9704519263661684
-55.9355935593559366 35.9831216859523124
-55.9155915591559136 34.9029711486957765
-55.8955895589558907 38.3582918878852013
-55.8755875587558748 16.5735753075347461
-55.8555855585558518 33.7727113480816570
-55.8355835583558360 16.6804806583104970
-55.8155815581558130 11.8727005919207294
-55.7955795579557901 26.6594225202851547
-55.7755775577557742 -30.0266564308264847
-55.7555755575557512 -13.5163151426576693
-55.7355735573557354 9.6022728264278072
-55.7155715571557124 55.0842867510941403
-55.6955695569556966 16.3200565084304259
-55.6755675567556736 3.2123396801082205
-55.6555655565556506 9.8739226919346681
-55.6355635563556348 -28.4372963791991999
-55.6155615561556118 6.9714681645449437
-55.5955595559555960 51.0445334156473791
-55.5755575557555730 15.3487717037954567
-55.5555555555555500 33.9480049002846442
-55.5355535553555342 32.7414680479158164
-55.5155515551555112 -16.1668352751064006
-55.4955495549554954 16.8556935283995060
-55.4755475547554724 4.3075504658354324
-55.4555455545554565 10.0887239633464851
-55.4355435543554336 32.6984378302858545
-55.4155415541554106 9.1540991127016813
-55.3955395539553948 9.9922674258303203
-55.3755375537553718 29.9805534629018169
-55.3555355535553559 27.0043420161960981
-55.3355335533553330 20.8690178661725199
-55.3155315531553100 24.4503182997057067
-55.2955295529552942 35.6633220676587399
-55.2755275527552712 -5.6177522225448211
-55.2555255525552553 38.3753754753474752
-55.2355235523552324 5.2810597306836069
-55.2155215521552165 8.9305086205611257
-55.1955195519551935 29.3416658405401378
-55.1755175517551706 -14.8901839434982328
-55.1555155515551547 -8.5561588812812452
-55.1355135513551318 -29.2103233510789906
-55.1155115511551159 0.6522871350178274
-55.0955095509550929 16.8557753013728018
-55.0755075507550700 -18.2717303300063882
-55.0555055505550541 -43.8573943574488467
-55.0355035503550312 10.1119711052637378
-55.0155015501550153 19.2929601038171832
-54.9954995499549923 26.5722658920702095
-54.9754975497549765 4.8294707252447546
-54.9554955495549535 12.2559777981956870
-54.9354935493549306 31.2177802260634287
-54.9154915491549147 19.1212220962852442
-54.8954895489548917 -3.7401395508886512
-54.8754875487548759 7.9133425749563333
-54.8554855485548529 22.5912973412586027
-54.8354835483548300 -9.5467634189327395
-54.8154815481548141 13.8898913848915662
-54.7954795479547911 1.1036536306817499
-54.7754775477547753 23.1268470627385625
-54.7554755475547523 -0.8037528721075766
-54.7354735473547365 21.8069585390427534
-54.7154715471547135 -32.2704129655506051
-54.6954695469546905 3.3419617771983852
-54.6754675467546747 9.0663101563716531
-54.6554655465546517 27.7388242533839602
-54.6354635463546359 7.0997671562361724
-54.6154615461546129 -14.8490199986145086
-54.5954595459545899 12.5396346155833527
-54.5754575457545741 11.0388151485437724
-54.5554555455545511 24.6674876594082590
-54.5354535453545353 -21.3238566754621957
-54.5154515451545123 -5.6379027830160311
-54.4954495449544964 -0.9307858223783523
-54.4754475447544735 0.0194815951579184
-54.4554455445544505 16.9623248456461617
-54.4354435443544347 23.6172611685157960
-54.4154415441544117 40.7638795525543145
-54.3954395439543958 -5.7619990502842615
-54.3754375437543729 16.1859878199288865
-54.3554355435543499 -11.0357181204572861
-54.3354335433543341 26.8116362262118493
-54.3154315431543111 1.3745799886299661
-54.2954295429542952 -0.8777135465919184
-54.2754275427542723 25.3906226305562583
-54.2554255425542564 -36.8255981867207325
-54.2354235423542335 -11.5231919669243261
-54.2154215421542105 11.8160353784800183
-54.1954195419541946 12.8922065784926616
-54.1754175417541717 26.4124610541309046
-54.1554155415541558 26.9906658295257991
-54.1354135413541329 -14.8718246953453157
-54.1154115411541099 30.2200644704423951
-54.0954095409540940 31.6475158029258381
-54.0754075407540711 0.9720642485741777
-54.0554055405540552 10.2346484648593474
-54.0354035403540323 13.6105838448388816
-54.0154015401540164 22.4366752615830194
-53.9953995399539934 49.2503668773553755
-53.9753975397539705 -9.6206285297183189
-53.9553955395539546 0.9894851852145159
-53.9353935393539317 46.8212025059935897
-53.9153915391539158 -4.9200802025716630
-53.8953895389538928 7.1596855322980195
-53.8753875387538699 5.7294753992760583
-53.8553855385538540 -7.8708592185673893
-53.8353835383538311 21.0267986401523217
-53.8153815381538152 30.7530051437760115
-53.7953795379537922 14.2126947275160056
-53.7753775377537764 -4.2305077813133334
-53.7553755375537534 -15.3755950708965141
-53.7353735373537305 3.0247023139382092
-53.7153715371537146 34.3570443348268668
-53.6953695369536916 13.5094936018904477
-53.6753675367536758 31.2117536608821311
-53.6553655365536528 -9.2216403264539153
-53.6353635363536299 15.8368463556687225
-53.6153615361536140 14.7010242958020676
-53.5953595359535910 -22.6658518933543398
-53.5753575357535752 -4.2768117151184377
-53.5553555355535522 -27.3111332829876083
-53.5353535353535364 5.1220199093787633
-53.5153515351535134 19.5839383785552137
-53.4953495349534904 32.0561874692166811
-53.4753475347534746 -24.5719857076328374
-53.4553455345534516 -26.8539747828846558
-53.4353435343534358 33.9698310602029920
-53.4153415341534128 20.3422660400387194
-53.3953395339533898 22.3685301258304108
-53.3753375337533740 21.0386829558571904
-53.3553355335533510 42.6945721839246133
-53.3353335333533352 5.4775507692385288
-53.3153315331533122 -15.4266436737027242
-53.2953295329532963 27.2728228762431044
-53.2753275327532734 10.7444965168171329
-53.2553255325532504 5.5470780514884286
-53.2353235323532346 -37.5057616961266902
-53.2153215321532116 27.0009648925236760
-53.1953195319531957 -35.4397936056109799
-53.1753175317531728 2.9564917320093658
-53.1553155315531498 13.6119294153110548
-53.1353135313531340 23.9933544618978871
-53.1153115311531110 2.8062815585742511
-53.0953095309530951 -1.6413667944353296
-53.0753075307530722 2.5208802417510228
-53.0553055305530563 31.2877454750674673
-53.0353035303530334 -17.6580507015677739
-53.0153015301530104 11.9423047713973585
-52.9952995299529945 -16.0167913054569233
-52.9752975297529716 -21.6271624583015907
-52.9552955295529557 23.3670703356230085
-52.9352935293529328 24.1436868826216369
-52.9152915291529098 0.7535674635691176
-52.8952895289528939 34.0272102939619714
-52.8752875287528710 -9.0407289515885871
-52.8552855285528551 -7.4006347029884960
-52.8352835283528321 15.3645827574090639
-52.8152815281528163 4.3180109619687741
-52.7952795279527933 13.3592355913312630
-52.7752775277527704 9.0730481681661903
-52.7552755275527545 39.0441778827970580
-52.7352735273527315 -30.0978037858529746
-52.7152715271527157 -1.3796540010725060
-52.6952695269526927 -33.6811390061471059
-52.6752675267526698 -7.9915511740680838
-52.6552655265526539 12.1288760097464596
-52.6352635263526309 -11.8066619132365567
-52.6152615261526151 54.1216235704724156
-52.5952595259525921 -25.9558187274540693
-52.5752575257525763 8.9479005778491274
-52.5552555255525533 1.7853253615462021
-52.5352535253525303 42.5990873719682099
-52.5152515251525145 3.2172033883805877
-52.4952495249524915 19.7646791838436968
-52.4752475247524757 10.5566286621554930
-52.4552455245524527 0.5702052953967307
-52.4352435243524297 -9.9101682618672147
-52.4152415241524139 -11.6035893840974520
-52.3952395239523909 16.6333489392387648
-52.3752375237523751 14.2118232505993625
-52.3552355235523521 24.0738385800207411
-52.3352335233523362 5.9679671381187500
-52.3152315231523133 2.6271672731063758
-52.2952295229522903 15.3331750909638913
-52.2752275227522745 -26.7503113468200198
-52.2552255225522515 35.8585063539133913
-52.2352235223522356 -12.1943651218928917
-52.2152215221522127 25.2910133283188330
-52.1952195219521897 20.1842699588063361
-52.1752175217521739 -8.6691817321188509
-52.1552155215521509 -21.8863531188482767
-52.1352135213521350 38.5630104207384434
-52.1152115211521121 26.7601580673341175
-52.0952095209520962 27.5369315577890639
-52.0752075207520733 -12.0937377763799407
-52.0552055205520503 -37.0873123779891927
-52.0352035203520344 7.6061394238412081
-52.0152015201520115 -0.2368258231520723
-51.9951995199519956 7.8761858902903397
-51.9751975197519727 29.9378506266502775
-51.9551955195519497 2.1742531318041092
-51.9351935193519338 38.2342847165560897
-51.9151915191519109 1.2545246918489310
-51.8951895189518950 -9.5990718627236209
-51.8751875187518721 19.9115545715985860
-51.8551855185518562 10.2585950460847837
-51.8351835183518332 14.2508909616240977
-51.8151815181518103 -7.1755044750527883
-51.7951795179517944 1.1070723995098648
-51.7751775177517715 0.9194538552662053
-51.7551755175517556 29.0056948888026866
-51.7351735173517326 25.3509264772780334
-51.7151715171517097 19.2590250197538175
-51.6951695169516938 -8.9532398276014895
-51.6751675167516709 6.4602547083411404
-51.6551655165516550 -9.0601067103917146
-51.6351635163516320 -3.3150707998812248
-51.6151615161516162 -25.9047958323041172
-51.5951595159515932 -33.2113009543474860
-51.5751575157515703 0.1652243678725025
-51.5551555155515544 1.9935586217494414
-51.5351535153515314 22.8901309884346951
-51.5151515151515156 12.3890507694047791
-51.4951495149514926 2.8894104839659951
-51.4751475147514697 1.6033625148103088
-51.4551455145514538 -2.1710792781625221
-51.4351435143514308 1.1820655870320733
-51.4151415141514150 -1.7010387396935620
-51.3951395139513920 15.1975742617800300
-51.3751375137513762 45.3057212971166123
-51.3551355135513532 3.1158841509755622
-51.3351335133513302 -14.4466642283333826
-51.3151315131513144 11.0304395344202462
-51.2951295129512914 -1.8185612516989895
-51.2751275127512756 5.1962301682954966
-51.2551255125512526 4.2683694253531277
-51.2351235123512296 9.8812055818040108
-51.2151215121512138 19.6110510878669047
-51.1951195119511908 13.8671482900442733
-51.1751175117511750 15.3378876249437841
-51.1551155115511520 27.4674731477777101
-51.1351135113511361 27.5705056280366918
-51.1151115111511132 -10.5055252604629743
-51.0951095109510902 25.0506122631036661
-51.0751075107510744 -9.8092010965661096
-51.0551055105510514 20.5750665956129026
-51.0351035103510355 21.7414475301510990
-51.0151015101510126 -19.1467692022403853
-50.9950995099509896 -20.2187029142518213
-50.9750975097509738 7.9544007366824321
-50.9550955095509508 -8.1600659950163852
-50.9350935093509349 0.7881242093805900
-50.9150915091509120 3.0534855015084537
-50.8950895089508961 -17.3174981179331695
-50.8750875087508732 42.3761751003669289
-50.8550855085508502 11.2132226984302914
-50.8350835083508343 -22.5186784237720410
-50.8150815081508114 4.0857416655906764
-50.7950795079507955 7.1009310977363791
-50.7750775077507726 -2.2722175435573231
-50.7550755075507496 -4.3607403430978282
-50.7350735073507337 -10.1819713847720443
-50.7150715071507108 17.5466883864227015
-50.6950695069506949 10.3543124625331551
-50.6750675067506720 8.0755102714913285
-50.6550655065506561 -9.9250637532513615
-50.6350635063506331 17.1393261314770413
-50.6150615061506102 -9.2925462546696167
-50.5950595059505943 10.1638602465015104
-50.5750575057505714 -0.9136885562803760
-50.5550555055505555 1.8315544441252891
-50.5350535053505325 0.3407094321808453
-50.5150515051505096 -8.1753093598667945
-50.4950495049504937 -10.1606636292374937
-50.4750475047504708 -14.2218528439251877
-50.4550455045504549 4.8518144533082275
-50.4350435043504319 21.4000000826715251
-50.4150415041504161 -1.0359776799240183
-50.3950395039503931 16.9026400057932449
-50.3750375037503701 -8.3887149388683078
-50.3550355035503543 0.7229326360327839
-50.3350335033503313 -17.0422650238055944
-50.3150315031503155 15.0310725521894852
-50.2950295029502925 16.2402519033906287
-50.2750275027502695 -14.1913312676812815
-50.2550255025502537 -11.0186768312167445
-50.2350235023502307 -21.8539918576457524
-50.2150215021502149 25.4280131188957554
-50.1950195019501919 10.8462485116085716
-50.1750175017501761 -8.7786968526210192
-50.1550155015501531 36.4751598542116255
-50.1350135013501301 -20.0360033906425166
-50.1150115011501143 -11.0134741246975487
-50.0950095009500913 -2.5094719839571109
-50.0750075007500755 -5.2683899884768159
-50.0550055005500525 31.3339939486707699
-50.0350035003500295 6.2732673890127026
-50.0150015001500137 -1.2597383006627441
-49.9949994999499907 -3.2609550051128897
-49.9749974997499748 -15.8688254572863574
-49.9549954995499519 14.7926712882811700
-49.9349934993499360 40.0911288219792823
-49.9149914991499131 14.3433469714651292
-49.8949894989498901 -14.0677453992477108
-49.8749874987498742 0.8655845346238022
-49.8549854985498513 12.2724007558649006
-49.8349834983498354 -6.3228092738067252
-49.8149814981498125 37.8742097582566757
-49.7949794979497895 15.7208386000539591
-49.7749774977497736 48.8474200294847947
-49.7549754975497507 -6.6787594106554362
-49.7349734973497348 -21.8111534975711869
-49.7149714971497119 -19.4759580898074702
-49.6949694969496960 18.1889911226966987
-49.6749674967496730 -2.2919900996665810
-49.6549654965496501 15.7132125245240903
-49.6349634963496342 38.1430275224266992
-49.6149614961496113 -16.0213732555723105
-49.5949594959495954 13.9184320523847163
-49.5749574957495724 16.6810884696400166
-49.5549554955495495 -7.1360246586847644
-49.5349534953495336 32.3019987846266048
-49.5149514951495107 -15.5399199732356035
-49.4949494949494948 27.5764364379019007
-49.4749474947494718 8.7809076334945502
-49.4549454945494560 15.2907407794577921
-49.4349434943494330 30.7356993141809554
-49.4149414941494101 1.7082861439747967
-49.3949394939493942 4.8846508219333149
-49.3749374937493712 31.8134310668253235
-49.3549354935493554 -7.7764124210497156
-49.3349334933493324 11.5634169952117372
-49.3149314931493095 -19.9538183267724563
-49.2949294929492936 -6.4281207864947376
-49.2749274927492706 -13.1785076230878353
-49.2549254925492548 29.7204922791987194
-49.2349234923492318 14.1290001381187800
-49.2149214921492160 5.9483904039540381
-49.1949194919491930 -7.7349266979585050
-49.1749174917491700 -16.6034380805821407
-49.1549154915491542 9.5383315661618440
-49.1349134913491312 -19.5766673934327642
-49.1149114911491154 -5.4924211713972824
-49.0949094909490924 11.4128961755630538
-49.0749074907490694 -5.8819610509886395
-49.0549054905490536 2.6222362801132828
-49.0349034903490306 1.2669667110938718
-49.0149014901490148 22.0881443256039454
-48.9948994899489918 3.7231692936409662
-48.9748974897489759 -15.3260532205012172
-48.9548954895489530 -0.0516285062509771
-48.9348934893489300 -7.5017038353361905
-48.9148914891489142 -23.1522233118506726
-48.8948894889488912 -0.1598046195313039
-48.8748874887488753 9.3573556891450949
-48.8548854885488524 11.6659060946022670
-48.8348834883488294 21.7030615426983999
-48.8148814881488136 -13.9485915236263232
-48.7948794879487906 51.4061302465994174
-48.7748774877487747 -38.3093694971405654
-48.7548754875487518 6.0755703155278313
-48.7348734873487288 -2.1892420763200278
-48.7148714871487130 -11.7797191943483561
-48.6948694869486900 2.0937098391429569
-48.6748674867486741 -10.5141695043833181
-48.6548654865486512 26.5789333871065523
-48.6348634863486353 37.1120040244736273
-48.6148614861486124 8.2365844604752727
-48.5948594859485894 9.0973962570655242
-48.5748574857485735 18.1631738463710732
-48.5548554855485506 -0.3823123911100632
-48.5348534853485347 5.3354910865279619
-48.5148514851485118 -18.1278660603026474
-48.4948494849484888 6.4964200678911812
-48.4748474847484729 9.6800583152356570
-48.4548454845484500 4.2182621634578465
-48.4348434843484341 -2.4061793538808187
-48.4148414841484112 42.6209112018079566
-48.3948394839483953 -13.8226711347718982
-48.3748374837483723 14.7145467019224974
-48.3548354835483494 6.7303518632723511
-48.3348334833483335 35.0395306448591839
-48.3148314831483106 0.3789169775155621
-48.2948294829482947 17.6007666460107792
-48.2748274827482717 9.1139651630233125
-48.2548254825482488 -1.4441516536937211
-48.2348234823482329 25.4203492816038050
-48.2148214821482100 -30.2879685262896814
-48.1948194819481941 -2.1970903435022899
-48.1748174817481711 -1.5425708164204694
-48.1548154815481553 -25.2875731734924649
-48.1348134813481323 4.9155345681764331
-48.1148114811481094 -39.8801873889325122
-48.0948094809480935 1.4930855743807454
-48.0748074807480705 12.2473186327505523
-48.0548054805480547 12.6041907545328904
-48.0348034803480317 14.6956795580571615
-48.0148014801480087 -6.0589777848269142
-47.9947994799479929 4.8808408151919700
-47.9747974797479699 18.7489494269866235
-47.9547954795479541 -1.0299702188645359
-47.9347934793479311 10.6599992758880866
-47.9147914791479153 24.6210860091577963
-47.8947894789478923 13.4239079012875031
-47.8747874787478693 30.9924506921097844
-47.8547854785478535 25.3538751292242459
-47.8347834783478305 22.2599780637153657
-47.8147814781478147 -17.7476691752345559
-47.7947794779477917 -10.0571145884962672
-47.7747774777477687 17.2549227624387385
-47.7547754775477529 39.5570951753163769
-47.7347734773477299 -8.5259615975639331
-47.7147714771477141 15.0319628920587469
-47.6947694769476911 24.7352147630694574
-47.6747674767476752 28.2524772062601173
-47.6547654765476523 15.2356829108372018
-47.6347634763476293 -5.0856901045874716
-47.6147614761476135 1.7930239866036635
-47.5947594759475905 2.7697113568316736
-47.5747574757475746 5.0390087853026166
-47.5547554755475517 16.5989532737329952
-47.5347534753475287 -5.8668869931287047
-47.5147514751475128 -8.8408179619321530
-47.4947494749474899 34.7480246592605653
-47.4747474747474740 -7.5862727536031151
-47.4547454745474511 -9.4091947806448264
-47.4347434743474352 22.1885740637700124
-47.4147414741474122 -14.7217770364645713
-47.3947394739473893 25.8991645121279674
-47.3747374737473734 18.3698015695579429
-47.3547354735473505 -11.6247893391892312
-47.3347334733473346 43.1099862778934622
-47.3147314731473116 5.3200560319870913
-47.2947294729472887 3.7090084434375248
-47.2747274727472728 -5.1188508335930809
-47.2547254725472499 7.1652783522350072
-47.2347234723472340 6.4599694583643856
-47.2147214721472110 -3.5260905199962203
-47.1947194719471952 4.7325273281151521
-47.1747174717471722 -9.7165871006964579
-47.1547154715471493 5.0430983489938690
-47.1347134713471334 -8.2941237926714404
-47.1147114711471104 -0.3200733054960363
-47.0947094709470946 10.8461699988441964
-47.0747074707470716 5.1393573504046897
-47.0547054705470487 -24.5499195943779007
-47.0347034703470328 -17.2355035367142513
-47.0147014701470098 -6.4296842575474802
-46.9946994699469940 -7.9889364589200573
-46.9746974697469710 5.4070106163431495
-46.9546954695469552 -7.8367018158735631
-46.9346934693469322 1.3544985559389451
-46.9146914691469092 -8.8845623428361833
-46.8946894689468934 7.6669832813295571
-46.8746874687468704 -3.6585884477973236
-46.8546854685468546 -12.4361721322106717
-46.8346834683468316 -15.9393837902188800
-46.8146814681468086 13.8811921609942157
-46.7946794679467928 5.4110330787747172
-46.7746774677467698 -8.6779409301669723
-46.7546754675467540 1.5919815922230307
-46.7346734673467310 34.7708573103935024
-46.7146714671467151 -14.6423535997073877
-46.6946694669466922 -13.8352470500624847
-46.6746674667466692 16.6337414412506170
-46.6546654665466534 -6.8751465547940267
-46.6346634663466304 -0.0938147627265931
-46.6146614661466145 -2.8795960297038841
-46.5946594659465916 -22.6864929042730097
-46.5746574657465686 17.7311064337011075
-46.5546554655465528 -17.4278294491308827
-46.5346534653465298 12.2739935566192422
-46.5146514651465139 -6.9474168820307174
-46.4946494649464910 -1.8548031334959880
-46.4746474647464751 7.7894475296805803
-46.4546454645464522 18.7155795378991030
-46.4346434643464292 21.9316175454434088
-46.4146414641464133 52.0682461541600290
-46.3946394639463904 35.8826295469434413
-46.3746374637463745 -1.8533897240447441
-46.3546354635463516 16.9568730020202842
-46.3346334633463286 11.9036660635842395
-46.3146314631463127 13.0850977711051240
-46.2946294629462898 10.7080192318685654
-46.2746274627462739 2.6797243219994646
-46.2546254625462510 -23.2498738920537100
-46.2346234623462351 11.1360043993403650
-46.2146214621462121 42.4309064354548582
-46.1946194619461892 18.3522486281456594
-46.1746174617461733 30.6471101224162616
-46.1546154615461504 28.9126011802283394
-46.1346134613461345 13.6996506093629034
-46.1146114611461115 -24.7830157950092129
-46.0946094609460886 -20.9716936711647151
-46.0746074607460727 12.3891893101227133
-46.0546054605460498 8.3863472753481574
-46.0346034603460339 3.8101143923888654
-46.0146014601460109 28.7313566184115210
-45.9945994599459951 9.5173993507551380
-45.9745974597459721 0.4239287127090439
-45.9545954595459492 -11.6725385272506443
-45.9345934593459333 30.8516482490165522
-45.9145914591459103 6.4966649233228173
-45.8945894589458945 3.8877630482464038
-45.8745874587458715 15.0697926856553881
-45.8545854585458486 16.5062370012265269
-45.8345834583458327 28.7184174232709779
-45.8145814581458097 -16.7222707559811248
-45.7945794579457939 -7.8766405379519915
-45.7745774577457709 -4.1713877407129623
-45.7545754575457551 -13.4262602369589992
-45.7345734573457321 -35.3923638852546603
-45.7145714571457091 -12.0967632323590752
-45.6945694569456933 11.4814942423602950
-45.6745674567456703 10.0598285631371560
-45.6545654565456545 -0.9125471733286075
-45.6345634563456315 -12.2679014479631618
-45.6145614561456085 4.2663881386480256
-45.5945594559455927 -1.9460293485064666
-45.5745574557455697 5.4596180081687038
-45.5545554555455539 0.9101372465956468
-45.5345534553455309 21.1179981994137016
-45.5145514551455150 -18.2701404035665433
-45.4945494549454921 24.5470552784023539
-45.4745474547454691 52.3940330750828807
-45.4545454545454533 23.2585059237710396
-45.4345434543454303 -28.2594876400946049
-45.4145414541454144 18.4068903303132956
-45.3945394539453915 10.2056329292167813
-45.3745374537453685 9.2610545143069771
-45.3545354535453527 2.1477870235597103
-45.3345334533453297 -8.9793058781918855
-45.3145314531453138 -9.6986506725292863
-45.2945294529452909 -9.4154958971932281
-45.2745274527452750 1.9518735711170416
-45.2545254525452521 19.9318646255652894
-45.2345234523452291 8.6401634379889565
-45.2145214521452132 2.0055138293772354
-45.1945194519451903 7.9967857860614213
-45.1745174517451744 -1.2609127510828371
-45.1545154515451514 -7.0222231199456138
-45.1345134513451285 55.7712233015016068
-45.1145114511451126 16.3547012685503006
-45.0945094509450897 0.2193238994744888
-45.0745074507450738 23.0527866699548838
-45.0545054505450508 7.4999139554783909
-45.0345034503450350 54.9119434679731029
-45.0145014501450120 9.5186735459431766
-44.9944994499449891 8.5609884405548584
-44.9744974497449732 31.9660412724735394
-44.9544954495449502 -17.1397246207805658
-44.9344934493449344 -2.9607304170426580
-44.9144914491449114 -15.3063852024736313
-44.8944894489448885 16.0554611246558103
-44.8744874487448726 26.4421615567975188
-44.8544854485448496 -21.5233869802203373
-44.8344834483448338 -16.3822216585208231
-44.8144814481448108 22.8440365823730502
-44.7944794479447950 6.1240073110325506
-44.7744774477447720 -14.7292295002040809
-44.7544754475447490 1.5297684307609565
-44.7344734473447332 25.6170265775245340
-44.7144714471447102 0.8959423527007244
-44.6944694469446944 10.6307891737847555
-44.6744674467446714 17.6860746273710916
-44.6544654465446484 -16.3729028253623383
-44.6344634463446326 8.4596102049171229
-44.6144614461446096 19.1908337540184064
-44.5944594459445938 -1.0190870287052114
-44.5744574457445708 47.0112544555565677
-44.5544554455445549 -6.8000389305953357
-44.5344534453445320 18.8997595955992814
-44.5144514451445090 -5.4792404518818616
-44.4944494449444932 29.2018613509924556
-44.4744474447444702 -15.7365756745632233
-44.4544454445444543 -8.8104159373419222
-44.4344434443444314 7.6048371207039578
-44.4144414441444084 -26.2448519141700451
-44.3944394439443926 -3.8717920041858687
-44.3744374437443696 24.3281263592156414
-44.3544354435443537 31.2324127373187075
-44.3344334433443308 10.2345739710983565
-44.3144314431443149 -10.8460680552365218
-44.2944294429442920 -24.3482504835303537
-44.2744274427442690 8.3696445413133418
-44.2544254425442531 10.1160486201471400
-44.2344234423442302 11.7024795438220757
-44.2144214421442143 4.0747514984457496
-44.1944194419441914 24.8113152430003083
-44.1744174417441684 20.3009253372229672
-44.1544154415441525 24.6268068650624485
-44.1344134413441296 17.4691109229240347
-44.1144114411441137 17.9296952580733482
-44.0944094409440908 -48.2968553770716653
-44.0744074407440749 1.3429076565415934
-44.0544054405440519 18.3144256784118120
-44.0344034403440290 -0.7010691842824235
-44.0144014401440131 -27.9870781004943545
-43.9943994399439902 23.9678869544808357
-43.9743974397439743 15.6196346214047548
-43.9543954395439513 -10.9507355481524158
-43.9343934393439284 13.8334069418932337
-43.9143914391439125 8.2397274957888662
-43.8943894389438896 -11.4601446401414400
-43.8743874387438737 8.7039211586873453
-43.8543854385438507 27.3345428627264120
-43.8343834383438349 -11.3971744768859118
-43.8143814381438119 -14.4901893426764055
-43.7943794379437890 2.1356943594382365
-43.7743774377437731 -10.4276076659862902
-43.7543754375437501 -12.0235655267938242
-43.7343734373437343 12.8838733581432621
-43.7143714371437113 10.4958364370800297
-43.6943694369436884 14.5515536630057163
-43.6743674367436725 22.8832574339427737
-43.6543654365436495 -16.5005182528394236
-43.6343634363436337 -2.7220685916884690
-43.6143614361436107 3.8010647894486440
-43.5943594359435949 30.0959000581126901
-43.5743574357435719 71.1190931669024025
-43.5543554355435489 25.5658117913367278
-43.5343534353435331 -23.2532296144384993
-43.5143514351435101 16.6935030842037051
-43.4943494349434943 -2.1698764851819767
-43.4743474347434713 2.3811356348642709
-43.4543454345434483 -4.8324826988796898
-43.4343434343434325 0.1919614473468023
-43.4143414341434095 3.3266414760470333
-43.3943394339433937 23.1144687874798258
-43.3743374337433707 16.0625146726859569
-43.3543354335433548 -18.4051634236169583
-43.3343334333433319 3.1451809723654840
-43.3143314331433089 42.6851132122896217
-43.2943294329432931 21.7392412622743230
-43.2743274327432701 24.6143367051707607
-43.2543254325432542 2.1136178399182990
-43.2343234323432313 5.6692622550974221
-43.2143214321432083 18.1537571612583477
-43.1943194319431925 -14.8944835682988010
-43.1743174317431695 -5.2614437814103985
-43.1543154315431536 47.9921937282026363
-43.1343134313431307 19.7859930096886174
-43.1143114311431148 9.2968564044192998
-43.0943094309430919 0.9914870512475025
-43.0743074307430689 -7.5730986295990954
-43.0543054305430530 -12.2689243995586423
-43.0343034303430301 -18.7619421599041338
-43.0143014301430142 31.4080830786498346
-42.9942994299429913 39.4919363092964133
-42.9742974297429683 23.7965395526148171
-42.9542954295429524 14.0724500526347693
-42.9342934293429295 -10.6354620640034767
-42.9142914291429136 -1.0246774529163050
-42.8942894289428907 -2.8561276536796587
-42.8742874287428748 14.0848937854841108
-42.8542854285428518 7.1283484846656044
-42.8342834283428289 19.6142751965640443
-42.8142814281428130 1.8447884410958411
-42.7942794279427901 62.2615833551254667
-42.7742774277427742 -2.4827080055019568
-42.7542754275427512 -20.4581744487108814
-42.7342734273427283 -9.2030651669524914
-42.7142714271427124 -6.8088287279585762
-42.6942694269426894 -0.3131872677001617
-42.6742674267426736 4.3423392086562247
-42.6542654265426506 -29.2399948630653945
-42.6342634263426348 -33.3613049989672064
-42.6142614261426118 18.2578641816124545
-42.5942594259425888 -17.6211886619505229
-42.5742574257425730 -26.8825697266846859
-42.5542554255425500 -16.9771575161372041
-42.5342534253425342 -8.3760484180304573
-42.5142514251425112 34.2404672055481214
-42.4942494249424882 12.3699952144838115
-42.4742474247424724 -8.6242789117638292
-42.4542454245424494 -0.9469123840604370
-42.4342434243424336 -3.3346785956887359
-42.4142414241424106 -12.5844798110904126
-42.3942394239423948 24.8145783054455826
-42.3742374237423718 -27.6312389351735526
-42.3542354235423488 -1.9868065507316031
-42.3342334233423330 26.1703159138166299
-42.3142314231423100 -5.5371856812821569
-42.2942294229422941 54.1893256970923289
-42.2742274227422712 13.3430939800867812
-42.2542254225422482 25.2451743690714423
-42.2342234223422324 -15.7618810198792545
-42.2142214221422094 21.8658857654356567
-42.1942194219421935 20.3221099267992216
-42.1742174217421706 8.3553131476578510
-42.1542154215421547 -15.6906538832488600
-42.1342134213421318 8.5495333194424408
-42.1142114211421088 12.8581768838924013
-42.0942094209420929 -3.6539077097948063
-42.0742074207420700 8.4670013622629536
-42.0542054205420541 44.6870046317639051
-42.0342034203420312 38.5549380091408977
-42.0142014201420082 -8.6439019669626234
-41.9941994199419923 22.8868652388860845
-41.9741974197419694 13.3966048471093515
-41.9541954195419535 -19.1297092168268961
-41.9341934193419306 24.9275822392408486
-41.9141914191419147 11.2487609909187505
-41.8941894189418917 19.1540263202668086
-41.8741874187418688 34.8709467222876484
-41.8541854185418529 35.7222383768880789
-41.8341834183418300 47.4457468808107734
-41.8141814181418141 -11.3042087813413588
-41.7941794179417911 13.3935514508898308
-41.7741774177417682 14.5803468039153792
-41.7541754175417523 13.3548175691928002
-41.7341734173417294 -2.4291687068372720
-41.7141714171417135 -19.2424031792040324
-41.6941694169416905 -1.1751052095736370
-41.6741674167416747 2.8333541420267410
-41.6541654165416517 -40.1059577760432191
-41.6341634163416288 63.0718033428097371
-41.6141614161416129 6.7123529009512097
-41.5941594159415899 2.7425869971068675
-41.5741574157415741 17.0083283459583718
-41.5541554155415511 19.7764263373097080
-41.5341534153415282 20.3015793532266571
-41.5141514151415123 -15.3987430289679583
-41.4941494149414893 -6.5759483334291495
-41.4741474147414735 -3.6498387217530865
-41.4541454145414505 -3.3581155161519707
-41.4341434143414347 20.4128350153232532
-41.4141414141414117 12.6059443669729578
-41.3941394139413887 13.9417200503304350
-41.3741374137413729 -10.7658373433945016
-41.3541354135413499 3.0142433863534888
-41.3341334133413341 -9.4159968286446016
-41.3141314131413111 14.3051890818190159
-41.2941294129412881 -7.0511610700809042
-41.2741274127412723 -6.2054513813608558
-41.2541254125412493 26.8531021211223617
-41.2341234123412335 14.3997355786374737
-41.2141214121412105 43.9215473162903436
-41.1941194119411946 31.8436989577122631
-41.1741174117411717 -36.2637133785011727
-41.1541154115411487 0.4808646587547809
-41.1341134113411329 8.2817521186983321
-41.1141114111411099 -4.1244437657490849
-41.0941094109410940 34.9136168767278861
-41.0741074107410711 37.0156342591802456
-41.0541054105410481 -34.3735473235540780
-41.0341034103410323 8.8757506388215361
-41.0141014101410093 33.5052540378220556
-40.9940994099409934 -21.8235830976651712
-40.9740974097409705 -13.0797130164409090
-40.9540954095409546 27.3318602520187248
-40.9340934093409317 -19.3642437865639536
-40.9140914091409087 -0.7254057291602685
-40.8940894089408928 3.1985649392037141
-40.8740874087408699 -27.5259831855451225
-40.8540854085408540 -41.9072893787854284
-40.8340834083408311 18.3500944650914590
-40.8140814081408081 -3.6840630028169219
-40.7940794079407922 9.7181034220392810
-40.7740774077407693 -9.8871975367145168
-40.7540754075407534 29.9560703434523354
-40.7340734073407305 -4.5161930439505662
-40.7140714071407146 10.7291382751007944
-40.6940694069406916 -4.6690471518059233
-40.6740674067406687 -12.5649579135997342
-40.6540654065406528 21.1999391179954628
-40.6340634063406299 -16.5137109016013710
-40.6140614061406140 15.5439915787174687
-40.5940594059405910 13.5610125779567063
-40.5740574057405681 16.8475582116181428
-40.5540554055405522 20.7593410054792429
-40.5340534053405293 -11.2712664556887177
-40.5140514051405134 9.8996662758219482
-40.4940494049404904 17.9980288777032698
-40.4740474047404746 6.8974718788531684
-40.4540454045404516 39.7169146060841740
-40.4340434043404287 32.8525604402824172
-40.4140414041404128 -24.2677582186649907
-40.3940394039403898 -7.3017188912326372
-40.3740374037403740 38.6322303139670495
-40.3540354035403510 12.7644135989837988
-40.3340334033403281 30.8677064717463487
-40.3140314031403122 44.8721574179200786
-40.2940294029402892 -44.6207872151645901
-40.2740274027402734 5.6462040139251215
-40.2540254025402504 -12.3996268698232015
-40.2340234023402346 -1.5581276676717888
-40.2140214021402116 -28.6449304492735024
-40.1940194019401886 7.9351070888111117
-40.1740174017401728 -0.1529254663500819
-40.1540154015401498 27.8520612594419568
-40.1340134013401340 -9.0112894126497665
-40.1140114011401110 25.0957602441113501
-40.0940094009400880 -12.2952576943281500
-40.0740074007400722 -2.9729249556417843
-40.0540054005400492 -9.9283172685381214
-40.0340034003400334 10.3486141487209320
-40.0140014001400104 -8.0478165125779952
-39.9939993999399945 19.3921196389010255
-39.9739973997399716 15.7496055178737606
-39.9539953995399486 -4.4835229521909978
-39.9339933993399328 36.0815112733813237
-39.9139913991399098 -3.4180990614361821
-39.8939893989398939 8.0247463437280473
-39.8739873987398710 0.3129213382895095
-39.8539853985398480 33.6847687557164335
-39.8339833983398321 9.8156763748094225
-39.8139813981398092 -32.5733940561122850
-39.7939793979397933 -4.5484076793972870
-39.7739773977397704 -37.3823006977765502
-39.7539753975397545 13.0216770311143772
-39.7339733973397315 8.8597773450154147
-39.7139713971397086 -9.6594497709657752
-39.6939693969396927 -10.7003802437231386
-39.6739673967396698 -7.3791645979940004
-39.6539653965396539 6.8691430372207343
-39.6339633963396309 21.0767904472459193
-39.6139613961396080 14.9556099196052976
-39.5939593959395921 35.8962722836904646
-39.5739573957395692 -5.6387367649872928
-39.5539553955395533 20.7108019353515296
-39.5339533953395303 -3.5906731759073081
-39.5139513951395145 -4.3188704805096769
-39.4939493949394915 -32.9411771787364955
-39.4739473947394686 10.4131656508170245
-39.4539453945394527 10.2632419569911786
-39.4339433943394297 -2.6008956293973942
-39.4139413941394139 -43.9469802256918456
-39.3939393939393909 -15.0616313553273358
-39.3739373937393680 5.0108123297049580
-39.3539353935393521 3.4951098928799533
-39.3339333933393291 53.3052101939970697
-39.3139313931393133 24.6296465418158306
-39.2939293929392903 13.6225729228471799
-39.2739273927392745 -11.6235516035505206
-39.2539253925392515 50.1940497829989738
-39.2339233923392285 27.9428547528946787
-39.2139213921392127 7.6143880555175203
-39.1939193919391897 26.5628323017727119
-39.1739173917391739 32.8058952482301862
-39.1539153915391509 -17.5908915898337739
-39.1339133913391279 -3.7796135851941042
-39.1139113911391121 39.2073257994212483
-39.0939093909390891 37.2846343255161230
-39.0739073907390733 15.8990396855913296
-39.0539053905390503 48.8051225920819576
-39.0339033903390344 19.8568522234976399
-39.0139013901390115 45.1675636571901151
-38.9938993899389885 35.0135485940120503
-38.9738973897389727 -16.4667468202612852
-38.9538953895389497 -13.1160164509745911
-38.9338933893389338 -5.7575320505803926
-38.9138913891389109 24.0110053503239058
-38.8938893889388879 42.4940010489941713
-38.8738873887388721 -0.9572548031082215
-38.8538853885388491 -8.7984541782157670
-38.8338833883388332 1.7459434353783743
-38.8138813881388103 -2.7137981782823006
-38.7938793879387944 27.9990247572049569
-38.7738773877387715 -19.0838742381068691
-38.7538753875387485 21.8652213163445381
-38.7338733873387326 18.1945211183937907
-38.7138713871387097 -8.4504005413896888
-38.6938693869386938 -20.0008187618675599
-38.6738673867386709 -22.5633996216214889
-38.6538653865386479 14.1434272820642857
-38.6338633863386320 12.4158174737937230
-38.6138613861386091 -1.4722458764242923
-38.5938593859385932 47.8393004051543471
-38.5738573857385703 33.5675924406479709
-38.5538553855385544 -11.1210395371434174
-38.5338533853385314 -19.3281732447890988
-38.5138513851385085 -1.3023111182606790
-38.4938493849384926 20.9491347939195194
-38.4738473847384697 2.1326016614217176
-38.4538453845384538 12.9303747492730157
-38.4338433843384308 1.3282158144143854
-38.4138413841384079 6.9590193637074691
-38.3938393839383920 37.4372841182216121
-38.3738373837383691 -22.2400018615649202
-38.3538353835383532 13.3327562736190686
-38.3338333833383302 15.5556979184007034
-38.3138313831383073 -9.4267024568998998
-38.2938293829382914 10.5442682652280411
-38.2738273827382685 54.3797750434399134
-38.2538253825382526 -33.0702258206550681
-38.2338233823382296 7.6660747927444888
-38.2138213821382138 14.9477400955203876
-38.1938193819381908 -8.8966496577856393
-38.1738173817381679 13.9137393659246822
-38.1538153815381520 0.1123107243946917
-38.1338133813381290 -13.4025036492242648
-38.1138113811381132 -12.6970668060617129
-38.0938093809380902 16.4560796566974794
-38.0738073807380673 20.8489735313995865
-38.0538053805380514 14.0133627470504862
-38.0338033803380284 -23.0766399981404433
-38.0138013801380126 23.9876629512742454
-37.9937993799379896 -3.2013203352019399
-37.9737973797379738 -38.6999997781646456
-37.9537953795379508 24.3517436798369360
-37.9337933793379278 20.9074472137952156
-37.9137913791379120 0.6908667259165941
-37.8937893789378890 39.0460133758891175
-37.8737873787378732 29.3132804471218549
-37.8537853785378502 -4.1797544886516818
-37.8337833783378272 -3.2014129168834797
-37.8137813781378114 2.5763953827192898
-37.7937793779377884 -3.7712489248733601
-37.7737773777377726 17.2727056358385376
-37.7537753775377496 33.9030307480463193
-37.7337733773377337 3.8337534023198918
-37.7137713771377108 16.9130636068083646
-37.6937693769376878 -28.6972190598280896
-37.6737673767376720 -6.2229192058307152
-37.6537653765376490 38.6264941351123454
-37.6337633763376331 47.0158592607842678
-37.6137613761376102 9.1605507770671757
-37.5937593759375872 -8.9196935668507287
-37.5737573757375714 -9.3138396592944694
-37.5537553755375484 0.4617533205651165
-37.5337533753375325 -18.8433582093642897
-37.5137513751375096 -8.2863559029266334
-37.4937493749374937 19.2794905279305837
-37.4737473747374708 -1.3716888245474159
-37.4537453745374478 -4.3010939701212196
-37.4337433743374319 16.6747842401377540
-37.4137413741374090 13.1294974980165478
-37.3937393739373931 11.9273507450733511
-37.3737373737373701 -10.1534446422776554
-37.3537353735373472 4.8947989647334431
-37.3337333733373313 35.4248440607049417
-37.3137313731373084 -16.1488777227098339
-37.2937293729372925 7.0379003552037700
-37.2737273727372695 0.6796794446564935
-37.2537253725372537 23.5273452791400892
-37.2337233723372307 -5.8640626469247614
-37.2137213721372078 4.7561376748628446
-37.1937193719371919 0.8364896375626270
-37.1737173717371689 1.5538854103569895
-37.1537153715371531 -10.2538177022393064
-37.1337133713371301 -19.8754095211748414
-37.1137113711371072 -19.6192900966118096
-37.0937093709370913 -15.2228854890679735
-37.0737073707370683 -0.1236084288362225
-37.0537053705370525 -7.8479471970252401
-37.0337033703370295 6.9763765311937789
-37.0137013701370137 -2.9475808318941326
-36.9936993699369907 -19.3006316093040269
-36.9736973697369677 -8.5946534828796466
-36.9536953695369519 -3.3360985965906300
-36.9336933693369289 -0.3034891921552507
-36.9136913691369131 29.0038883499672160
-36.8936893689368901 5.0308875831788438
-36.8736873687368671 -15.4739043238369050
-36.8536853685368513 9.0618447714198318
-36.8336833683368283 -18.6675082344183849
-36.8136813681368125 21.2293123935102273
-36.7936793679367895 4.7210721313125150
-36.7736773677367736 -11.4273782119243634
-36.7536753675367507 12.6705957751268912
-36.7336733673367277 6.3769458171448594
-36.7136713671367119 3.5803222441349822
-36.6936693669366889 7.2633511123803594
-36.6736673667366730 5.0089514595900448
-36.6536653665366501 9.7112146288263475
-36.6336633663366271 2.4773614951980520
-36.6136613661366113 -3.9783634630120961
-36.5936593659365883 -8.4870344264465523
-36.5736573657365724 20.6171951746491970
-36.5536553655365495 1.2453543161138416
-36.5336533653365336 0.7275925496597355
-36.5136513651365107 32.9829022079352114
-36.4936493649364877 4.9046572908987498
-36.4736473647364718 40.3385505680648109
-36.4536453645364489 -6.8690130068139688
-36.4336433643364330 9.1753423550394544
-36.4136413641364101 23.9078637198356709
-36.3936393639363871 9.3754476498618722
-36.3736373637363712 -18.2126389150257744
-36.3536353635363483 -8.8539969553957594
-36.3336333633363324 9.1709472938042857
-36.3136313631363095 -2.1794334634202288
-36.2936293629362936 27.9407220037293342
-36.2736273627362706 -18.6309710679178195
-36.2536253625362477 1.7881496856076975
-36.2336233623362318 20.6128407643863518
-36.2136213621362089 -6.9832355198939489
-36.1936193619361930 -9.6782339659782934
-36.1736173617361700 40.8141686431733675
-36.1536153615361471 34.3563680335723660
-36.1336133613361312 3.2057215136652428
-36.1136113611361083 -4.7615661147208170
-36.0936093609360924 20.4559932800546100
-36.0736073607360694 20.2702667053131549
-36.0536053605360536 -1.8296204379777983
-36.0336033603360306 6.8805881091085093
-36.0136013601360077 29.1492554313617838
-35.9935993599359847 16.7374014363069996
-35.9735973597359759 8.2530594831446500
-35.9535953595359530 -0.0532417113144756
-35.9335933593359300 -8.5889449002814153
-35.9135913591359071 0.1751376462063092
-35.8935893589358841 2.7148295583141131
-35.8735873587358753 -7.4157896037142779
-35.8535853585358524 -23.4379737868463280
-35.8335833583358294 -28.1609816722384139
-35.8135813581358065 -10.7287632023715407
-35.7935793579357835 8.9225055976688985
-35.7735773577357747 11.7981239334018895
-35.7535753575357518 37.0091361756178827
-35.7335733573357288 -30.0158513972972116
-35.7135713571357059 -16.7240168993904774
-35.6935693569356971 11.0364138479608496
-35.6735673567356741 32.4731922253834497
-35.6535653565356512 -12.4585213293885388
-35.6335633563356282 -11.9289233037941287
-35.6135613561356053 13.5694437296890165
-35.5935593559355965 -2.4484435963959141
-35.5735573557355735 -19.0983037183434412
-35.5535553555355506 4.7158496526320013
-35.5335533553355276 -7.4626843799423819
-35.5135513551355047 19.4064559192745882
-35.4935493549354959 39.1932239501702497
-35.4735473547354729 18.0434819516045231
-35.4535453545354500 -7.2332960289990824
-35.4335433543354270 11.0379756436982639
-35.4135413541354040 2.2514893685501041
-35.3935393539353953 25.5443359968586243
-35.3735373537353723 5.3926533420746079
-35.3535353535353494 29.2150884656158887
-35.3335333533353264 -9.6146646463926508
-35.3135313531353034 0.6222202456804080
-35.2935293529352947 -10.6720582363491214
-35.2735273527352717 -19.2851569128039841
-35.2535253525352488 21.7520317151888491
-35.2335233523352258 10.0196203869274783
-35.2135213521352171 14.3880396800272905
-35.1935193519351941 9.9506339051476367
-35.1735173517351711 -8.8683982156310641
-35.1535153515351482 -6.7951775224370490
-35.1335133513351252 14.5417957896413945
-35.1135113511351165 -6.8046004100264712
-35.0935093509350935 13.4448837939747925
-35.0735073507350705 15.2868653931056464
-35.0535053505350476 55.0025238144707203
-35.0335033503350246 6.5847497889596616
-35.0135013501350159 3.9361662429573316
-34.9934993499349929 44.6782954702392345
-34.9734973497349699 -2.0334823178181889
-34.9534953495349470 -1.4114435409562089
-34.9334933493349240 -12.4109872617020294
-34.9134913491349153 -4.7558343813818187
-34.8934893489348923 42.5190206079978594
-34.8734873487348693 15.8328759328721169
-34.8534853485348464 6.4904331881866355
-34.8334833483348234 -14.7387347202268106
-34.8134813481348147 50.4748861475492703
-34.7934793479347917 -5.2566672823240896
-34.7734773477347687 -13.5135907062794853
-34.7534753475347458 6.1976349172846028
-34.7334733473347370 -2.6917213573282668
-34.7134713471347141 12.3737243347592631
-34.6934693469346911 -7.3097241525191965
-34.6734673467346681 15.0119983621963620
-34.6534653465346452 -57.2275167835641199
-34.6334633463346364 -0.3343402911313396
-34.6134613461346134 0.5377701690088221
-34.5934593459345905 1.7667207549217467
-34.5734573457345675 -6.6157363955092929
-34.5534553455345446 6.4509294606459440
-34.5334533453345358 -3.4051744082492714
-34.5134513451345128 33.5086965028285277
-34.4934493449344899 24.6508757846966908
-34.4734473447344669 13.6266028966103541
-34.4534453445344440 -0.6422836141380461
-34.4334433443344352 8.5666397994157251
-34.4134413441344122 29.8264235773833697
-34.3934393439343893 -8.0469979378686212
-34.3734373437343663 12.9762390525363891
-34.3534353435343434 17.6471748066650100
-34.3334333433343346 -36.3199679161256341
-34.3134313431343116 5.9148460795007178
-34.2934293429342887 32.6707464856480101
-34.2734273427342657 -10.6482245034676737
-34.2534253425342570 -27.5072291652925713
-34.2334233423342340 -10.1411462515096051
-34.2134213421342110 -1.4030639939230332
-34.1934193419341881 22.0818421434334802
-34.1734173417341651 10.0317764201342712
-34.1534153415341564 33.1136345500156821
-34.1334133413341334 30.8639701847192143
-34.1134113411341104 21.0752323004686239
-34.0934093409340875 32.0840392256337594
-34.0734073407340645 8.1455162573917761
-34.0534053405340558 1.5503908062577096
-34.0334033403340328 -3.0091369335261984
-34.0134013401340098 14.7600189664792971
-33.9933993399339869 24.1789775000334188
-33.9733973397339639 -20.6920308540777214
-33.9533953395339552 -12.2068002880329853
-33.9333933393339322 1.1198442931407668
-33.9133913391339092 -4.1401288526009754
-33.8933893389338863 29.8975170269884352
-33.8733873387338633 6.1608672268610380
-33.8533853385338546 23.7086602925726062
-33.8333833383338316 32.4486697528124068
-33.8133813381338086 -1.0636367412943448
-33.7933793379337857 -1.2232868394220375
-33.7733773377337769 16.7951042638515382
-33.7533753375337540 -22.5468942321190511
-33.7333733373337310 5.6380121052404535
-33.7133713371337080 -42.0711962942038085
-33.6933693369336851 27.4444621172710264
-33.6733673367336763 -13.0104266671164073
-33.6533653365336534 28.7223215730564583
-33.6333633363336304 3.7262970169453435
-33.6133613361336074 4.6148012327290147
-33.5933593359335845 4.9918529721413538
-33.5733573357335757 3.8768527167854128
-33.5533553355335528 -11.5815860238893613
-33.5333533353335298 20.7373525794799178
-33.5133513351335068 -9.6216653303728528
-33.4933493349334839 16.0161506348486782
-33.4733473347334751 -16.7532929017780141
-33.4533453345334522 -1.8724709482744784
-33.4333433343334292 -4.0195950342522160
-33.4133413341334062 12.2460537611753111
-33.3933393339333833 16.0018033917423743
-33.3733373337333745 -27.6725278286027745
-33.3533353335333516 35.4517163316588579
-33.3333333333333286 -9.6501645695383154
-33.3133313331333056 -7.3995800417150148
-33.2933293329332969 38.6236979575898260
-33.2733273327332739 -5.8576852553651806
-33.2533253325332510 34.2554906504966539
-33.2333233323332280 -7.8316209570149597
-33.2133213321332050 12.7827292652816666
-33.1933193319331963 -3.2405815569309588
-33.1733173317331733 5.8064128745537200
-33.1533153315331504 -1.6313198546400951
-33.1333133313331274 37.2716526726477753
-33.1133113311331044 -0.1057412716393626
-33.0933093309330957 6.0785863818788020
-33.0733073307330727 9.0516814767317673
-33.0533053305330498 31.2816671133113218
-33.0333033303330268 -20.4361517441046097
-33.0133013301330038 -0.8794392108727802
-32.9932993299329951 49.9175609454643308
-32.9732973297329721 -13.1398392162293867
-32.9532953295329492 -2.0127173217337981
-32.9332933293329262 9.1118518933168104
-32.9132913291329032 18.9905267504077813
-32.8932893289328945 21.6424698989992486
-32.8732873287328715 -2.9580697153072615
-32.8532853285328486 -20.6075100488136975
-32.8332833283328256 -18.4579989907671411
-32.8132813281328168 -14.0064202334305836
-32.7932793279327939 3.1030725327249078
-32.7732773277327709 22.0932276534857088
-32.7532753275327480 7.6223047674612356
-32.7332733273327250 13.0712759115046975
-32.7132713271327162 -7.7851208391675168
-32.6932693269326933 -5.3290953999179180
-32.6732673267326703 10.0477920246923098
-32.6532653265326474 -7.5844243452815014
-32.6332633263326244 30.2836998318082777
-32.6132613261326156 12.9566415924061804
-32.5932593259325927 -7.3936977424590014
-32.5732573257325697 -7.5985139683941068
-32.5532553255325467 25.0952764254691161
-32.5332533253325238 0.4387773471373353
-32.5132513251325150 -0.9448643216642774
-32.4932493249324921 1.6026775540372182
-32.4732473247324691 14.5222907347520813
-32.4532453245324461 -34.5726448947156939
-32.4332433243324232 52.7196360452627673
-32.4132413241324144 -0.6628530493042026
-32.3932393239323915 3.3631861497889113
-32.3732373237323685 -27.6941672805833186
-32.3532353235323455 -10.6120292117575392
-32.3332333233323368 11.7470292108357324
-32.3132313231323138 1.7065378634348001
-32.2932293229322909 30.8222777404381887
-32.2732273227322679 15.9485183653189857
-32.2532253225322449 28.6390529104735414
-32.2332233223322362 20.9750845465046254
-32.2132213221322132 12.1278669350271784
-32.1932193219321903 -21.6124186330124815
-32.1732173217321673 -13.0757791781956527
-32.1532153215321443 -17.4122178300193866
-32.1332133213321356 -2.0535674356582048
-32.1132113211321126 52.3400979210174526
-32.0932093209320897 5.2215311266108015
-32.0732073207320667 -39.7174041355781497
-32.0532053205320437 -7.1313455173802414
-32.0332033203320350 -39.0982256817991995
-32.0132013201320120 -18.6192103812071572
-31.9931993199319891 25.6525456499794053
-31.9731973197319661 -4.4096179770592574
-31.9531953195319431 7.0933661712902243
-31.9331933193319344 -0.7780664173861926
-31.9131913191319114 -16.0897663849236565
-31.8931893189318885 -19.3655609682001959
-31.8731873187318655 12.1546652698029458
-31.8531853185318568 24.4059751264130398
-31.8331833183318338 -2.7020432969298511
-31.8131813181318108 13.1692796027004668
-31.7931793179317879 -8.2737803672862924
-31.7731773177317649 -29.6370303458629607
-31.7531753175317561 13.9481488613024940
-31.7331733173317332 9.8441909738835012
-31.7131713171317102 4.1535838874251061
-31.6931693169316873 2.8826424887188473
-31.6731673167316643 -18.5030399750751151
-31.6531653165316555 -5.8952288807242574
-31.6331633163316326 6.0583047432044079
-31.6131613161316096 -0.3481886575369773
-31.5931593159315867 -9.5626884222936219
-31.5731573157315637 -9.8872334166459694
-31.5531553155315549 2.0402113355472453
-31.5331533153315320 21.1162632929143612
-31.5131513151315090 5.8437042334607447
-31.4931493149314861 2.0201907685428586
-31.4731473147314631 6.1355005541631549
-31.4531453145314543 27.6658619159023296
-31.4331433143314314 20.0331455610319296
-31.4131413141314084 -31.9962466945111856
-31.3931393139313855 3.6326026998617467
-31.3731373137313767 -3.6230661492639640
-31.3531353135313537 -7.6634230794173614
-31.3331333133313308 -20.3889636058553378
-31.3131313131313078 -19.6872369410616628
-31.2931293129312849 12.9937101277278284
-31.2731273127312761 13.4293212338427956
-31.2531253125312531 4.1603534634239061
-31.2331233123312302 -5.4448437181335780
-31.2131213121312072 1.2360065265219786
-31.1931193119311843 7.0076215505458048
-31.1731173117311755 -18.7110645795592845
-31.1531153115311525 33.7792780853159798
-31.1331133113311296 17.9794379113980369
-31.1131113111311066 1.0616651226018829
-31.0931093109310837 32.5981797523850290
-31.0731073107310749 -36.5643618084634170
-31.0531053105310519 -5.4327874635106141
-31.0331033103310290 16.1588746927165232
-31.0131013101310060 -6.3468753308334289
-30.9930993099309831 -20.8002199094328368
-30.9730973097309743 8.3237941805227056
-30.9530953095309513 29.4475631038595935
-30.9330933093309284 27.3860142127227810
-30.9130913091309054 4.5334028489580716
-30.8930893089308967 -3.2993838374875493
-30.8730873087308737 5.9313964761179445
-30.8530853085308507 -1.3542031286163376
-30.8330833083308278 -23.9040096443097099
-30.8130813081308048 -31.1612899585370329
-30.7930793079307961 25.8519642601303445
-30.7730773077307731 34.4104845519518250
-30.7530753075307501 18.6835398872263028
-30.7330733073307272 4.2782388561572136
-30.7130713071307042 8.1384606465997837
-30.6930693069306955 5.6061980280334902
-30.6730673067306725 -17.8688276759253029
-30.6530653065306495 -11.7484357568807596
-30.6330633063306266 -13.5505477437327215
-30.6130613061306036 8.9079780562969511
-30.5930593059305949 23.0568371616380823
-30.5730573057305719 0.9069347386634683
-30.5530553055305489 -6.6727354505246836
-30.5330533053305260 27.2678043824504144
-30.5130513051305030 5.5096160186035794
-30.4930493049304943 -9.0200635076288140
-30.4730473047304713 -8.8404768196447705
-30.4530453045304483 7.9082311971609247
-30.4330433043304254 39.0474823858041162
-30.4130413041304166 25.1117235942131174
-30.3930393039303937 -30.8633687961117928
-30.3730373037303707 -13.4494854653116871
-30.3530353035303477 -0.7524697554376378
-30.3330333033303248 -6.6108818704944685
-30.3130313031303160 34.4157719788322538
-30.2930293029302931 15.7313189072520707
-30.2730273027302701 13.7592698881482995
-30.2530253025302471 18.8495587863129153
-30.2330233023302242 21.2841429472628150
-30.2130213021302154 -9.5743994489737076
-30.1930193019301925 17.3535842176852668
-30.1730173017301695 18.5024768939365529
-30.1530153015301465 13.0493062133676911
-30.1330133013301236 -30.6931100455362262
-30.1130113011301148 -26.3042081464019262
-30.0930093009300919 -6.9504455389394195
-30.0730073007300689 1.0409732334542192
-30.0530053005300459 2.3302635386755450
-30.0330033003300230 19.5580824495067205
-30.0130013001300142 -0.4809378068513159
-29.9929992999299913 -4.0935046277447746
-29.9729972997299683 -15.5643169136181410
-29.9529952995299453 40.8824394917539991
-29.9329932993299366 38.2891120838561463
-29.9129912991299136 2.2194628372950707
-29.8929892989298907 30.6766244828347894
-29.8729872987298677 26.9242091419415246
-29.8529852985298447 7.8734536481258601
-29.8329832983298360 8.1132076250631879
-29.8129812981298130 -9.8955796631161608
-29.7929792979297901 0.7528256502030719
-29.7729772977297671 -6.6180325327779066
-29.7529752975297441 -3.0799610202810488
-29.7329732973297354 -1.5761776158010834
-29.7129712971297124 27.3677024040718884
-29.6929692969296894 0.1606347510154618
-29.6729672967296665 -0.7133860829392749
-29.6529652965296435 20.2360304014912202
-29.6329632963296348 8.1872372196001599
-29.6129612961296118 -7.6249005832906116
-29.5929592959295888 -10.3460973932275841
-29.5729572957295659 27.4497986293852492
-29.5529552955295429 2.4362924872117571
-29.5329532953295342 10.8437216176249684
-29.5129512951295112 20.0707675744048366
-29.4929492949294882 19.1857190465344090
-29.4729472947294653 -1.3782240160029189
-29.4529452945294565 -8.0279989828435490
-29.4329432943294336 15.7208903966127131
-29.4129412941294106 0.2293537656313123
-29.3929392939293876 14.4918962733109993
-29.3729372937293647 16.6898226931294147
-29.3529352935293559 4.4693355232371283
-29.3329332933293330 5.3871540049842910
-29.3129312931293100 19.6975554448985726
-29.2929292929292870 -15.3229571103228963
-29.2729272927292641 31.6047872427463226
-29.2529252925292553 11.5238399234365403
-29.2329232923292324 -27.1303664704129766
-29.2129212921292094 38.0606077853143105
-29.1929192919291864 2.2385368734843603
-29.1729172917291635 -19.4432925820292937
-29.1529152915291547 1.7667484816636048
-29.1329132913291318 29.1627969042827715
-29.1129112911291088 -26.7971777327332035
-29.0929092909290858 -4.1406761889061254
-29.0729072907290629 -28.0821919557940092
-29.0529052905290541 -7.5271777200966223
-29.0329032903290312 3.2552026178678477
-29.0129012901290082 -7.8661129248597979
-28.9928992899289852 40.2116465103928391
-28.9728972897289765 10.5455496375901934
-28.9528952895289535 -12.9968583521178846
-28.9328932893289306 21.0241007456587816
-28.9128912891289076 -12.2039970140280296
-28.8928892889288846 -5.1586695644003617
-28.8728872887288759 -3.2287223730527748
-28.8528852885288529 26.1005750151115983
-28.8328832883288300 10.6339220322114070
-28.8128812881288070 18.4103018115003252
-28.7928792879287840 -0.5528191733793402
-28.7728772877287753 -16.4415239424910027
-28.7528752875287523 45.4826302673624170
-28.7328732873287294 8.7032605120236308
-28.7128712871287064 -29.1533190901618333
-28.6928692869286834 -21.8916226586611167
-28.6728672867286747 18.1481336760136358
-28.6528652865286517 -5.7131538687245360
-28.6328632863286288 15.3903884950633891
-28.6128612861286058 -37.3948111018178153
-28.5928592859285828 9.9680462983517923
-28.5728572857285741 -3.5786141595013325
-28.5528552855285511 1.8248659137198151
-28.5328532853285282 -14.3803958112059487
-28.5128512851285052 19.0461821074491056
-28.4928492849284964 3.3913127999759123
-28.4728472847284735 -25.2871890696631922
-28.4528452845284505 -13.2390666689404011
-28.4328432843284276 16.8662386695520432
-28.4128412841284046 18.8673250083864517
-28.3928392839283958 4.6654275910195722
-28.3728372837283729 5.8654476805896696
-28.3528352835283499 -14.6666953966863218
-28.3328332833283270 4.5616874261832354
-28.3128312831283040 -20.7062295378003505
-28.2928292829282952 -8.0367336916719303
-28.2728272827282723 -4.0472303277429074
-28.2528252825282493 -9.8982357532654870
-28.2328232823282264 -2.8160651927334088
-28.2128212821282034 -0.2376646772645912
-28.1928192819281946 20.8408401263463325
-28.1728172817281717 -19.2489124833360492
-28.1528152815281487 11.6878641132708019
-28.1328132813281258 -27.4635075770276238
-28.1128112811281028 -15.1097707416243701
-28.0928092809280940 12.2744917264151692
-28.0728072807280711 27.0745923571515661
-28.0528052805280481 -30.8678229219853009
-28.0328032803280252 -7.7947838245097678
-28.0128012801280022 2.2802146257568165
-27.9927992799279934 0.9273127864243673
-27.9727972797279705 -16.6841250332624895
-27.9527952795279475 6.2706276928027123
-27.9327932793279246 -17.2206377536005526
-27.9127912791279158 -11.2162897235628485
-27.8927892789278928 25.7012270193183667
-27.8727872787278699 -3.9325269207656879
-27.8527852785278469 -15.0703180792650464
-27.8327832783278240 -7.8375721085015702
-27.8127812781278152 14.9225020287492818
-27.7927792779277922 -14.2864883429058516
-27.7727772777277693 26.5955662770137273
-27.7527752775277463 13.2637855100331308
-27.7327732773277233 -29.3155498658345159
-27.7127712771277146 -41.5116084162861014
-27.6927692769276916 8.1058649758124819
-27.6727672767276687 18.4000223585413316
-27.6527652765276457 3.4599417873245590
-27.6327632763276227 5.6677153694420923
-27.6127612761276140 -34.4407889806100016
-27.5927592759275910 -26.3956402652009601
-27.5727572757275681 -15.7118938361149265
-27.5527552755275451 -27.9128558760580638
-27.5327532753275221 21.8079935975621595
-27.5127512751275134 13.6581151685409630
-27.4927492749274904 -35.7815286076213752
-27.4727472747274675 17.7954756335206170
-27.4527452745274445 29.4034403231695691
-27.4327432743274358 -10.4562594142529708
-27.4127412741274128 -23.4581494126281065
-27.3927392739273898 -26.9278367102967344
-27.3727372737273669 27.3445978119799662
-27.3527352735273439 28.6400059097157715
-27.3327332733273352 16.2136553998273811
-27.3127312731273122 4.5867774757519157
-27.2927292729272892 -8.9232337606679888
-27.2727272727272663 20.8152405645395291
-27.2527252725272433 -4.7979945812607347
-27.2327232723272346 -19.9447522788733416
-27.2127212721272116 19.2378796024915104
-27.1927192719271886 25.0602524994722202
-27.1727172717271657 -21.1371779368859904
-27.1527152715271427 -31.6599117517610864
-27.1327132713271340 -10.7229621506551425
-27.1127112711271110 32.2553901780391001
-27.0927092709270880 71.9542586210029782
-27.0727072707270651 -5.1334569497251561
-27.0527052705270421 -8.6605366678949753
-27.0327032703270334 18.4515493159402268
-27.0127012701270104 -19.0398870847416752
-26.9926992699269874 5.5981604631987070
-26.9726972697269645 0.2284968830077994
-26.9526952695269557 -25.9797176205888505
-26.9326932693269328 14.1546223707089354
-26.9126912691269098 24.7814980483275562
-26.8926892689268868 15.9918968170388212
-26.8726872687268639 -23.9301689098219903
-26.8526852685268551 32.7202727693799105
-26.8326832683268321 32.6368189387093608
-26.8126812681268092 -7.6206345103809916
-26.7926792679267862 7.6239437861291091
-26.7726772677267633 7.8035312683356040
-26.7526752675267545 5.5350918176898070
-26.7326732673267315 26.2856723576975284
-26.7126712671267086 0.9923561267977241
-26.6926692669266856 10.1176522080156737
-26.6726672667266627 -4.6755462313825662
-26.6526652665266539 22.5517533914270274
-26.6326632663266309 5.2754932454285974
-26.6126612661266080 10.2133901469955930
-26.5926592659265850 -3.5996291481987432
-26.5726572657265621 3.1220343759434561
-26.5526552655265533 -38.0494256367061254
-26.5326532653265303 25.5454181776719373
-26.5126512651265074 4.1672471418317567
-26.4926492649264844 -9.0176102397475688
-26.4726472647264757 18.7467829221243498
-26.4526452645264527 1.7668851095896478
-26.4326432643264297 35.1255235959616456
-26.4126412641264068 31.8659655791468168
-26.3926392639263838 15.9938765221869623
-26.3726372637263751 -8.9337234244634978
-26.3526352635263521 8.8834690445002149
-26.3326332633263291 -8.1181297764101732
-26.3126312631263062 13.2052865920579094
-26.2926292629262832 10.1651981169833032
-26.2726272627262745 13.6791084551177473
-26.2526252625262515 -11.5418340709592595
-26.2326232623262285 6.8316028579972787
-26.2126212621262056 -37.6067519612384089
-26.1926192619261826 -14.1673829162122029
-26.1726172617261739 -18.8527065977967041
-26.1526152615261509 -5.9224152516389204
-26.1326132613261279 -2.8165582444719499
-26.1126112611261050 -19.5010385419485672
-26.0926092609260820 2.7427546273720864
-26.0726072607260733 -12.7814197467371979
-26.0526052605260503 8.2990721864578560
-26.0326032603260273 32.8527523346328181
-26.0126012601260044 -14.4769814078764227
-25.9925992599259956 16.4366320521413840
-25.9725972597259727 17.0975710314128797
-25.9525952595259497 -22.2511719611129699
-25.9325932593259267 39.6322518172620590
-25.9125912591259038 -9.4875651894388255
-25.8925892589258950 30.5717477148426759
-25.8725872587258721 -9.8931359111115960
-25.8525852585258491 3.7773771951061144
-25.8325832583258261 11.5050434813662807
-25.8125812581258032 19.9102658405847741
-25.7925792579257944 -26.6067831870427796
-25.7725772577257715 -22.5564160108976886
-25.7525752575257485 11.2642777850189368
-25.7325732573257255 7.5599601942412384
-25.7125712571257026 6.6571392778944318
-25.6925692569256938 8.7545062474018529
-25.6725672567256709 -2.2377528741518322
-25.6525652565256479 -42.0207071042995466
-25.6325632563256249 3.2532711091115454
-25.6125612561256020 -44.3170179528886123
-25.5925592559255932 9.3475811699411828
-25.5725572557255703 6.3200888294052877
-25.5525552555255473 -22.3609270371359585
-25.5325532553255243 14.2244404742617743
-25.5125512551255156 -22.3135980097984969
-25.4925492549254926 -13.9549372798151143
-25.4725472547254697 19.0136864139289798
-25.4525452545254467 -22.3576933422816957
-25.4325432543254237 4.4921014212105952
-25.4125412541254150 7.5523497438006242
-25.3925392539253920 8.2997884393322217
-25.3725372537253691 -28.1543883820501719
-25.3525352535253461 -17.7908079129803802
-25.3325332533253231 -15.3628655377357362
-25.3125312531253144 7.8413100297120115
-25.2925292529252914 9.2608437986564418
-25.2725272527252685 49.8306389420463418
-25.2525252525252455 17.4580148199126164
-25.2325232523252225 10.1924329157246039
-25.2125212521252138 -1.1192923486110828
-25.1925192519251908 28.0485313494156898
-25.1725172517251679 -9.0412297027181090
-25.1525152515251449 1.7815253286201036
-25.1325132513251219 -8.1467401365355698
-25.1125112511251132 -11.4887340324228671
-25.0925092509250902 1.4407349898937554
-25.0725072507250673 26.7846005053229703
-25.0525052505250443 -39.7493086070301160
-25.0325032503250355 3.5378619590577056
-25.0125012501250126 15.8714300589546013
-24.9924992499249896 22.2590346027951682
-24.9724972497249667 -6.4238621734225276
-24.9524952495249437 1.2477490347314157
-24.9324932493249349 25.1645771048930484
-24.9124912491249120 22.2460757726091032
-24.8924892489248890 -11.5425271115155788
-24.8724872487248660 -2.4415762783212931
-24.8524852485248431 5.4383308250178883
-24.8324832483248343 8.2852911443167407
-24.8124812481248114 15.8926490382556072
-24.7924792479247884 -0.1858028189258148
-24.7724772477247654 10.4628059919315781
-24.7524752475247425 -3.1101032842496421
-24.7324732473247337 6.4033232080655518
-24.7124712471247108 -7.3052154074754219
-24.6924692469246878 -18.2089985017607461
-24.6724672467246648 -4.0142693006952248
-24.6524652465246419 15.1518741995633714
-24.6324632463246331 -3.0771005500676880
-24.6124612461246102 18.1565367154793762
-24.5924592459245872 11.9736971465287958
-24.5724572457245642 10.8578327868784879
-24.5524552455245555 -29.9185576053047981
-24.5324532453245325 -0.6033732535451325
-24.5124512451245096 5.2633194722592682
-24.4924492449244866 17.9130230570152769
-24.4724472447244636 -2.4046617831056385
-24.4524452445244549 -7.2668780605758698
-24.4324432443244319 -35.0174098713584243
-24.4124412441244090 9.8906968167432403
-24.3924392439243860 -0.4057149870862402
-24.3724372437243630 21.9099709690486542
-24.3524352435243543 -29.5432714528980433
-24.3324332433243313 -10.6120367984491555
-24.3124312431243084 -17.9000791964159873
-24.2924292429242854 31.6649853346871808
-24.2724272427242624 17.8897060854431089
-24.2524252425242537 -5.0727846084759323
-24.2324232423242307 5.3264425091404117
-24.2124212421242078 -0.0579421119452656
-24.1924192419241848 -21.1538404251619383
-24.1724172417241618 1.5253810345992642
-24.1524152415241531 -18.2952132469390953
-24.1324132413241301 0.8204844848838252
-24.1124112411241072 39.8153262621653354
-24.0924092409240842 9.2346654708190048
-24.0724072407240755 -0.5353005593027493
-24.0524052405240525 -7.7277126426365426
-24.0324032403240295 -8.3809239627927532
-24.0124012401240066 -4.9754202871586735
-23.9923992399239836 18.9724389166301854
-23.9723972397239748 16.8810371531397330
-23.9523952395239519 -16.7349938378332546
-23.9323932393239289 -25.5619130036207700
-23.9123912391239060 5.2845162270399175
-23.8923892389238830 40.3884745925730115
-23.8723872387238742 3.3521109330874532
-23.8523852385238513 -24.6731240764602404
-23.8323832383238283 11.6267653792868710
-23.8123812381238054 15.9171265637784902
-23.7923792379237824 -29.9675111894079436
-23.7723772377237736 18.5789414513651892
-23.7523752375237507 -48.4735850557630528
-23.7323732373237277 -13.7440858634459993
-23.7123712371237048 -11.9349238464153657
-23.6923692369236818 -7.5758448295920289
-23.6723672367236730 -10.6068178247241995
-23.6523652365236501 25.6443068323352108
-23.6323632363236271 14.2784758809429349
-23.6123612361236042 15.4422052018674716
-23.5923592359235954 36.9739000241533873
-23.5723572357235724 -3.3615126496053143
-23.5523552355235495 -17.7026165313027057
-23.5323532353235265 25.7863412602606701
-23.5123512351235036 -18.6244883681864550
-23.4923492349234948 -35.5088251416759064
-23.4723472347234718 0.6524213012048754
-23.4523452345234489 5.3802736575805277
-23.4323432343234259 -7.9042188885182023
-23.4123412341234030 -38.0859809727623784
-23.3923392339233942 -19.7453771981610551
-23.3723372337233712 -26.9704818285613541
-23.3523352335233483 12.9492123579439333
-23.3323332333233253 -11.1940077934458468
-23.3123312331233024 -3.3748456349954052
-23.2923292329232936 -27.3513514208715982
-23.2723272327232706 14.9851115127484498
-23.2523252325232477 3.1421942918656396
-23.2323232323232247 3.8187612049226578
-23.2123212321232018 -25.6306126358467310
-23.1923192319231930 9.2332222688797412
-23.1723172317231700 3.5361673843916366
-23.1523152315231471 -5.5756670676748357
-23.1323132313231241 -3.0699778081686180
-23.1123112311231154 -30.0666750169657746
-23.0923092309230924 -12.6100964504161066
-23.0723072307230694 -7.8149546839793977
-23.0523052305230465 -12.0308321209799320
-23.0323032303230235 -20.0415251781645800
-23.0123012301230148 11.6375650128476344
-22.9922992299229918 0.5201512839662881
-22.9722972297229688 -9.1429927285791166
-22.9522952295229459 -8.8242790312990156
-22.9322932293229229 -29.5335092427512187
-22.9122912291229142 -1.5697624365571674
-22.8922892289228912 -15.6216599209062519
-22.8722872287228682 -8.7036032121281703
-22.8522852285228453 -20.4649943431593222
-22.8322832283228223 4.8571897063057339
-22.8122812281228136 18.8082628478602523
-22.7922792279227906 -0.5103503467757495
-22.7722772277227676 28.7067073947820326
-22.7522752275227447 -21.9571292349907097
-22.7322732273227217 -16.7687756690158523
-22.7122712271227130 35.9733183082592092
-22.6922692269226900 7.1289745590159690
-22.6722672267226670 -19.3190575542269372
-22.6522652265226441 -29.3510954447783483
-22.6322632263226353 28.0521438712192079
-22.6122612261226124 -7.1564902897277838
-22.5922592259225894 -14.7940193483441753
-22.5722572257225664 -13.5562390119875964
-22.5522552255225435 -26.2830204228112798
-22.5322532253225347 -46.2528351369375486
-22.5122512251225118 -16.8302448601193930
-22.4922492249224888 -0.1091235712714516
-22.4722472247224658 -65.2040892621606218
-22.4522452245224429 -13.8964461761125708
-22.4322432243224341 -37.2525476188691300
-22.4122412241224112 4.8271334578221667
-22.3922392239223882 -17.6376847157494403
-22.3722372237223652 7.4975031879475216
-22.3522352235223423 0.7613404647693125
-22.3322332233223335 3.1960389503833104
-22.3122312231223106 -11.7108086295938225
-22.2922292229222876 12.7398365700456218
-22.2722272227222646 -1.8084430791477326
-22.2522252225222417 2.4695005604693678
-22.2322232223222329 12.7155315798489408
-22.2122212221222100 -0.5895472063437679
-22.1922192219221870 -27.4729561023709472
-22.1722172217221640 22.6743510416636020
-22.1522152215221553 0.8220780260215323
-22.1322132213221323 24.3623131565576649
-22.1122112211221094 -45.9447351392452674
-22.0922092209220864 12.6921820017207789
-22.0722072207220634 5.4971811086284035
-22.0522052205220547 18.0328459894651019
-22.0322032203220317 17.4003922517322422
-22.0122012201220087 -16.9499820016940461
-21.9921992199219858 8.4166915207100459
-21.9721972197219628 11.2408066741908375
-21.9521952195219541 -2.7244388320039321
-21.9321932193219311 19.1522397997612224
-21.9121912191219081 -1.1248270452622615
-21.8921892189218852 8.4885069347749802
-21.8721872187218622 -12.4310400477934131
-21.8521852185218535 29.3937510144439074
-21.8321832183218305 -34.2855793255646262
-21.8121812181218075 4.8484671570102309
-21.7921792179217846 -9.4150449417305531
-21.7721772177217616 21.2725215639633731
-21.7521752175217529 -35.1172617465248749
-21.7321732173217299 22.1679975442137298
-21.7121712171217069 30.7375240834273278
-21.6921692169216840 -14.9846605561724182
-21.6721672167216752 -15.5297759558084856
-21.6521652165216523 -24.4446643483149906
-21.6321632163216293 15.3299211146356136
-21.6121612161216063 46.3195968146146768
-21.5921592159215834 7.6835820328772257
-21.5721572157215746 -2.9021733890555512
-21.5521552155215517 -22.7690298469775172
-21.5321532153215287 11.4412566214319931
-21.5121512151215057 -19.1459066227789094
-21.4921492149214828 22.7487753839883879
-21.4721472147214740 -1.0267799954013166
-21.4521452145214511 6.4292496155224494
-21.4321432143214281 13.2202428299460681
-21.4121412141214051 3.2365051630781529
-21.3921392139213822 -20.4979759720863086
-21.3721372137213734 6.6026527349798112
-21.3521352135213505 -5.2593336011742426
-21.3321332133213275 -19.7797220458353173
-21.3121312131213045 -6.1482841133092920
-21.2921292129212816 23.6959779898592053
-21.2721272127212728 -3.8441721606479198
-21.2521252125212499 -14.4408977376716301
-21.2321232123212269 20.7161850260125391
-21.2121212121212039 22.5477014939661231
-21.1921192119211952 -8.5549683531763456
-21.1721172117211722 -21.9121152148111946
-21.1521152115211493 29.0581666062690864
-21.1321132113211263 7.8751427523945594
-21.1121112111211033 -36.8336808403331091
-21.0921092109210946 -44.5384769636967590
-21.0721072107210716 -2.2789518817735477
-21.0521052105210487 16.1885021328676793
-21.0321032103210257 -6.0781421348111504
-21.0121012101210027 24.6306646518270647
-20.9920992099209940 -10.4769063953488395
-20.9720972097209710 -28.4742020865608545
-20.9520952095209481 11.2316248751253234
-20.9320932093209251 -16.4930172825462655
-20.9120912091209021 0.5970104517352564
-20.8920892089208934 -21.0570651404413454
-20.8720872087208704 8.1695425661247771
-20.8520852085208475 -26.1393397161455994
-20.8320832083208245 -17.5516619703470411
-20.8120812081208015 -24.0269466218384267
-20.7920792079207928 24.1364921742999385
-20.7720772077207698 9.5505792059363692
-20.7520752075207469 2.7598873416741330
-20.7320732073207239 -24.0405844804610247
-20.7120712071207151 22.1956406226308971
-20.6920692069206922 -34.4100482436926498
-20.6720672067206692 14.3690592715934269
-20.6520652065206463 -10.2360597604586907
-20.6320632063206233 0.2043453161360387
-20.6120612061206145 -18.3423913766961029
-20.5920592059205916 -4.2601323621120377
-20.5720572057205686 17.5638045985868239
-20.5520552055205457 -14.2822009940605170
-20.5320532053205227 16.2503284504540986
-20.5120512051205139 -23.4169951195771908
-20.4920492049204910 10.7289350078286851
-20.4720472047204680 4.8724309919961186
-20.4520452045204451 -25.5511059460481498
-20.4320432043204221 -37.8470172025973071
-20.4120412041204133 -17.0753738336311507
-20.3920392039203904 13.6738107485792284
-20.3720372037203674 -24.4504123365999959
-20.3520352035203445 -26.9732218539052937
-20.3320332033203215 -14.3359658773180065
-20.3120312031203127 -21.2612248211163717
-20.2920292029202898 12.7830694246722718
-20.2720272027202668 36.3673538358028239
-20.2520252025202439 -26.4842771401897252
-20.2320232023202351 23.0241967013711992
-20.2120212021202121 18.9920641128363563
-20.1920192019201892 -3.0606037736574661
-20.1720172017201662 -7.7613323994612369
-20.1520152015201433 -7.3019821424089493
-20.1320132013201345 -23.3287664180326431
-20.1120112011201115 16.6521941932421491
-20.0920092009200886 -3.2812110420920799
-20.0720072007200656 0.0671692593780806
-20.0520052005200426 -9.3084641706707316
-20.0320032003200339 29.2257132330478768
-20.0120012001200109 -34.0309348149618529
-19.9919991999199880 -4.4936355305940960
-19.9719971997199650 2.6740399902537426
-19.9519951995199420 -13.0791806499611294
-19.9319931993199333 1.8202189306642405
-19.9119911991199103 2.9692022334255048
-19.8919891989198874 -14.5127717331155530
-19.8719871987198644 23.0196118093545614
-19.8519851985198414 -12.0469085999601475
-19.8319831983198327 -19.9136915276928441
-19.8119811981198097 -5.9285798749617955
-19.7919791979197868 -22.3459838660610153
-19.7719771977197638 14.8580759857378695
-19.7519751975197551 19.5901187412512847
-19.7319731973197321 16.8223960453486683
-19.7119711971197091 -9.5692123251154655
-19.6919691969196862 21.7851897594406090
-19.6719671967196632 -38.3176350162383841
-19.6519651965196545 18.0164770475276015
-19.6319631963196315 5.7583671813446058
-19.6119611961196085 5.2244766640900151
-19.5919591959195856 0.2654075014780624
-19.5719571957195626 0.3538622522591810
-19.5519551955195539 -5.7907572360133459
-19.5319531953195309 2.3180307365910604
-19.5119511951195079 -43.0599235072252213
-19.4919491949194850 7.1213342061421665
-19.4719471947194620 11.4680285207828021
-19.4519451945194533 -17.2888467163373321
-19.4319431943194303 8.1795813902388748
-19.4119411941194073 12.2189863810775705
-19.3919391939193844 10.1298582985704400
-19.3719371937193614 -12.4194585310655885
-19.3519351935193527 31.1524460090030644
-19.3319331933193297 -8.3952430930832875
-19.3119311931193067 -14.8202296004492737
-19.2919291929192838 -12.6040336732762785
-19.2719271927192750 -25.2087144480028087
-19.2519251925192521 -2.1367562685804948
-19.2319231923192291 -36.9658493637706442
-19.2119211921192061 -0.2237749113469008
-19.1919191919191832 -16.6560722313308922
-19.1719171917191744 0.3965660253729668
-19.1519151915191514 -27.4781379906297438
-19.1319131913191285 -5.3134201183570546
-19.1119111911191055 -0.3749445571419212
-19.0919091909190826 -11.7721209667892772
-19.0719071907190738 30.6857179765691725
-19.0519051905190508 4.6524942608362760
-19.0319031903190279 14.1736310823228315
-19.0119011901190049 -3.6288713012758533
-18.9918991899189820 -2.3616275296742715
-18.9718971897189732 -28.4676122270611671
-18.9518951895189502 -27.4872911868420502
-18.9318931893189273 11.6569629954722362
-18.9118911891189043 -25.1846504766968167
-18.8918891889188814 20.8087620058858462
-18.8718871887188726 10.3892079204655019
-18.8518851885188496 -12.9153824993396036
-18.8318831883188267 11.7323687801083203
-18.8118811881188037 -53.1815877399156278
-18.7918791879187950 -24.6529022348268185
-18.7718771877187720 -21.3386649358148830
-18.7518751875187490 11.2903568997741370
-18.7318731873187261 -8.4323137662661090
-18.7118711871187031 22.2232129498688309
-18.6918691869186944 -4.7998395045550613
-18.6718671867186714 -11.7936026875477484
-18.6518651865186484 24.9558060099218793
-18.6318631863186255 -36.6841075675034460
-18.6118611861186025 -17.4795141715864588
-18.5918591859185938 16.2716787821835638
-18.5718571857185708 31.6148129227069248
-18.5518551855185478 7.7317068091450185
-18.5318531853185249 -33.8344846810444793
-18.5118511851185019 2.2968341246761304
-18.4918491849184932 -12.4926167406855093
-18.4718471847184702 -21.2976829367976634
-18.4518451845184472 28.1864938509605878
-18.4318431843184243 -44.9928451664667861
-18.4118411841184013 -6.7890624925962912
-18.3918391839183926 -17.7621516731915499
-18.3718371837183696 -12.0618644256838046
-18.3518351835183466 -4.1371873578636817
-18.3318331833183237 -2.0025580503398133
-18.3118311831183149 -21.4978132887188451
-18.2918291829182920 -27.4206546892981109
-18.2718271827182690 4.3450458418150149
-18.2518251825182460 -17.6090261051713881
-18.2318231823182231 16.4545972455974905
-18.2118211821182143 -35.8856621199616583
-18.1918191819181914 11.6335888135836125
-18.1718171817181684 -15.7638549610443413
-18.1518151815181454 5.3417914324736566
-18.1318131813181225 -26.1660135450238762
-18.1118111811181137 -6.6569086127067791
-18.0918091809180908 10.0510448909394512
-18.0718071807180678 13.7073511161097130
-18.0518051805180448 6.0161663853280372
-18.0318031803180219 -29.9446712659603591
-18.0118011801180131 -17.7981049855894042
-17.9917991799179902 0.1406726955729845
-17.9717971797179672 -5.6576666794480799
-17.9517951795179442 -31.0721109352416107
-17.9317931793179213 -14.9792706124446333
-17.9117911791179125 -49.1255649973697146
-17.8917891789178896 -7.0032103282049389
-17.8717871787178666 -21.0665507003256423
-17.8517851785178436 1.5134800883010007
-17.8317831783178207 -2.2935192590099298
-17.8117811781178119 -36.3224009266869601
-17.7917791779177890 5.7068514096899889
-17.7717771777177660 1.5661984005068073
-17.7517751775177430 8.1209911659669132
-17.7317731773177343 -6.3926698666050266
-17.7117711771177113 12.4799045685062424
-17.6917691769176884 -8.6885876013993872
-17.6717671767176654 3.1612867293963776
-17.6517651765176424 -5.1139892320675191
-17.6317631763176337 -7.1695486236471586
-17.6117611761176107 -49.0109726758592004
-17.5917591759175878 -12.3867475953665434
-17.5717571757175648 -3.5667022311609027
-17.5517551755175418 -16.8030623884459693
-17.5317531753175331 -11.0275623913545679
-17.5117511751175101 26.7290690197870475
-17.4917491749174872 2.4921671054492496
-17.4717471747174642 4.5202024984903906
-17.4517451745174412 -11.3002943753379093
-17.4317431743174325 -32.9165184991694133
-17.4117411741174095 -15.2950243232393035
-17.3917391739173866 21.8663377227200080
-17.3717371737173636 -4.2819821220474168
-17.3517351735173406 2.8740948957458645
-17.3317331733173319 -1.5188176526342216
-17.3117311731173089 12.3642185458665512
-17.2917291729172860 -7.2982288720261712
-17.2717271727172630 -1.1284789096774244
-17.2517251725172542 -34.3188982215870482
-17.2317231723172313 -16.1495040211844056
-17.2117211721172083 -9.3204861363691762
-17.1917191719171853 2.9006425204180459
-17.1717171717171624 -39.3266748616131991
-17.1517151715171536 1.3458303526191528
-17.1317131713171307 -20.4897347347804875
-17.1117111711171077 2.4889868882043604
-17.0917091709170847 12.3567309201754476
-17.0717071707170618 -38.8812249773237824
-17.0517051705170530 -16.2528584575547583
-17.0317031703170301 8.0444596863025168
-17.0117011701170071 5.3541566207090678
-16.9916991699169841 28.4381189182127656
-16.9716971697169612 -7.2862916447408486
-16.9516951695169524 -26.1082313228932250
-16.9316931693169295 -17.9760148721327973
-16.9116911691169065 -27.0269720895933006
-16.8916891689168835 -18.4992718914402303
-16.8716871687168606 -25.2357610707255873
-16.8516851685168518 8.0198951038399784
-16.8316831683168289 -18.2482209818399852
-16.8116811681168059 -34.3075266746187992
-16.7916791679167829 17.6983230248704189
-16.7716771677167742 16.2671611804129590
-16.7516751675167512 17.8595759087499282
-16.7316731673167283 -7.8535214465499168
-16.7116711671167053 -6.2239140003196791
-16.6916691669166823 18.6784169401992628
-16.6716671667166736 5.9211698004578102
-16.6516651665166506 0.4496635886998668
-16.6316631663166277 -33.5731732019156937
-16.6116611661166047 -37.7469245509510927
-16.5916591659165817 3.3475102362027567
-16.5716571657165730 4.9442340441619406
-16.5516551655165500 -11.8178544610220584
-16.5316531653165271 -6.5100101072271883
-16.5116511651165041 -7.0491874262708265
-16.4916491649164811 -14.0572085113732541
-16.4716471647164724 -40.9070352629445324
-16.4516451645164494 10.3759928583089636
-16.4316431643164265 7.4042400263887611
-16.4116411641164035 3.7263323252792517
-16.3916391639163805 -17.8452915275373556
-16.3716371637163718 20.6053094058610675
-16.3516351635163488 -11.5551427813253600
-16.3316331633163259 -24.9289424211255550
-16.3116311631163029 -28.5604339062469137
-16.2916291629162941 -3.7347374865085987
-16.2716271627162712 -40.8544420406473208
-16.2516251625162482 -31.9512811929793443
-16.2316231623162253 8.5745723516614838
-16.2116211621162023 -3.8191575748735476
-16.1916191619161935 6.3569458209589076
-16.1716171617161706 -30.1973668388913268
-16.1516151615161476 -14.3792192292679992
-16.1316131613161247 -35.8755892454599206
-16.1116111611161017 -8.8516478917118988
-16.0916091609160929 -33.2633314378355678
-16.0716071607160700 -8.9340099717168080
-16.0516051605160470 3.9527207968171041
-16.0316031603160241 -7.5282488324708421
-16.0116011601160011 10.4830812327049081
-15.9915991599159923 8.2982346785740972
-15.9715971597159694 -28.4057130601477006
-15.9515951595159464 -28.6529139218350757
-15.9315931593159235 36.4281425075109908
-15.9115911591159005 -4.6051796171086297
-15.8915891589158917 2.1337172585862234
-15.8715871587158688 -23.8091344142688648
-15.8515851585158458 -14.3265279530095775
-15.8315831583158229 -22.8322487316019043
-15.8115811581158141 -2.4842378556958113
-15.7915791579157911 1.0450687909121896
-15.7715771577157682 -21.2961419312913272
-15.7515751575157452 -0.0106820683654547
-15.7315731573157223 13.8982241935343431
-15.7115711571157135 -42.6162448057801129
-15.6915691569156905 31.5509558890605817
-15.6715671567156676 -31.0571867744349674
-15.6515651565156446 -27.9286084352090072
-15.6315631563156217 -32.6259758088319813
-15.6115611561156129 -5.5523655194865933
-15.5915591559155899 -19.3888054281728586
-15.5715571557155670 6.2499831062432207
-15.5515551555155440 -21.5093554275733929
-15.5315531553155211 -12.4939182328965703
-15.5115511551155123 -6.8545066908228307
-15.4915491549154893 -27.0536875147098357
-15.4715471547154664 -21.1112728475964211
-15.4515451545154434 23.3576201240624570
-15.4315431543154205 -23.1017494986514862
-15.4115411541154117 -7.0349073596079208
-15.3915391539153887 -12.1700466095027586
-15.3715371537153658 -17.5231298522785615
-15.3515351535153428 12.7020574759220608
-15.3315331533153341 -49.5137090844136480
-15.3115311531153111 6.4896714987046291
-15.2915291529152881 -24.0666622641788557
-15.2715271527152652 -11.8748285082141507
-15.2515251525152422 4.2198683541096109
-15.2315231523152335 -28.5593121331907334
-15.2115211521152105 -20.5110630766314586
-15.1915191519151875 -1.3323665469171004
-15.1715171517151646 -55.2786302408405064
-15.1515151515151416 33.8351703735237592
-15.1315131513151329 -1.4626448749859851
-15.1115111511151099 7.8334475918109536
-15.0915091509150869 -22.0109882379497463
-15.0715071507150640 -13.0541300642816083
-15.0515051505150410 -8.0112982967734716
-15.0315031503150323 -25.9657532639999147
-15.0115011501150093 3.6626452845743689
-14.9914991499149863 -26.2502172515141723
-14.9714971497149634 -3.4673827820769949
-14.9514951495149404 4.4861199633609399
-14.9314931493149317 -9.8978733413319482
-14.9114911491149087 -26.5297407926417179
-14.8914891489148857 -17.4330570156783367
-14.8714871487148628 -8.8478819433412070
-14.8514851485148540 -30.0606835750376860
-14.8314831483148311 11.9608713946269170
-14.8114811481148081 24.6105530400462911
-14.7914791479147851 -11.9626690044309889
-14.7714771477147622 -27.9933624145712088
-14.7514751475147534 -24.9836886470561126
-14.7314731473147305 -34.9070884840132152
-14.7114711471147075 -64.4958157478285443
-14.6914691469146845 4.9668949638669826
-14.6714671467146616 14.0908385109108654
-14.6514651465146528 -16.0918385633813976
-14.6314631463146299 19.7556602160009227
-14.6114611461146069 15.6044244967885497
-14.5914591459145839 -1.4899949916746706
-14.5714571457145610 -41.3612110654244987
-14.5514551455145522 -29.9484536257168479
-14.5314531453145293 1.3726273392779582
-14.5114511451145063 9.6936551751281268
-14.4914491449144833 13.0732865646234089
-14.4714471447144604 -26.4608881880382576
-14.4514451445144516 -10.2331787608802269
-14.4314431443144287 1.5249471083537873
-14.4114411441144057 -10.0413988299362700
-14.3914391439143827 -33.2018180555485287
-14.3714371437143740 1.7864950547061405
-14.3514351435143510 -35.2649595730586114
-14.3314331433143280 23.1218589490621582
-14.3114311431143051 -28.4332442792387070
-14.2914291429142821 1.0672803325594984
-14.2714271427142734 11.3172018446618718
-14.2514251425142504 18.5256021794521217
-14.2314231423142274 -43.1169921669725937
-14.2114211421142045 -54.0312871963741443
-14.1914191419141815 1.4584594565515552
-14.1714171417141728 17.0147154414982502
-14.1514151415141498 -38.9423146969107989
-14.1314131413141268 -11.5297997158983669
-14.1114111411141039 0.2796137082848684
-14.0914091409140809 -1.5303103884180107
-14.0714071407140722 -32.6871177815290039
-14.0514051405140492 -8.8632067200028501
-14.0314031403140262 -33.9372646675773453
-14.0114011401140033 28.8462743297047588
-13.9913991399139803 8.7243147305687945
-13.9713971397139716 -25.7933557059758769
-13.9513951395139486 -19.5912723806503912
-13.9313931393139256 -15.1457481851569113
-13.9113911391139027 -18.8746198425458509
-13.8913891389138939 6.9188158576486725
-13.8713871387138710 -30.5637215074797126
-13.8513851385138480 -8.8247707838074056
-13.8313831383138250 -3.7887683977035991
-13.8113811381138021 -12.1762149440376675
-13.7913791379137933 11.9675156579507185
-13.7713771377137704 0.9710038287660794
-13.7513751375137474 -17.3722235855448233
-13.7313731373137244 7.3560673039194082
-13.7113711371137015 -30.0960130364436047
-13.6913691369136927 -5.1092465007637919
-13.6713671367136698 -4.3030859208589813
-13.6513651365136468 -12.1423267704083049
-13.6313631363136238 -23.8119987530461330
-13.6113611361136009 -37.1895426819004697
-13.5913591359135921 9.2956967715813210
-13.5713571357135692 -34.1107617410526842
-13.5513551355135462 -34.6362915273255894
-13.5313531353135232 15.6426733523796031
-13.5113511351135003 -42.8127883383226617
-13.4913491349134915 -1.0035345098942958
-13.4713471347134686 8.0267492644582088
-13.4513451345134456 -27.4883403329421512
-13.4313431343134226 6.4520026659743710
-13.4113411341134139 -31.5615936219009825
-13.3913391339133909 -20.4196601563611466
-13.3713371337133680 -1.5394857742689858
-13.3513351335133450 -8.8124734339505899
-13.3313331333133220 -51.0935717628491517
-13.3113311331133133 10.8548853621744943
-13.2913291329132903 -21.8612085609567472
-13.2713271327132674 3.9229536298536765
-13.2513251325132444 -26.9371453044973848
-13.2313231323132214 -1.4425823011231937
-13.2113211321132127 -6.0973644938605664
-13.1913191319131897 19.0385587349087437
-13.1713171317131668 -34.3834678557148692
-13.1513151315131438 18.0957807833510635
-13.1313131313131208 -9.5583657380819709
-13.1113111311131121 -2.6525353721570895
-13.0913091309130891 -5.8595139827218405
-13.0713071307130662 -12.7909114323013782
-13.0513051305130432 3.7295779624841163
-13.0313031303130202 -21.2258464648835137
-13.0113011301130115 -17.2466559155766248
-12.9912991299129885 -12.7684349137142750
-12.9712971297129656 -14.9503005458603333
-12.9512951295129426 27.1246461718926639
-12.9312931293129338 -32.8803291190114635
-12.9112911291129109 12.3607714541956391
-12.8912891289128879 10.8313365926972782
-12.8712871287128650 -9.7694280791401038
-12.8512851285128420 -29.7510036393801158
-12.8312831283128332 -0.0543026838652594
-12.8112811281128103 -18.2866186692796475
-12.7912791279127873 -23.9330847480353057
-12.7712771277127644 -23.9556451178078937
-12.7512751275127414 -32.5057195291755363
-12.7312731273127326 -10.9990931939735788
-12.7112711271127097 -18.0564287720321950
-12.6912691269126867 -23.8806061457427141
-12.6712671267126638 20.9666927483380547
-12.6512651265126408 -26.1972590855386827
-12.6312631263126320 -9.3514311679539830
-12.6112611261126091 -41.4213937883593459
-12.5912591259125861 -10.1642693128428938
-12.5712571257125632 -7.5004285067684187
-12.5512551255125402 -22.8714757515459297
-12.5312531253125314 -3.6806720965026614
-12.5112511251125085 -2.5005958496457374
-12.4912491249124855 -57.0384197048555848
-12.4712471247124626 -12.4689724603367189
-12.4512451245124538 -52.1784947362194629
-12.4312431243124308 -18.8774870181161774
-12.4112411241124079 -20.4058761549751218
-12.3912391239123849 -17.6450445985528397
-12.3712371237123619 -27.0549750099428223
-12.3512351235123532 -30.8117381302023006
-12.3312331233123302 -15.9930731318294441
-12.3112311231123073 -71.6081347148748648
-12.2912291229122843 23.2598226207277818
-12.2712271227122613 -27.3958825578557779
-12.2512251225122526 -4.9965002975772101
-12.2312231223122296 -3.3631855388135143
-12.2112211221122067 -19.6714482022184534
-12.1912191219121837 -42.9390509005092156
-12.1712171217121607 -25.5650515101283702
-12.1512151215121520 -48.0767196193906443
-12.1312131213121290 -8.3167394410875204
-12.1112111211121061 -3.5974716880510034
-12.0912091209120831 -24.0152399844081259
-12.0712071207120601 -0.8124086535128097
-12.0512051205120514 18.1457035176796850
-12.0312031203120284 -20.0289817509659791
-12.0112011201120055 -13.6760491001725448
-11.9911991199119825 -15.8539482521640522
-11.9711971197119738 -34.9606687237333560
-11.9511951195119508 -6.5099650218122536
-11.9311931193119278 13.0071718496396134
-11.9111911191119049 -37.2795323646837886
-11.8911891189118819 -19.8487138667345100
-11.8711871187118732 25.6093963767890500
-11.8511851185118502 -12.3732473024804648
-11.8311831183118272 -8.8924593512175889
-11.8111811181118043 -49.9232941487572219
-11.7911791179117813 -25.8524002551435856
-11.7711771177117726 23.9843354508401774
-11.7511751175117496 -15.4483789598964929
-11.7311731173117266 -17.7905565579129537
-11.7111711171117037 -29.0085106369412529
-11.6911691169116807 -6.5637714792052098
-11.6711671167116720 -24.9834058937486496
-11.6511651165116490 19.2238111042700055
-11.6311631163116260 -27.1516142969771153
-11.6111611161116031 -1.3265186507589171
-11.5911591159115801 18.5585288693690416
-11.5711571157115714 -29.4700173401842598
-11.5511551155115484 4.0921980634394153
-11.5311531153115254 15.1243114700091414
-11.5111511151115025 18.0825125777113271
-11.4911491149114937 -7.0915700255908352
-11.4711471147114707 -9.4405129952552826
-11.4511451145114478 -11.8941749734159821
-11.4311431143114248 -21.9915884039888176
-11.4111411141114019 -32.3225031850944120
-11.3911391139113931 13.7813705148392796
-11.3711371137113701 -23.9043467653197013
-11.3511351135113472 -44.5419263753719719
-11.3311331133113242 -43.8362006001860678
-11.3111311131113013 -9.8170429394364387
-11.2911291129112925 -19.6574732179732550
-11.2711271127112695 -27.2721047720943233
-11.2511251125112466 -7.6756238963205909
-11.2311231123112236 -27.3474418666501791
-11.2111211121112007 -3.1902595876218118
-11.1911191119111919 -7.5780903983818648
-11.1711171117111689 29.0446766957203977
-11.1511151115111460 -10.5703240849238291
-11.1311131113111230 -27.3887628189331025
-11.1111111111111001 5.7347257743448470
-11.0911091109110913 -48.9254532284632617
-11.0711071107110683 9.4251607648909950
-11.0511051105110454 -37.5362141918703855
-11.0311031103110224 8.0888043567183043
-11.0111011101110137 5.5591169814279588
-10.9910991099109907 -2.2909693053225695
-10.9710971097109677 -6.2667459602199482
-10.9510951095109448 -9.6584586104942929
-10.9310931093109218 -39.3146977967617559
-10.9110911091109131 -22.8280800932487509
-10.8910891089108901 -14.0020310947110787
-10.8710871087108671 -16.9159772327333933
-10.8510851085108442 -20.8060181167639158
-10.8310831083108212 -32.7421753874214971
-10.8110811081108125 -35.2939966844526509
-10.7910791079107895 -18.9772855739324484
-10.7710771077107665 -7.3164491890919230
-10.7510751075107436 1.6408903800447234
-10.7310731073107206 -19.3827509838222838
-10.7110711071107119 -3.1300885185386527
-10.6910691069106889 -16.5011632568961275
-10.6710671067106659 -19.2710685595849469
-10.6510651065106430 -1.0718824245781668
-10.6310631063106200 -2.7430231805085956
-10.6110611061106113 -30.1275036691877922
-10.5910591059105883 -18.2934765301014473
-10.5710571057105653 -21.0038433644834015
-10.5510551055105424 -22.9071706705366083
-10.5310531053105336 -33.9604661607643621
-10.5110511051105107 -28.2193492023896084
-10.4910491049104877 5.9160140885117798
-10.4710471047104647 -9.3313073511997615
-10.4510451045104418 -12.8792427233792921
-10.4310431043104330 -13.2440017665696477
-10.4110411041104101 20.2239004470738344
-10.3910391039103871 -20.4555435205216369
-10.3710371037103641 -1.6530375958064401
-10.3510351035103412 -16.2656300384951678
-10.3310331033103324 -32.3479592114742331
-10.3110311031103095 -7.1332333373188668
-10.2910291029102865 -25.0499788028202559
-10.2710271027102635 -18.5898713308924286
-10.2510251025102406 39.4117080403211943
-10.2310231023102318 -32.7965567828193443
-10.2110211021102089 -15.9953318883190203
-10.1910191019101859 -44.9942786540229136
-10.1710171017101629 -34.6198075909990592
-10.1510151015101400 -15.4940979727958652
-10.1310131013101312 17.1102315286744719
-10.1110111011101083 8.5354198384666642
-10.0910091009100853 -22.0796273597606572
-10.0710071007100623 -6.4508601509110974
-10.0510051005100536 4.1294761661270112
-10.0310031003100306 -21.8800372057935597
-10.0110011001100077 -27.1390257179502044
-9.9909990999099847 -4.6366107599861959
-9.9709970997099617 -19.4965366147056187
-9.9509950995099530 -26.2532472307063465
-9.9309930993099300 -5.0967175302944021
-9.9109910991099071 -9.1139215158468510
-9.8909890989098841 -17.8815081029425649
-9.8709870987098611 7.8473847057792003
-9.8509850985098524 -8.4082805401727931
-9.8309830983098294 3.7175350514671273
-9.8109810981098065 -24.5901109161092570
-9.7909790979097835 -33.7836120722827857
-9.7709770977097605 -19.3748069115463331
-9.7509750975097518 -10.5985963987673149
-9.7309730973097288 -26.3432477613974285
-9.7109710971097059 -23.5409323739121206
-9.6909690969096829 -29.5665370231184070
-9.6709670967096599 -29.8007299187195898
-9.6509650965096512 -21.8604041640102622
-9.6309630963096282 -29.7331517495441204
-9.6109610961096053 -15.3383412006692534
-9.5909590959095823 4.2446728324203100
-9.5709570957095735 -25.7476284301408818
-9.5509550955095506 -25.2593518869519791
-9.5309530953095276 -39.1470940515178327
-9.5109510951095046 -22.3690424332784339
-9.4909490949094817 -6.2470059729638248
-9.4709470947094729 -30.5718580984720703
-9.4509450945094500 1.7244473178250743
-9.4309430943094270 12.2117569544812170
-9.4109410941094040 -3.8622575930677563
-9.3909390939093811 -2.1910434082873831
-9.3709370937093723 -48.5677916155378000
-9.3509350935093494 -17.3445547677774279
-9.3309330933093264 12.3303173405978796
-9.3109310931093034 29.2382509387636489
-9.2909290929092805 -22.1554532523405179
-9.2709270927092717 -11.0622876059104911
-9.2509250925092488 -11.8373519563224772
-9.2309230923092258 5.0381577825469890
-9.2109210921092028 -21.9661683510606665
-9.1909190919091799 -6.4325937453122695
-9.1709170917091711 -23.9964699039690856
-9.1509150915091482 -15.5069383254945237
-9.1309130913091252 8.2902367588042765
-9.1109110911091022 -21.8514040735780739
-9.0909090909090935 -37.6489885583883890
-9.0709070907090705 -37.9981846176275013
-9.0509050905090476 -23.7056599579281233
-9.0309030903090246 -0.7064607980224160
-9.0109010901090016 -31.5402345362672634
-8.9908990899089929 -21.6565334267934553
-8.9708970897089699 -14.2501892081116797
-8.9508950895089470 -18.6508196465214588
-8.9308930893089240 -28.8193900944884049
-8.9108910891089010 -4.0500081879086913
-8.8908890889088923 -9.1396048983576552
-8.8708870887088693 -9.9992347839062106
-8.8508850885088464 -7.3471093446560030
-8.8308830883088234 -14.4571551966436811
-8.8108810881088004 -15.4945165086901007
-8.7908790879087917 -11.5802313562017289
-8.7708770877087687 -15.4638979167330621
-8.7508750875087458 -16.5233899194985341
-8.7308730873087228 -60.4398263873659829
-8.7108710871086998 -22.0967811138098327
-8.6908690869086911 -29.2790639790976428
-8.6708670867086681 -28.1297908310018627
-8.6508650865086452 -12.2467814424684711
-8.6308630863086222 -35.9020162966269183
-8.6108610861086134 -2.1082946053167984
-8.5908590859085905 -20.5721633358567786
-8.5708570857085675 -19.4428329530896029
-8.5508550855085446 -13.0689308146620000
-8.5308530853085216 -25.5233327214561783
-8.5108510851085128 -13.8018444991722866
-8.4908490849084899 -10.9676641032272855
-8.4708470847084669 -38.8229130023748255
-8.4508450845084440 -1.2831766227452999
-8.4308430843084210 -28.5863802867651771
-8.4108410841084122 -15.4664596923021236
-8.3908390839083893 -20.4526288525238336
-8.3708370837083663 -13.4010587015681324
-8.3508350835083434 -34.1708401800122630
-8.3308330833083204 31.5502993947798736
-8.3108310831083116 -46.4844443144444313
-8.2908290829082887 -5.5810972641123122
-8.2708270827082657 -40.3324766295682124
-8.2508250825082428 -12.6164127485815492
-8.2308230823082198 -11.8181222845093927
-8.2108210821082110 -6.3034948003916149
-8.1908190819081881 9.3198762891626714
-8.1708170817081651 9.0573752524785220
-8.1508150815081422 -29.2373820990377311
-8.1308130813081334 -24.6516273632588039
-8.1108110811081104 -6.4924288459391075
-8.0908090809080875 -28.8676241821575701
-8.0708070807080645 -36.2204992590659955
-8.0508050805080416 -36.9170830948623205
-8.0308030803080328 13.6649219203724712
-8.0108010801080098 -42.9385930078368148
-7.9907990799079869 32.4966639330707494
-7.9707970797079639 -12.6231160582267350
-7.9507950795079410 -14.7352206917964565
-7.9307930793079322 -22.7570305556630288
-7.9107910791079092 19.7123309429005538
-7.8907890789078863 -9.4107016651750151
-7.8707870787078633 -10.4912204546231891
-7.8507850785078404 -46.5915082544632071
-7.8307830783078316 -41.5488610297092862
-7.8107810781078086 5.1841806072277272
-7.7907790779077857 -26.7666341231131959
-7.7707770777077627 -0.0462643686311139
-7.7507750775077398 -8.0235385163983590
-7.7307730773077310 12.1794958791775301
-7.7107710771077080 -10.5503041049094914
-7.6907690769076851 -30.1977745212978661
-7.6707670767076621 -23.9473444434593077
-7.6507650765076392 -15.4849624378261872
-7.6307630763076304 -15.3133280576970723
-7.6107610761076074 -15.1788176775664638
-7.5907590759075845 -15.5714354447203753
-7.5707570757075615 -30.3093663528570829
-7.5507550755075528 -1.5511123068654378
-7.5307530753075298 7.7209691408659324
-7.5107510751075068 -40.5350287149462503
-7.4907490749074839 17.3948631487131387
-7.4707470747074609 -7.1525262252050563
-7.4507450745074522 -31.9544903966333251
-7.4307430743074292 0.3739131698634424
-7.4107410741074062 -1.0964626645779809
-7.3907390739073833 -47.3613797178420839
-7.3707370737073603 -15.8184367505634391
-7.3507350735073516 -13.2249834051511037
-7.3307330733073286 -21.4318253502616436
-7.3107310731073056 -27.4968921085201963
-7.2907290729072827 -33.1033918000108756
-7.2707270727072597 -6.8757828446261140
-7.2507250725072510 8.0198795053530425
-7.2307230723072280 -45.6018047676533271
-7.2107210721072050 -4.3262154041190755
-7.1907190719071821 -17.4472524998231862
-7.1707170717071591 -45.3305804288528265
-7.1507150715071504 -6.1604489075074831
-7.1307130713071274 -22.6046796083221579
-7.1107110711071044 -29.7533823838950084
-7.0907090709070815 1.4302553174183608
-7.0707070707070727 20.3584025776902422
-7.0507050705070498 -27.4514943239325824
-7.0307030703070268 -25.9211000963096900
-7.0107010701070038 2.4099910511988902
-6.9906990699069809 -13.0840092493799638
-6.9706970697069721 -46.7119988137421345
-6.9506950695069492 4.4681037079790222
-6.9306930693069262 0.2817465495099611
-6.9106910691069032 3.7342905144749139
-6.8906890689068803 -0.1605123813312659
-6.8706870687068715 -41.0868826357950354
-6.8506850685068486 -15.4816801305066942
-6.8306830683068256 -66.3521647229643037
-6.8106810681068026 -13.3579181853371978
-6.7906790679067797 7.1987797043428650
-6.7706770677067709 -2.8776556529450623
-6.7506750675067480 -26.0583035790674771
-6.7306730673067250 -36.7750716323149618
-6.7106710671067020 1.6921744878842411
-6.6906690669066791 -27.3798963658558350
-6.6706670667066703 -23.9383269801971821
-6.6506650665066473 -48.0590618680482038
-6.6306630663066244 10.3335711589863664
-6.6106610661066014 -55.9512567698067400
-6.5906590659065927 -24.1157488741338888
-6.5706570657065697 -50.0379969371533804
-6.5506550655065467 -29.8025210155196305
-6.5306530653065238 -5.0861951586340890
-6.5106510651065008 -30.5503109854861101
-6.4906490649064921 -21.0629048122973757
-6.4706470647064691 10.3331820718181682
-6.4506450645064461 15.0540921011009843
-6.4306430643064232 -0.7077979934121963
-6.4106410641064002 -2.1003786717793318
-6.3906390639063915 -16.0211215266681251
-6.3706370637063685 -11.7298160549480297
-6.3506350635063455 -27.0367245388476434
-6.3306330633063226 -0.5297040974249825
-6.3106310631062996 -11.7936384058618948
-6.2906290629062909 24.8138240491535882
-6.2706270627062679 -6.8548150315981253
-6.2506250625062449 -19.2758912122979602
-6.2306230623062220 -12.4677728405097650
-6.2106210621061990 -11.2649932840880940
-6.1906190619061903 -6.8809628327455687
-6.1706170617061673 -19.4466608990510537
-6.1506150615061443 2.2121868214870233
-6.1306130613061214 -34.7017062807352730
-6.1106110611061126 -27.0523989188335037
-6.0906090609060897 -27.2923440099767518
-6.0706070607060667 -28.4266858634665880
-6.0506050605060437 5.8479244699738935
-6.0306030603060208 -32.3729888078410966
-6.0106010601060120 -26.9818851549178191
-5.9905990599059891 -15.6741874583503780
-5.9705970597059661 -8.5721708216498058
-5.9505950595059431 -33.7254578132821408
-5.9305930593059202 -7.8060993939118948
-5.9105910591059114 -2.4387963427838741
-5.8905890589058885 -42.1380763541342418
-5.8705870587058655 -10.5543787102543032
-5.8505850585058425 -3.5373321438691523
-5.8305830583058196 -15.0461592532537622
-5.8105810581058108 -1.6820192985598936
-5.7905790579057879 -74.0446158467445628
-5.7705770577057649 -5.1439200666988558
-5.7505750575057419 -48.7182927549227287
-5.7305730573057190 -29.4291463836188498
-5.7105710571057102 -28.4686596270356063
-5.6905690569056873 -2.4425209951302556
-5.6705670567056643 -34.9542740211505674
-5.6505650565056413 -23.9766802850016632
-5.6305630563056326 -49.1479980713946247
-5.6105610561056096 -8.8984308316134300
-5.5905590559055867 -16.4011965982672372
-5.5705570557055637 -63.6406519135002924
-5.5505550555055407 -23.9406134529834169
-5.5305530553055320 -5.1271254661874952
-5.5105510551055090 -10.9124209149295268
-5.4905490549054861 4.7614827649910403
-5.4705470547054631 4.6251862980906679
-5.4505450545054401 -20.7520468654474755
-5.4305430543054314 -33.7038039265560769
-5.4105410541054084 -45.5055228955066440
-5.3905390539053855 -7.4219266032269999
-5.3705370537053625 -3.6124460308621487
-5.3505350535053395 -32.3687340283009206
-5.3305330533053308 -19.3578750563025217
-5.3105310531053078 -51.0651816669086145
-5.2905290529052849 -28.2082682291953546
-5.2705270527052619 -8.1816168783654764
-5.2505250525052389 -38.2909795142589431
-5.2305230523052302 -30.4097203348678633
-5.2105210521052072 -9.7027430487281858
-5.1905190519051843 -23.9151947005610950
-5.1705170517051613 -45.2553113230859481
-5.1505150515051525 -30.0392644510231221
-5.1305130513051296 -46.4399741118478104
-5.1105110511051066 -17.9541897335261105
-5.0905090509050837 -22.7125616289120948
-5.0705070507050607 -54.1052589994722197
-5.0505050505050519 -26.2375226558129171
-5.0305030503050290 -25.2446908157500047
-5.0105010501050060 3.8522556831438273
-4.9904990499049831 -42.3973023596921692
-4.9704970497049601 7.7872591011617018
-4.9504950495049513 -23.1281212243712275
-4.9304930493049284 -0.2511136507396152
-4.9104910491049054 -52.1487753201581796
-4.8904890489048825 -0.5052250748355576
-4.8704870487048595 -13.4587467705304142
-4.8504850485048507 -2.4216800096579263
-4.8304830483048278 -10.9477827863567416
-4.8104810481048048 -34.1546067253699022
-4.7904790479047819 -40.0317741483106460
-4.7704770477047589 -24.7427052041023003
-4.7504750475047501 -36.0228847956495457
-4.7304730473047272 -13.4723290799513222
-4.7104710471047042 -40.6944073802117785
-4.6904690469046812 -3.5862736194563016
-4.6704670467046725 -25.7402057046557680
-4.6504650465046495 -27.1206953781337106
-4.6304630463046266 -51.0934635866262923
-4.6104610461046036 -13.4132413713352534
-4.5904590459045806 -28.7832965026669640
-4.5704570457045719 -4.0079110919659904
-4.5504550455045489 8.5306865219551398
-4.5304530453045260 -59.9934060251151777
-4.5104510451045030 -44.9611312980106277
-4.4904490449044800 -17.5622683552566166
-4.4704470447044713 -51.3154795103436214
-4.4504450445044483 -19.5574142202663772
-4.4304430443044254 1.4054125581372148
-4.4104410441044024 -37.5669705728768832
-4.3904390439043794 -15.5838242890925862
-4.3704370437043707 -27.4633369781816086
-4.3504350435043477 -3.0665367196762148
-4.3304330433043248 2.6368236842141606
-4.3104310431043018 -21.4325242373928546
-4.2904290429042788 -27.6924195570757767
-4.2704270427042701 -60.7330788103106869
-4.2504250425042471 -14.9356806542373768
-4.2304230423042242 -19.5812679795008897
-4.2104210421042012 -36.4855752835521656
-4.1904190419041925 -33.8920951496336187
-4.1704170417041695 14.7681744913116546
-4.1504150415041465 1.4000854333524622
-4.1304130413041236 0.0883130181978160
-4.1104110411041006 -38.6640610427093208
-4.0904090409040919 -33.3031538040242268
-4.0704070407040689 -11.0330512778208192
-4.0504050405040459 5.1439736477009426
-4.0304030403040230 -17.9308946686421820
-4.0104010401040000 -20.0603688467312082
-3.9903990399039913 -51.7213515951811544
-3.9703970397039683 -12.3186700417960022
-3.9503950395039453 -20.6603077439994500
-3.9303930393039224 -13.9940481953053784
-3.9103910391038994 -12.4935494444236479
-3.8903890389038907 -42.5907383482604089
-3.8703870387038677 -35.3083885519664591
-3.8503850385038447 24.3362993876487330
-3.8303830383038218 -14.6193465637801072
-3.8103810381037988 -11.5952392435202878
-3.7903790379037900 21.0265722058252393
-3.7703770377037671 -11.1672850091187463
-3.7503750375037441 -15.8578862069268425
-3.7303730373037212 -23.4938990329930562
-3.7103710371037124 -7.5723640314515634
-3.6903690369036894 -22.0979580556031792
-3.6703670367036665 -10.7378267229703965
-3.6503650365036435 -0.5710481314844564
-3.6303630363036206 -20.3955936895145058
-3.6103610361036118 -7.8340856228448548
-3.5903590359035888 4.5496783286418783
-3.5703570357035659 -12.4567910723329422
-3.5503550355035429 -11.3724502167697477
-3.5303530353035200 -8.3715419916235430
-3.5103510351035112 -48.5540503253639883
-3.4903490349034882 -39.3830823147207951
-3.4703470347034653 -24.5875888847292146
-3.4503450345034423 -6.8011535359675168
-3.4303430343034194 -36.9083864722077095
-3.4103410341034106 -36.7111571101568899
-3.3903390339033876 -7.9737516343420456
-3.3703370337033647 -59.3868748535076065
-3.3503350335033417 -43.7893285550864917
-3.3303330333033188 -40.2658588627052794
-3.3103310331033100 -43.8166715718735702
-3.2903290329032870 -45.9183971035915732
-3.2703270327032641 -14.2987155203037055
-3.2503250325032411 -26.8101230641483710
-3.2303230323032324 -0.2908200117262467
-3.2103210321032094 -5.5851185829434851
-3.1903190319031864 -4.9620247971270679
-3.1703170317031635 -26.1647626045053343
-3.1503150315031405 18.4214074986906127
-3.1303130313031318 18.4190890382299521
-3.1103110311031088 5.4912726066877369
-3.0903090309030858 -24.8934702537659724
-3.0703070307030629 -35.0047556460667053
-3.0503050305030399 -31.0058620623675907
-3.0303030303030312 -17.9137242258554821
-3.0103010301030082 -46.2261940279690435
-2.9902990299029852 -4.8427326185922759
-2.9702970297029623 -52.8782311673547127
-2.9502950295029393 9.0462328796430569
-2.9302930293029306 -1.4486900984359572
-2.9102910291029076 -0.3063762058611914
-2.8902890289028846 -35.9908830554438879
-2.8702870287028617 -62.5745917751167724
-2.8502850285028387 -45.8449287904860512
-2.8302830283028300 17.2850028281699117
-2.8102810281028070 -33.5475233627445064
-2.7902790279027840 -11.9637778969826023
-2.7702770277027611 -12.2672723333593243
-2.7502750275027523 -12.2612770219328677
-2.7302730273027294 12.8716063906270541
-2.7102710271027064 -21.6055164291248083
-2.6902690269026834 11.0165808871538822
-2.6702670267026605 -30.2625441178421823
-2.6502650265026517 -14.6952245673524047
-2.6302630263026288 -25.7644939672678319
-2.6102610261026058 -8.5735924947627939
-2.5902590259025828 10.9621611199962565
-2.5702570257025599 -5.0528741243749540
-2.5502550255025511 -28.1715372920350262
-2.5302530253025282 -0.0531425492184034
-2.5102510251025052 3.8219124343692528
-2.4902490249024822 -34.1565932543743713
-2.4702470247024593 -21.4041272472774367
-2.4502450245024505 -43.5897126006466635
-2.4302430243024276 -27.4143112252405707
-2.4102410241024046 -28.2776915792088133
-2.3902390239023816 -16.2647438182893112
-2.3702370237023587 -72.3712977941528806
-2.3502350235023499 -24.7127168952946796
-2.3302330233023270 -14.9768081162542046
-2.3102310231023040 -27.9463313521193442
-2.2902290229022810 -51.3755001082923641
-2.2702270227022723 -14.2541290783866721
-2.2502250225022493 -23.9883648155308329
-2.2302230223022264 -22.6477291410901493
-2.2102210221022034 -18.1154591648631254
-2.1902190219021804 -23.5686081591437571
-2.1702170217021717 -1.8226164060436645
-2.1502150215021487 -35.1211213780133988
-2.1302130213021258 -44.6133022689631744
-2.1102110211021028 -2.9321606394339987
-2.0902090209020798 -25.5971366474989601
-2.0702070207020711 -49.5724924187054370
-2.0502050205020481 -14.1612652072825043
-2.0302030203020252 -28.8046042765869927
-2.0102010201020022 -44.1971497747455402
-1.9901990199019792 -42.6940923033277784
-1.9701970197019705 -6.4590205697500505
-1.9501950195019475 -47.0044809764650751
-1.9301930193019246 -27.8028149803303997
-1.9101910191019016 -45.0199182333943355
-1.8901890189018786 -19.4444973911603185
-1.8701870187018699 1.6607501527524562
-1.8501850185018469 3.3640872133927253
-1.8301830183018239 -47.7830731550932768
-1.8101810181018010 -41.8218047058810853
-1.7901790179017922 -48.7716558170737073
-1.7701770177017693 -13.4099872324082021
-1.7501750175017463 0.8559323452352174
-1.7301730173017233 -21.6809248779660138
-1.7101710171017004 -27.0396901062628174
-1.6901690169016916 8.8661525724777057
-1.6701670167016687 -22.1264315802786982
-1.6501650165016457 -22.3339999144456733
-1.6301630163016227 -16.5254999101320443
-1.6101610161015998 -56.1864212326397592
-1.5901590159015910 -52.9502992425686472
-1.5701570157015681 -47.9748410807922667
-1.5501550155015451 -24.8212307296917061
-1.5301530153015221 -30.3418671863250502
-1.5101510151014992 -8.2994716850716532
-1.4901490149014904 -24.0925464022194546
-1.4701470147014675 -8.2005631966028574
-1.4501450145014445 -8.8424544621940573
-1.4301430143014215 -28.2811470544928554
-1.4101410141013986 -47.9427205061279409
-1.3901390139013898 -19.5343232713054249
-1.3701370137013669 -18.9417889124211776
-1.3501350135013439 9.9619238627861542
-1.3301330133013209 -18.0487278282857879
-1.3101310131013122 0.4412160151500117
-1.2901290129012892 -2.7362979225837449
-1.2701270127012663 -31.8770929003441097
-1.2501250125012433 -17.5750254938058923
-1.2301230123012203 -40.9449280552062049
-1.2101210121012116 -3.2033770295849777
-1.1901190119011886 -42.0174555443860527
-1.1701170117011657 9.7465867033116211
-1.1501150115011427 -0.1843266590092831
-1.1301130113011197 -12.8732209688838939
-1.1101110111011110 -20.4167712436202606
-1.0901090109010880 9.1190238739649665
-1.0701070107010651 32.1852509544607770
-1.0501050105010421 -52.1086447119919569
-1.0301030103010191 -18.0203610000899133
-1.0101010101010104 -21.8292602900134156
-0.9900990099009874 -18.6408914065215292
-0.9700970097009645 -27.6199469616589290
-0.9500950095009415 -16.0994233768408996
-0.9300930093009185 -35.5647113756641318
-0.9100910091009098 -32.7469471728095129
-0.8900890089008868 -53.7647349094205254
-0.8700870087008639 -2.6579603115789929
-0.8500850085008409 2.1594769830053657
-0.8300830083008321 -29.4585521787662827
-0.8100810081008092 -38.7527382332737602
-0.7900790079007862 -52.7168263252338960
-0.7700770077007633 -12.0700578275605253
-0.7500750075007403 -9.4323467270084915
-0.7300730073007315 -1.9957797792176670
-0.7100710071007086 -32.1490714808116564
-0.6900690069006856 -63.2130405113676730
-0.6700670067006627 -15.6828693642192150
-0.6500650065006397 -22.5033654890279706
-0.6300630063006309 -5.8413301297672859
-0.6100610061006080 -38.3150019790962375
-0.5900590059005850 -45.7953812121657720
-0.5700570057005621 6.0574422569545909
-0.5500550055005391 -0.8089195960292059
-0.5300530053005303 -22.3743521292561987
-0.5100510051005074 -9.0737416341777291
-0.4900490049004844 3.6446793107701119
-0.4700470047004615 -8.1773297037505994
-0.4500450045004385 -1.7770582298630480
-0.4300430043004297 -18.2760702461948412
-0.4100410041004068 -29.2385487284226606
-0.3900390039003838 3.7737476699265393
-0.3700370037003609 -27.1402498754778847
-0.3500350035003521 -51.3815231251933113
-0.3300330033003291 20.0511768054418020
-0.3100310031003062 -15.3116523167941079
-0.2900290029002832 -23.4039616935693893
-0.2700270027002603 -6.1783239314368554
-0.2500250025002515 -39.3335392010977856
-0.2300230023002285 -7.1940892845216293
-0.2100210021002056 -34.0241409659970273
-0.1900190019001826 -1.0589956244772694
-0.1700170017001597 4.7679145223636610
-0.1500150015001509 -69.3656028190800100
-0.1300130013001279 -32.6492112050539873
-0.1100110011001050 -30.5218208961874247
-0.0900090009000820 3.1944982087552951
-0.0700070007000591 -25.0052547808205112
-0.0500050005000503 -15.3914509401135451
-0.0300030003000273 -59.1755233934654328
-0.0100010001000044 -29.6043295942174574
0.0100010001000186 -27.0114585619657817
0.0300030003000415 -18.7940645856384236
0.0500050005000503 -20.2016773390307662
0.0700070007000733 -13.0002682861003613
0.0900090009000962 -3.3283993399109200
0.1100110011001192 -27.3680277495885527
0.1300130013001279 2.6340117529747182
0.1500150015001509 -9.9001473468450900
0.1700170017001739 5.6714658829841653
0.1900190019001968 -30.9175144316803312
0.2100210021002198 -16.7636004718526372
0.2300230023002285 -33.3836734124968331
0.2500250025002515 -30.9148073442226945
0.2700270027002745 18.0054740453550899
0.2900290029002974 -15.3873950731475109
0.3100310031003204 -11.1347058403755970
0.3300330033003291 -5.7281639430734437
0.3500350035003521 -46.9010498089676204
0.3700370037003751 -23.4872409209439965
0.3900390039003980 -17.3647573471606300
0.4100410041004210 -17.3138679382991327
0.4300430043004297 -0.6640366851642554
0.4500450045004527 26.6587690192690339
0.4700470047004757 -35.5937931034703183
0.4900490049004986 -17.3915693334063342
0.5100510051005216 -18.4520510284777863
0.5300530053005303 -28.2181722484763640
0.5500550055005533 -16.9237117676062923
0.5700570057005763 9.0828191572268651
0.5900590059005992 3.4352762914083996
0.6100610061006080 -30.2931964842952652
0.6300630063006309 1.5549204319455221
0.6500650065006539 -31.6179848565202377
0.6700670067006769 -15.8921123643795230
0.6900690069006998 -43.2545423736261370
0.7100710071007086 9.1936152363477923
0.7300730073007315 -61.8084066744991318
0.7500750075007545 12.9982839272785995
0.7700770077007775 -26.0733889042513169
0.7900790079008004 -17.6525046937937731
0.8100810081008092 -16.1667618155941071
0.8300830083008321 7.5621658805316834
0.8500850085008551 -5.5108690916164971
0.8700870087008781 -57.5949950164635709
0.8900890089009010 -17.1539676946589807
0.9100910091009098 -30.4109851911757474
0.9300930093009327 -3.6722579687474486
0.9500950095009557 -29.6787407253038076
0.9700970097009787 -18.5618346226386528
0.9900990099010016 -15.0151773976954281
1.0101010101010104 -4.9194510402688252
1.0301030103010334 -17.0642531810086915
1.0501050105010563 -8.9686879022271793
1.0701070107010793 -22.9051237129718039
1.0901090109010880 -32.4137598874878989
1.1101110111011110 -12.1731099438178205
1.1301130113011340 -26.7287422301607194
1.1501150115011569 -23.5712619107403896
1.1701170117011799 -20.4452726005288064
1.1901190119011886 -33.4742212157117791
1.2101210121012116 -33.4673229503096010
1.2301230123012346 -8.2641228095447374
1.2501250125012575 -38.5855429696184871
1.2701270127012805 1.2453946548634534
1.2901290129012892 -4.9289062765437155
1.3101310131013122 -12.3386524138147688
1.3301330133013352 -31.9743393087125938
1.3501350135013581 -41.4269292680733088
1.3701370137013811 -0.5747591519906194
1.3901390139013898 -17.3632858332200364
1.4101410141014128 -11.0335393387025338
1.4301430143014358 12.9606398652193953
1.4501450145014587 -13.8865980187816795
1.4701470147014817 -45.5538012347646273
1.4901490149014904 -18.6080050932842234
1.5101510151015134 3.6292980004032351
1.5301530153015364 5.6517451348237806
1.5501550155015593 -26.3910931587281539
1.5701570157015681 11.6686639937192709
1.5901590159015910 -30.0758996573704280
1.6101610161016140 -13.0570417010894833
1.6301630163016370 -23.6169087593747236
1.6501650165016599 -28.6593885080529631
1.6701670167016687 -41.7708101453752221
1.6901690169016916 -22.5524343972479713
1.7101710171017146 -50.7131854751258757
1.7301730173017376 -2.1304206162044679
1.7501750175017605 -13.7881996094161430
1.7701770177017693 -14.0135219484603155
1.7901790179017922 -7.9713012944208863
1.8101810181018152 -18.0529050248964182
1.8301830183018382 -33.7947429318206076
1.8501850185018611 16.7534587732371882
1.8701870187018699 -26.7748555973344899
1.8901890189018928 -5.2129518112231388
1.9101910191019158 -40.8414116097412006
1.9301930193019388 0.4164323728358070
1.9501950195019617 10.2793478526205355
1.9701970197019705 -0.0271583119044081
1.9901990199019934 -8.9928592369419995
2.0102010201020164 -30.3284087374236293
2.0302030203020394 1.1534700741124269
2.0502050205020481 -3.9781060086482682
2.0702070207020711 22.2299281393558665
2.0902090209020940 -36.1294827309781610
2.1102110211021170 -68.1691901462949659
2.1302130213021400 -31.7098083042280976
2.1502150215021487 -5.3906774112619136
2.1702170217021717 -16.2408975487484852
2.1902190219021946 -23.5838015220487094
2.2102210221022176 -20.1950731750515899
2.2302230223022406 -25.6908983607791868
2.2502250225022493 -9.1047632511886718
2.2702270227022723 -24.8633690062475736
2.2902290229022952 9.2526318791905169
2.3102310231023182 -15.9019693293055191
2.3302330233023412 0.3656548561255200
2.3502350235023499 -55.3317815476392312
2.3702370237023729 -31.8226166752606261
2.3902390239023958 -16.5387049417813259
2.4102410241024188 -5.0714640931834509
2.4302430243024418 -33.0799365106849237
2.4502450245024505 16.3916670505448465
2.4702470247024735 -46.3929527934536026
2.4902490249024964 -50.5718686501723766
2.5102510251025194 16.0307687088223609
2.5302530253025424 -27.6095977127131249
2.5502550255025511 -4.7560306695394523
2.5702570257025741 -3.4276727704170451
2.5902590259025970 -3.2433362230040181
2.6102610261026200 -10.0517447882876603
2.6302630263026288 -12.4866077095857904
2.6502650265026517 -4.4650201637174920
2.6702670267026747 -41.9546362190951214
2.6902690269026976 -19.4636798944663170
2.7102710271027206 -43.3460279135835833
2.7302730273027294 -19.1860815139080643
2.7502750275027523 -30.8428642398752331
2.7702770277027753 -15.2263142664834135
2.7902790279027982 -21.2164763109697923
2.8102810281028212 6.6499017241749776
2.8302830283028300 -63.5760325265461859
2.8502850285028529 -34.8281383209234860
2.8702870287028759 -4.1406690212859942
2.8902890289028988 -20.3658110678598234
2.9102910291029218 -18.9387472421058938
2.9302930293029306 -36.9348990298450985
2.9502950295029535 -27.6394262792961705
2.9702970297029765 -8.9955167130401534
2.9902990299029995 21.1100101277216972
3.0103010301030224 -35.1833215447264394
3.0303030303030312 -10.9695946755061815
3.0503050305030541 -25.4980040988095524
3.0703070307030771 -44.6932920164517000
3.0903090309031001 -1.5127807368538662
3.1103110311031088 20.7266807154268307
3.1303130313031318 -40.1938350516665537
3.1503150315031547 12.2695800477773140
3.1703170317031777 -20.9960732618697818
3.1903190319032007 2.9282665434488493
3.2103210321032094 -27.8165781863677282
3.2303230323032324 -41.1355652513019052
3.2503250325032553 -8.7212429392314199
3.2703270327032783 -0.9225886619003951
3.2903290329033013 -12.1515675467634470
3.3103310331033100 3.2589152810248301
3.3303330333033330 -23.8049961650759307
3.3503350335033559 -21.0827349365870269
3.3703370337033789 -43.2082865401256839
3.3903390339034019 -31.5731713722856000
3.4103410341034106 12.9592502075639260
3.4303430343034336 -29.8618957781380630
3.4503450345034565 -1.9965724059776431
3.4703470347034795 -11.3963152433311894
3.4903490349035025 3.4309388907034801
3.5103510351035112 -12.1799742850568826
3.5303530353035342 -55.2395357628396226
3.5503550355035571 -31.7769874769416276
3.5703570357035801 -32.1190217532424640
3.5903590359035888 -35.2538915180444548
3.6103610361036118 -32.1782457259533601
3.6303630363036348 -32.2675368218506406
3.6503650365036577 -44.5898365883187608
3.6703670367036807 -5.9898120544554985
3.6903690369036894 -18.2931689972235496
3.7103710371037124 10.5919838822182548
3.7303730373037354 -31.6176641470383970
3.7503750375037583 -3.1083298537218766
3.7703770377037813 -33.2524757415109349
3.7903790379037900 -24.0437658294526670
3.8103810381038130 -51.6444146466185146
3.8303830383038360 -34.6428677986000793
3.8503850385038589 -50.9385678251464213
3.8703870387038819 -54.5359882452702607
3.8903890389038907 0.7523008167182752
3.9103910391039136 -15.4225486448201945
3.9303930393039366 23.1703026557727156
3.9503950395039595 -17.3401386690231867
3.9703970397039825 -17.1117324146803078
3.9903990399039913 -30.1581995908730889
4.0104010401040142 -25.0300964558169063
4.0304030403040372 -31.0166104815124726
4.0504050405040601 -48.6540831436136685
4.0704070407040689 -21.2955590895833957
4.0904090409040919 -3.2984154668013428
4.1104110411041148 -2.6710150190491131
4.1304130413041378 -33.1916637051314112
4.1504150415041607 -0.8771727588446367
4.1704170417041695 -37.5520222003778201
4.1904190419041925 0.1559747136310783
4.2104210421042154 -12.9389507775027148
4.2304230423042384 -15.9407124690497302
4.2504250425042613 -8.0916312162382464
4.2704270427042701 -36.0630411466183247
4.2904290429042931 7.9627436032665599
4.3104310431043160 -13.6069239184166975
4.3304330433043390 -21.2942962752698435
4.3504350435043619 -30.6672224011188206
4.3704370437043707 -2.0403150193860444
4.3904390439043937 -34.2781669338731732
4.4104410441044166 -25.8959283174928139
4.4304430443044396 6.0535165391595172
4.4504450445044625 -9.5363199222933197
4.4704470447044713 -16.9946709626256585
4.4904490449044943 -18.0845833491094901
4.5104510451045172 14.3525553142733564
4.5304530453045402 -5.3239120964443813
4.5504550455045489 -46.4314651257719078
4.5704570457045719 -1.1478631902946361
4.5904590459045949 4.5692295766812627
4.6104610461046178 -19.1292190909464708
4.6304630463046408 -32.9261689048271151
4.6504650465046495 -23.6544010346965017
4.6704670467046725 -10.8546792629687303
4.6904690469046955 -30.9577936031805301
4.7104710471047184 -35.6463086258345001
4.7304730473047414 -24.9566151759894943
4.7504750475047501 -21.7837937105939545
4.7704770477047731 -9.8046282049486599
4.7904790479047961 7.6109829760384571
4.8104810481048190 -20.6655975489045503
4.8304830483048420 -30.0867929926380455
4.8504850485048507 10.2245193588800340
4.8704870487048737 -24.4576429510759823
4.8904890489048967 2.0910007211717385
4.9104910491049196 -55.1965372311851468
4.9304930493049426 -17.2253620290401486
4.9504950495049513 -47.4624672562466259
4.9704970497049743 -0.2255733537834814
4.9904990499049973 -29.3526713321203658
5.0105010501050202 -26.8276755231429824
5.0305030503050290 3.5993402937032677
5.0505050505050519 -43.0559808972338729
5.0705070507050749 -30.8558931352239867
5.0905090509050979 -27.0381684623896881
5.1105110511051208 1.9899597692708184
5.1305130513051296 -29.8844496680185046
5.1505150515051525 -21.8750077953964350
5.1705170517051755 -24.6719708528993280
5.1905190519051985 -10.0906203824930820
5.2105210521052214 -18.8561346189559345
5.2305230523052302 -35.1290204919776130
5.2505250525052531 -2.7446630185197964
5.2705270527052761 -1.3088953264372591
5.2905290529052991 -36.6502014347344129
5.3105310531053220 -39.2183158875243549
5.3305330533053308 1.1302054431430459
5.3505350535053537 -48.9244594024054322
5.3705370537053767 -9.5471375933138987
5.3905390539053997 -0.1856921222893781
5.4105410541054226 -8.1488054902089679
5.4305430543054314 -4.7425530416411004
5.4505450545054543 -23.0300770115988023
5.4705470547054773 -18.5520668907689412
5.4905490549055003 -25.2155686444565639
5.5105510551055090 -18.4381170785095279
5.5305530553055320 -12.1016734532862511
5.5505550555055549 -18.1502602559970931
5.5705570557055779 -15.2844913841393986
5.5905590559056009 -44.0534392106787749
5.6105610561056096 -37.6113614834464300
5.6305630563056326 2.2344089419437854
5.6505650565056555 17.8511342518889933
5.6705670567056785 -11.3502862176677670
5.6905690569057015 -44.6075685859123894
5.7105710571057102 -35.3353715355195419
5.7305730573057332 -50.0657627835226435
5.7505750575057561 -26.4706763496985644
5.7705770577057791 40.4697248759133075
5.7905790579058021 -44.5194114611035658
5.8105810581058108 -12.1894362693475564
5.8305830583058338 -35.0001147037972586
5.8505850585058568 2.8271287598084545
5.8705870587058797 -29.6523463426318550
5.8905890589059027 -23.9148113136923861
5.9105910591059114 36.9310598539278061
5.9305930593059344 -15.6896485568245403
5.9505950595059574 0.1124529252910769
5.9705970597059803 -23.9196045360843961
5.9905990599059891 1.3969677895783601
6.0106010601060120 9.4225628040599361
6.0306030603060350 -10.3541260891747182
6.0506050605060580 -10.8122972511464592
6.0706070607060809 -35.6890297137787726
6.0906090609060897 -2.7970012226592385
6.1106110611061126 16.8515183353596107
6.1306130613061356 -27.2605949393058857
6.1506150615061586 -26.8744804343362418
6.1706170617061815 -37.6047552733128470
6.1906190619061903 -39.3311513710341529
6.2106210621062132 -4.0154063893596845
6.2306230623062362 9.4455367249930688
6.2506250625062592 -49.6213311760167386
6.2706270627062821 13.5478344165280973
6.2906290629062909 3.3792929103443328
6.3106310631063138 -26.9245625517933647
6.3306330633063368 -36.6735904640770158
6.3506350635063598 -5.2544686213114566
6.3706370637063827 -17.5716062266877167
6.3906390639063915 -27.2846193739388880
6.4106410641064144 15.7367357020252943
6.4306430643064374 -0.7086708136840052
6.4506450645064604 21.5605064026544682
6.4706470647064691 -58.9041057754114590
6.4906490649064921 -24.5568928649015845
6.5106510651065150 -11.9727868626924803
6.5306530653065380 -45.0710064580680410
6.5506550655065610 -3.4708485581197994
6.5706570657065697 -32.9317624858620022
6.5906590659065927 -18.3898710893650374
6.6106610661066156 -9.2393812643447948
6.6306630663066386 -58.0464824570664177
6.6506650665066616 0.0296890836578871
6.6706670667066703 10.7747697960558249
6.6906690669066933 -21.0063963933448008
6.7106710671067162 -14.1474541461785552
6.7306730673067392 -31.6058216657428837
6.7506750675067622 -35.6001117592839051
6.7706770677067709 -54.0119752290569153
6.7906790679067939 -15.6503678881292441
6.8106810681068168 -5.9547767447857387
6.8306830683068398 1.6435546104492165
6.8506850685068628 -38.2566182063344584
6.8706870687068715 -7.6241299885269171
6.8906890689068945 -25.3496759807352312
6.9106910691069174 -9.2267981711212528
6.9306930693069404 -37.2035444215224800
6.9506950695069492 -52.4558618529152838
6.9706970697069721 -30.5798955104294663
6.9906990699069951 -20.5756457611116232
7.0107010701070180 -12.0985416395386256
7.0307030703070410 -17.2810898359407297
7.0507050705070498 -3.2456200211386470
7.0707070707070727 6.5562032275680373
7.0907090709070957 0.2420394116981157
7.1107110711071186 -4.2971922935400571
7.1307130713071416 -35.8398474311945705
7.1507150715071504 -33.2294445328555454
7.1707170717071733 5.7899789981530638
7.1907190719071963 -24.3766065877582676
7.2107210721072192 8.4377829572647975
7.2307230723072422 -22.8223904771204218
7.2507250725072510 -21.0795283698663525
7.2707270727072739 -44.5528940293306874
7.2907290729072969 -32.9996762290981707
7.3107310731073198 -4.5146760378340636
7.3307330733073428 -19.0499418358311274
7.3507350735073516 -14.1710476691083578
7.3707370737073745 15.5367774702899410
7.3907390739073975 -17.0630606261518771
7.4107410741074204 3.6048100386174831
7.4307430743074292 11.0775353498216091
7.4507450745074522 -49.8552752034814972
7.4707470747074751 7.8474289258567858
7.4907490749074981 -23.4554676413921079
7.5107510751075210 11.4111338345268454
7.5307530753075298 -21.7056863558081119
7.5507550755075528 -22.7407377070819905
7.5707570757075757 1.3154361884211205
7.5907590759075987 -39.1759781241269991
7.6107610761076216 -5.8165812501010654
7.6307630763076304 -25.5984708064848405
7.6507650765076534 -0.8623236664262652
7.6707670767076763 -9.4746184853968316
7.6907690769076993 28.0299383925704149
7.7107710771077222 -40.7792501780710666
7.7307730773077310 2.7963795297788590
7.7507750775077540 -11.6082366295702304
7.7707770777077769 -12.3880322874952533
7.7907790779077999 -20.5788441712891945
7.8107810781078229 10.2594674322769812
7.8307830783078316 -46.7374879913003056
7.8507850785078546 2.9296270327897300
7.8707870787078775 6.4278003205933434
7.8907890789079005 7.0563584944602624
7.9107910791079092 16.5615806892499648
7.9307930793079322 -7.9580512605253713
7.9507950795079552 -11.1935585986023298
7.9707970797079781 -7.9645749273516913
7.9907990799080011 -17.4952453981758325
8.0108010801080098 -27.8408577653089964
8.0308030803080328 -10.8716547864186808
8.0508050805080558 -25.3345234398165680
8.0708070807080787 -31.9120244239872974
8.0908090809081017 -17.6511419481066234
8.1108110811081104 -31.9168958030526682
8.1308130813081334 9.2512078359274632
8.1508150815081564 -4.9661044648795025
8.1708170817081793 -17.4610850920833016
8.1908190819082023 -1.0304792874621231
8.2108210821082110 -9.3811711688693080
8.2308230823082340 7.4863020706626457
8.2508250825082570 -8.5503912786747307
8.2708270827082799 7.2660358103073772
8.2908290829083029 -19.2645458454916820
8.3108310831083116 -8.0077522531998095
8.3308330833083346 9.0172237961149175
8.3508350835083576 -40.1842439477653528
8.3708370837083805 7.2511004615977352
8.3908390839083893 -17.1619249992458336
8.4108410841084122 10.1797180940947847
8.4308430843084352 -5.7125769392734291
8.4508450845084582 -29.7964785393779614
8.4708470847084811 -42.9141592590835614
8.4908490849084899 -48.8288009309547704
8.5108510851085128 37.6487065964197143
8.5308530853085358 -10.4841269539323143
8.5508550855085588 8.3715007925546630
8.5708570857085817 6.1520447937795115
8.5908590859085905 -6.7656091764534940
8.6108610861086134 5.8606206597320050
8.6308630863086364 -28.5014482434754264
8.6508650865086594 5.7145363537698142
8.6708670867086823 9.6833060882033504
8.6908690869086911 -5.7925578910628346
8.7108710871087141 -15.3366791971363163
8.7308730873087370 1.4582291728083128
8.7508750875087600 43.7734121345359597
8.7708770877087829 10.2052278128576592
8.7908790879087917 -5.7849332394902682
8.8108810881088147 11.6321928741607845
8.8308830883088376 -14.0174483401024581
8.8508850885088606 -33.4019987844790762
8.8708870887088693 6.5740642792782626
8.8908890889088923 25.8857956642806641
8.9108910891089153 14.9465597783275452
8.9308930893089382 -2.0402456819124613
8.9508950895089612 13.3124086877288175
8.9708970897089699 0.5812493270770460
8.9908990899089929 -19.1383298793233614
9.0109010901090159 -13.7752035585937538
9.0309030903090388 -51.6168336116252391
9.0509050905090618 -19.4625851285071860
9.0709070907090705 23.2515180265680641
9.0909090909090935 -5.7525838310434549
9.1109110911091165 13.4492018921178200
9.1309130913091394 14.8782381432241344
9.1509150915091624 -56.5829559938614608
9.1709170917091711 -25.6113171894592853
9.1909190919091941 -28.9776251188584340
9.2109210921092171 -6.4469619056649128
9.2309230923092400 6.2054631831040190
9.2509250925092630 2.5920163747679918
9.2709270927092717 -8.7979023959427654
9.2909290929092947 -28.6499106213116264
9.3109310931093177 5.2521078533564580
9.3309330933093406 28.5659106140800745
9.3509350935093494 -16.3562179701921124
9.3709370937093723 3.1647027891779018
9.3909390939093953 10.9672106634078883
9.4109410941094183 -9.7260430125468922
9.4309430943094412 -23.6885018104766587
9.4509450945094500 6.4329776035229438
9.4709470947094729 -1.2299136884478150
9.4909490949094959 -1.2884195579032847
9.5109510951095189 -10.6932162623190905
9.5309530953095418 4.1176119365818611
9.5509550955095506 -7.7290006011479502
9.5709570957095735 25.8801641992946898
9.5909590959095965 2.7565415717958457
9.6109610961096195 -15.1053672136387469
9.6309630963096424 -24.6541646804786296
9.6509650965096512 -28.9920650023212794
9.6709670967096741 -31.6502163079180718
9.6909690969096971 -6.7486157934310524
9.7109710971097201 -1.9947352267359202
9.7309730973097430 -1.7527003615462577
9.7509750975097518 -21.2890915994323890
9.7709770977097747 -35.6832513436060594
9.7909790979097977 4.3733184027661283
9.8109810981098207 -30.0523820465657607
9.8309830983098294 8.1233510761535221
9.8509850985098524 -53.4595633548732820
9.8709870987098753 1.2421823208423453
9.8909890989098983 13.4424675246914411
9.9109910991099213 0.5190736643345373
9.9309930993099300 5.2133534491645328
9.9509950995099530 -16.9830344261611152
9.9709970997099759 -64.5912726205486507
9.9909990999099989 -4.7787640339256532
10.0110011001100219 -14.6834117926465701
10.0310031003100306 11.7241533732899228
10.0510051005100536 -4.5994751122751909
10.0710071007100765 -11.8385024689526119
10.0910091009100995 -8.2672879525692782
10.1110111011101225 -29.9290712621042054
10.1310131013101312 -13.4270374937807553
10.1510151015101542 -16.3052056317421261
10.1710171017101771 -15.1658203478116143
10.1910191019102001 -11.0927503575479314
10.2110211021102231 -12.1271402668749104
10.2310231023102318 21.8359472838128710
10.2510251025102548 7.9486831086932774
10.2710271027102777 2.5713327493428562
10.2910291029103007 -8.6726938056041405
10.3110311031103095 -15.7018460788358798
10.3310331033103324 5.4941099503780686
10.3510351035103554 -34.9926202714522816
10.3710371037103783 13.4644520560649692
10.3910391039104013 3.6753388052153699
10.4110411041104101 23.7661280711568494
10.4310431043104330 -5.1744015217944392
10.4510451045104560 37.5115620434159780
10.4710471047104789 1.3773165375480678
10.4910491049105019 22.4879950838836145
10.5110511051105107 15.4350028674219146
10.5310531053105336 -2.4101763290980887
10.5510551055105566 19.3258695460047001
10.5710571057105795 1.3878338438940396
10.5910591059106025 -6.8101291994901247
10.6110611061106113 14.6656321046025155
10.6310631063106342 -14.5655962380595128
10.6510651065106572 -16.0458537984130736
10.6710671067106802 -5.3317952370969177
10.6910691069107031 -0.0639265103136877
10.7110711071107119 -0.9449515231062939
10.7310731073107348 -10.8889992692191591
10.7510751075107578 31.6336990613452045
10.7710771077107808 -23.8428773452550260
10.7910791079107895 -11.4132749609402921
10.8110811081108125 30.6687651002212647
10.8310831083108354 -2.8907607545771019
10.8510851085108584 19.5023597370300088
10.8710871087108814 -23.4731566334000945
10.8910891089108901 -5.8766843213875744
10.9110911091109131 -21.6750906946389819
10.9310931093109360 4.2484905808428888
10.9510951095109590 -22.2468011228202549
10.9710971097109820 -5.2850445290068624
10.9910991099109907 -17.1596175267620517
11.0111011101110137 -10.9899057594208074
11.0311031103110366 -24.7238940523877986
11.0511051105110596 -5.7960940650422916
11.0711071107110826 -5.4458435566141103
11.0911091109110913 8.7224962377322708
11.1111111111111143 -26.9022857685395209
11.1311131113111372 0.4468048337009130
11.1511151115111602 3.6899219690867460
11.1711171117111832 -11.0888447205862697
11.1911191119111919 -3.1850697983186351
11.2111211121112149 -26.3127991278684590
11.2311231123112378 -13.7153629127292440
11.2511251125112608 2.6721694634560365
11.2711271127112695 -30.0684408939231922
11.2911291129112925 25.9435228941914069
11.3111311131113155 -7.4491272844537635
11.3311331133113384 -2.2887205754319173
11.3511351135113614 -20.2170472439872739
11.3711371137113701 -13.4113544369597335
11.3911391139113931 -10.1752891298912793
11.4111411141114161 3.4742939785953686
11.4311431143114390 -13.9021155727115460
11.4511451145114620 -26.5916746821719769
11.4711471147114707 5.0140168237562888
11.4911491149114937 -4.6625793194426564
11.5111511151115167 3.3002617833093084
11.5311531153115396 -4.4735869254256793
11.5511551155115626 16.6987048422294677
11.5711571157115714 -3.8413795021634249
11.5911591159115943 -43.6061819628170966
11.6111611161116173 2.0723376269214695
11.6311631163116402 6.1808894416378344
11.6511651165116632 -2.3828846304288125
11.6711671167116720 -23.1016939529312744
11.6911691169116949 38.8307525132032794
11.7111711171117179 -24.5321443224077775
11.7311731173117408 -2.4243225575004126
11.7511751175117496 -3.7977168227574918
11.7711771177117726 17.0547364683608791
11.7911791179117955 -26.8437213314164289
11.8111811181118185 -54.2670120035251387
11.8311831183118414 -28.6927590988775947
11.8511851185118502 3.4737106798467439
11.8711871187118732 -32.2861625889840411
11.8911891189118961 5.7143118270324873
11.9111911191119191 6.8836706209182292
11.9311931193119420 4.7003556992902178
11.9511951195119508 26.7885457031996665
11.9711971197119738 -10.1703608949749462
11.9911991199119967 -24.0595691326074501
12.0112011201120197 0.2920245726543989
12.0312031203120426 -9.0402598433652930
12.0512051205120514 -6.0275025658811661
12.0712071207120744 -7.0725624515684054
12.0912091209120973 -13.2036836382950096
12.1112111211121203 18.4851367784572069
12.1312131213121432 1.6349481318520203
12.1512151215121520 2.6465628857315533
12.1712171217121750 5.3970597148730466
12.1912191219121979 -5.8301921380959847
12.2112211221122209 -4.1108988889544333
12.2312231223122296 14.6393009299522650
12.2512251225122526 2.9520901652900768
12.2712271227122756 -21.0205163531564168
12.2912291229122985 -14.5027011507976109
12.3112311231123215 24.3682161734068998
12.3312331233123302 13.9795368584792730
12.3512351235123532 -7.1739218861278227
12.3712371237123762 -11.4204046144842284
12.3912391239123991 -2.7211329947323319
12.4112411241124221 -9.4698331408789826
12.4312431243124308 -14.6865383778028171
12.4512451245124538 32.1761180894404717
12.4712471247124768 -5.2198953213068338
12.4912491249124997 -2.0311236475148067
12.5112511251125227 -14.8251855407603212
12.5312531253125314 61.3152251323424551
12.5512551255125544 -7.0293925693475412
12.5712571257125774 -25.2579347982558033
12.5912591259126003 -6.9993676790771122
12.6112611261126233 0.6308983309678264
12.6312631263126320 0.3551717982872571
12.6512651265126550 -13.1252911429261978
12.6712671267126780 11.0284954354738041
12.6912691269127009 40.8464818249464585
12.7112711271127239 11.4772970230756393
12.7312731273127326 -4.6994217573703496
12.7512751275127556 8.5429174540879949
12.7712771277127786 0.6332903724430624
12.7912791279128015 13.7884676182193928
12.8112811281128103 -33.6490322227696552
12.8312831283128332 -9.6793428675809476
12.8512851285128562 -26.4706508479259028
12.8712871287128792 -9.6274493912558228
12.8912891289129021 16.9098659416067925
12.9112911291129109 -15.1506191927845268
12.9312931293129338 16.2076960157407761
12.9512951295129568 10.2662729177638692
12.9712971297129798 -22.8723735973200881
12.9912991299130027 -11.7788858383341690
13.0113011301130115 -20.3740671520474699
13.0313031303130344 -1.3295253143380308
13.0513051305130574 -18.8553700258077690
13.0713071307130804 -11.2821262287110731
13.0913091309131033 -19.5002734822190718
13.1113111311131121 -17.6043597563159544
13.1313131313131350 33.9200700772233716
13.1513151315131580 -27.5597376381606729
13.1713171317131810 12.0528315445415934
13.1913191319132039 7.3634280733011561
13.2113211321132127 53.4143041904926150
13.2313231323132356 -10.7446824177778080
13.2513251325132586 -7.9157406413718903
13.2713271327132816 18.5349691982693265
13.2913291329132903 3.5723475340265685
13.3113311331133133 -2.8219126182559937
13.3313331333133362 -31.7421727628591945
13.3513351335133592 -1.4825652319041240
13.3713371337133822 -19.0615819697030773
13.3913391339133909 8.8172063234326323
13.4113411341134139 -10.5373709013814345
13.4313431343134368 -3.9451606127804966
13.4513451345134598 0.4598599225525799
13.4713471347134828 -7.6735660095133387
13.4913491349134915 -9.0241564868116839
13.5113511351135145 -3.2981823866078601
13.5313531353135375 19.6323232787145194
13.5513551355135604 -3.8395329201699395
13.5713571357135834 42.7433225145953415
13.5913591359135921 20.3899805000652492
13.6113611361136151 1.2463766087192032
13.6313631363136381 2.3004373310783715
13.6513651365136610 -15.5939371609094586
13.6713671367136840 27.5281130565890919
13.6913691369136927 -3.5192307674499368
13.7113711371137157 -15.6322568503422126
13.7313731373137387 14.2329293717678187
13.7513751375137616 16.5750517512903315
13.7713771377137704 17.3270380998685347
13.7913791379137933 -2.6400245976017267
13.8113811381138163 29.4829051762764252
13.8313831383138393 -24.2794750781069339
13.8513851385138622 15.6937480067967492
13.8713871387138710 40.9495782885579587
13.8913891389138939 -7.5303775771053552
13.9113911391139169 -10.1356648389584407
13.9313931393139399 8.0428652702091945
13.9513951395139628 18.5040013183188847
13.9713971397139716 -3.5386298307443491
13.9913991399139945 -1.9761843754803534
14.0114011401140175 2.2095476352658912
14.0314031403140405 -7.2141559410949849
14.0514051405140634 -13.4126358818199041
14.0714071407140722 14.5268592150019025
14.0914091409140951 -1.5870095973806793
14.1114111411141181 16.5965159150006549
14.1314131413141411 47.7673754591913067
14.1514151415141640 -5.5744498052522573
14.1714171417141728 19.6456078849474380
14.1914191419141957 21.9780221506527269
14.2114211421142187 19.0340741190772178
14.2314231423142417 7.2217617741766533
14.2514251425142504 14.1224786798809490
14.2714271427142734 41.3426599559442778
14.2914291429142963 26.3374176988382800
14.3114311431143193 -23.6160214946110543
14.3314331433143423 11.1354586838044884
14.3514351435143510 22.8714084493356893
14.3714371437143740 -3.7465548576911463
14.3914391439143969 36.0762293430812520
14.4114411441144199 14.1871360259356045
14.4314431443144429 11.6359870604029751
14.4514451445144516 -13.1448851734680563
14.4714471447144746 8.1394090795040359
14.4914491449144975 27.3438935061711845
14.5114511451145205 -13.3152698364198265
14.5314531453145435 6.5097781908017689
14.5514551455145522 36.9497095801948774
14.5714571457145752 21.1266715285984183
14.5914591459145981 18.9643121550990337
14.6114611461146211 4.9846633952566570
14.6314631463146441 22.8337325628730667
14.6514651465146528 1.2466790126134422
14.6714671467146758 17.0878088876093059
14.6914691469146987 -11.2268917117660507
14.7114711471147217 0.3638967208393016
14.7314731473147305 -2.5962203634449939
14.7514751475147534 25.4413768358637071
14.7714771477147764 -1.5377738876338825
14.7914791479147993 11.8560522104968484
14.8114811481148223 -1.7478267872795534
14.8314831483148311 2.7345982873736867
14.8514851485148540 -8.6441656275750951
14.8714871487148770 44.3107367403352796
14.8914891489148999 30.0938909248402027
14.9114911491149229 33.2410498526387741
14.9314931493149317 10.7985516404938089
14.9514951495149546 1.9141988978895288
14.9714971497149776 -10.8006861680254396
14.9914991499150005 -7.9902209549750545
15.0115011501150235 11.8834734828458153
15.0315031503150323 2.3678269124598765
15.0515051505150552 6.4085704109109765
15.0715071507150782 -0.6337085699554414
15.0915091509151011 -11.2292901067638642
15.1115111511151241 39.9984166181824037
15.1315131513151329 59.4418211526916593
15.1515151515151558 -6.5888343238897367
15.1715171517151788 8.2996918139764393
15.1915191519152017 -10.4132072386458550
15.2115211521152105 5.3042407479170937
15.2315231523152335 12.5835701556759396
15.2515251525152564 3.6690039177011604
15.2715271527152794 4.3257249912102864
15.2915291529153023 27.3483644283310028
15.3115311531153111 28.2413353256819946
15.3315331533153341 15.5433350190577499
15.3515351535153570 26.5714378614448776
15.3715371537153800 29.1538913214543669
15.3915391539154029 27.2788472761373981
15.4115411541154117 -0.4513465949118451
15.4315431543154347 10.7659116297709208
15.4515451545154576 35.0105362965093718
15.4715471547154806 7.1263714716433810
15.4915491549155036 -12.9307026733522239
15.5115511551155123 -12.5563164633639897
15.5315531553155353 27.8901213527107181
15.5515551555155582 -10.8358471965779835
15.5715571557155812 14.9347070943468658
15.5915591559156042 23.7560461708902793
15.6115611561156129 15.1951533382793151
15.6315631563156359 11.9935189561162652
15.6515651565156588 -12.3623663347359010
15.6715671567156818 -0.2892197931173968
15.6915691569156905 19.1718033409920103
15.7115711571157135 29.1300063716550888
15.7315731573157365 49.7618677006823873
15.7515751575157594 -4.5862642094846748
15.7715771577157824 -14.8729991229402145
15.7915791579157911 23.2309860140509485
15.8115811581158141 0.0145380994285595
15.8315831583158371 45.1315034011467588
15.8515851585158600 14.9824599634839508
15.8715871587158830 -6.5605130938280070
15.8915891589158917 39.2188391503932934
15.9115911591159147 21.8278126331538260
15.9315931593159377 50.9748589790757904
15.9515951595159606 0.4918594759616965
15.9715971597159836 0.9149577989811721
15.9915991599159923 -8.7548334505517733
16.0116011601160153 -13.0117689086252710
16.0316031603160383 46.0495201392390641
16.0516051605160612 16.5573874643556813
16.0716071607160842 -8.1658510210529673
16.0916091609160929 1.1941475041194014
16.1116111611161159 3.3118431745430357
16.1316131613161389 10.3751388703141387
16.1516151615161618 1.3307158267660650
16.1716171617161706 21.1013716683417982
16.1916191619161935 -1.0259009555758993
16.2116211621162165 3.9265884826594384
16.2316231623162395 -8.7440154285117799
16.2516251625162624 46.3412933375235951
16.2716271627162712 8.2098752463910429
16.2916291629162941 32.0150354421533336
16.3116311631163171 -1.2595852704989152
16.3316331633163401 13.6633580125657943
16.3516351635163630 33.2483732798983809
16.3716371637163718 -9.6553338026675881
16.3916391639163948 -21.2445190771944183
16.4116411641164177 15.7069494827316642
16.4316431643164407 25.7227571404761761
16.4516451645164636 17.1332964425623615
16.4716471647164724 7.4597199131321696
16.4916491649164954 12.5440915641003610
16.5116511651165183 47.6448968447230001
16.5316531653165413 -4.0209571736180330
16.5516551655165642 23.1944880187017901
16.5716571657165730 15.6951484652271223
16.5916591659165960 9.2378065374134000
16.6116611661166189 18.7788285907572572
16.6316631663166419 5.1537230611361178
16.6516651665166506 16.4787406015606024
16.6716671667166736 7.2191138835139581
16.6916691669166966 -26.4301632346338877
16.7116711671167195 13.8939314479044942
16.7316731673167425 6.0810410006634381
16.7516751675167512 -1.3617627947566771
16.7716771677167742 25.0341957010029432
16.7916791679167972 -11.2007732778685885
16.8116811681168201 22.2099984477088874
16.8316831683168431 21.6788849746810968
16.8516851685168518 40.1943696797920538
16.8716871687168748 -0.0921724342180177
16.8916891689168978 -21.3210770882851364
16.9116911691169207 -1.9667403996075876
16.9316931693169437 20.9808831029701679
16.9516951695169524 34.7102676870879989
16.9716971697169754 12.5791078531670966
16.9916991699169984 -34.8960964722990354
17.0117011701170213 12.0330783148764553
17.0317031703170443 -7.3517539473970501
17.0517051705170530 11.9133797818877163
17.0717071707170760 16.0614872561109827
17.0917091709170990 10.9329067230134953
17.1117111711171219 11.8764086053395630
17.1317131713171307 1.1852321787293079
17.1517151715171536 22.9280877517937185
17.1717171717171766 -6.5222213631598187
17.1917191719171996 3.5013719066729720
17.2117211721172225 36.0465238606231395
17.2317231723172313 5.2938552294791830
17.2517251725172542 12.8628055238288361
17.2717271727172772 34.5969353143192748
17.2917291729173002 59.9528368796649289
17.3117311731173231 22.5918674605675953
17.3317331733173319 37.2060310586677758
17.3517351735173548 -15.8773021443799891
17.3717371737173778 22.8485227817359231
17.3917391739174008 37.4803611684129265
17.4117411741174237 30.4980385764094564
17.4317431743174325 7.9750736058890066
17.4517451745174554 3.9643241589136338
17.4717471747174784 5.2003969187242447
17.4917491749175014 40.4318702380855370
17.5117511751175243 11.1965544148853731
17.5317531753175331 26.3950778972267699
17.5517551755175560 23.9950032956257679
17.5717571757175790 16.1690621044279474
17.5917591759176020 -2.2809896873498872
17.6117611761176107 7.8721709619326941
17.6317631763176337 17.3077057670800585
17.6517651765176566 25.3186444857439064
17.6717671767176796 55.9607515843385812
17.6917691769177026 46.1317340022416857
17.7117711771177113 -3.5747182260435189
17.7317731773177343 60.0828315519952483
17.7517751775177572 21.7884257545378581
17.7717771777177802 8.0684407263597961
17.7917791779178032 28.1582300379809212
17.8117811781178119 -2.9333600135888425
17.8317831783178349 26.9414251438465300
17.8517851785178578 30.1041016417319938
17.8717871787178808 -22.2725234647137533
17.8917891789179038 16.8710421839342075
17.9117911791179125 29.8890809614414010
17.9317931793179355 -25.3601557709496923
17.9517951795179584 6.4580760338508636
17.9717971797179814 -2.6308459383183163
17.9917991799180044 32.1686061311958724
18.0118011801180131 6.9666289884948114
18.0318031803180361 11.8022260962222312
18.0518051805180590 47.7405355442308661
18.0718071807180820 14.6563665169136037
18.0918091809180908 21.5085140105626458
18.1118111811181137 13.1968269668029574
18.1318131813181367 0.5837749013635936
18.1518151815181596 12.9102838554196211
18.1718171817181826 34.9059308451224481
18.1918191819181914 27.9920791642771967
18.2118211821182143 43.9180675866019570
18.2318231823182373 35.8340135331498644
18.2518251825182602 41.2013351880721430
18.2718271827182832 -3.6944675736869641
18.2918291829182920 -1.3583508508111954
18.3118311831183149 41.7578722350568086
18.3318331833183379 -2.5175503141001059
18.3518351835183609 29.5737629054869728
18.3718371837183838 -5.1955190961690150
18.3918391839183926 12.4689542141276011
18.4118411841184155 18.9592754467412341
18.4318431843184385 39.0545053737758820
18.4518451845184615 12.6410949650051556
18.4718471847184844 1.3746715596844510
18.4918491849184932 29.0632513659059413
18.5118511851185161 -1.1122585926193231
18.5318531853185391 20.9280134471664532
18.5518551855185621 22.0327343574812069
18.5718571857185708 4.1876108568044543
18.5918591859185938 40.7865257012247469
18.6118611861186167 32.5727385127690212
18.6318631863186397 23.1799033805764800
18.6518651865186627 28.7364647723360918
18.6718671867186714 58.1442831155102127
18.6918691869186944 10.5730984142992668
18.7118711871187173 20.4399558555958407
18.7318731873187403 30.1594984602674181
18.7518751875187633 42.4367580393857153
18.7718771877187720 32.2849667839417336
18.7918791879187950 -12.1677925744489137
18.8118811881188179 3.4175197895863789
18.8318831883188409 12.8759363166446992
18.8518851885188639 17.1660064143157420
18.8718871887188726 17.3195038813577575
18.8918891889188956 25.5096521161147614
18.9118911891189185 40.6118880615814462
18.9318931893189415 36.8820138467010779
18.9518951895189645 12.9895218528884495
18.9718971897189732 48.9428166091452965
18.9918991899189962 29.5882084489884285
19.0119011901190191 35.1804342982629805
19.0319031903190421 38.0438046721285090
19.0519051905190508 9.3726540117431121
19.0719071907190738 41.9213376458033906
19.0919091909190968 51.8491259016067119
19.1119111911191197 41.4443276279013162
19.1319131913191427 18.9877088860539800
19.1519151915191514 20.7321230315450080
19.1719171917191744 -3.7000127169188879
19.1919191919191974 11.3700072032842758
19.2119211921192203 31.7913487458072517
19.2319231923192433 9.1414979260423674
19.2519251925192521 50.5494081704958163
19.2719271927192750 9.8571839136805739
19.2919291929192980 10.2780973122346015
19.3119311931193209 32.4454324705270309
19.3319331933193439 55.0185757676893274
19.3519351935193527 13.3626321497849396
19.3719371937193756 21.7972443520170387
19.3919391939193986 33.2062382068644979
19.4119411941194215 58.6298230555247812
19.4319431943194445 7.2718622241400261
19.4519451945194533 48.9235366195673791
19.4719471947194762 11.5129904748329821
19.4919491949194992 25.1282742873757421
19.5119511951195221 6.2742483977008270
19.5319531953195309 -13.0329305227130305
19.5519551955195539 57.6636661793833269
19.5719571957195768 21.4327744911228706
19.5919591959195998 24.9342743438869654
19.6119611961196227 20.4232165674561834
19.6319631963196315 32.4399529848567170
19.6519651965196545 20.9050229426472072
19.6719671967196774 9.8021654801054368
19.6919691969197004 21.1367786603616388
19.7119711971197233 46.9153127347859851
19.7319731973197321 18.0357523145038598
19.7519751975197551 28.6957837393000439
19.7719771977197780 48.4207929592334310
19.7919791979198010 29.7398119399684049
19.8119811981198239 33.2740176130136405
19.8319831983198327 6.5201790905480159
19.8519851985198557 37.8026340449536988
19.8719871987198786 35.5789050964611278
19.8919891989199016 24.9633289679244399
19.9119911991199245 7.9783350695678052
19.9319931993199333 31.5009099489208246
19.9519951995199563 28.8320482119110437
19.9719971997199792 16.8983094969966672
19.9919991999200022 48.5073955946479813
20.0120012001200109 19.7002239375162986
20.0320032003200339 43.4784519389489219
20.0520052005200569 -7.4337922352751136
20.0720072007200798 11.8260091027317813
20.0920092009201028 20.9837272264743824
20.1120112011201115 39.0569338779217645
20.1320132013201345 35.8790523491025795
20.1520152015201575 14.7713822877919316
20.1720172017201804 39.8375476314526153
20.1920192019202034 2.8228172646275560
20.2120212021202121 36.3746857946227706
20.2320232023202351 12.0690895905806954
20.2520252025202581 62.6813535450807748
20.2720272027202810 29.5525681837044765
20.2920292029203040 -20.0850867184871227
20.3120312031203127 1.0458935564605554
20.3320332033203357 60.0022312312033037
20.3520352035203587 50.4529002962451472
20.3720372037203816 26.9632808352477156
20.3920392039204046 0.6812327413394712
20.4120412041204133 25.5574071525234352
20.4320432043204363 14.5419264304682603
20.4520452045204593 30.9603884488346139
20.4720472047204822 26.6115991948195472
20.4920492049204910 40.9155701980819089
20.5120512051205139 22.8275063559947355
20.5320532053205369 34.7276232486903638
20.5520552055205599 15.8548709589973136
20.5720572057205828 8.5671511605253166
20.5920592059205916 43.0647804645098162
20.6120612061206145 13.6168522687371372
20.6320632063206375 -6.0115226449309027
20.6520652065206605 18.0102492790146300
20.6720672067206834 37.5615077241399291
20.6920692069206922 58.1111282486089493
20.7120712071207151 21.9054312424633153
20.7320732073207381 17.0889760565882867
20.7520752075207611 17.7432804130298294
20.7720772077207840 11.0768916454038653
20.7920792079207928 25.7615986856268080
20.8120812081208157 23.6839869767973816
20.8320832083208387 50.9863605371156439
20.8520852085208617 22.0902470456969056
20.8720872087208846 19.0758142542914548
20.8920892089208934 49.1175577373729197
20.9120912091209163 47.2205789091333088
20.9320932093209393 50.3026053932389132
20.9520952095209623 60.3765687100146238
20.9720972097209710 43.3280751645861528
20.9920992099209940 6.5983770986173766
21.0121012101210169 20.8824695479290270
21.0321032103210399 34.7276206702935397
21.0521052105210629 13.6536055412211361
21.0721072107210716 21.5556591439792342
21.0921092109210946 23.8264640418968732
21.1121112111211175 35.7784992329230320
21.1321132113211405 32.8573385871289574
21.1521152115211635 -4.8105946188605415
21.1721172117211722 56.2670515989140654
21.1921192119211952 15.0090648749013980
21.2121212121212182 31.9022186602660085
21.2321232123212411 35.4962567765681101
21.2521252125212641 -3.3652451303855244
21.2721272127212728 24.2941305897912514
21.2921292129212958 28.7863962178314452
21.3121312131213188 25.1097561074933822
21.3321332133213417 32.0051313549707572
21.3521352135213647 34.8778841297697113
21.3721372137213734 10.0078281614625695
21.3921392139213964 38.6214242395776637
21.4121412141214194 26.7826831157635006
21.4321432143214423 24.7773295291047404
21.4521452145214511 14.6317353825693708
21.4721472147214740 38.3214276611137237
21.4921492149214970 20.3337366817286345
21.5121512151215200 54.7206590225294462
21.5321532153215429 -6.6247246895158227
21.5521552155215517 11.7063214242639155
21.5721572157215746 44.8967701329381441
21.5921592159215976 41.2679382934212171
21.6121612161216206 4.8638790792303475
21.6321632163216435 35.0969169046717440
21.6521652165216523 -3.4220908189089698
21.6721672167216752 29.5555099591276935
21.6921692169216982 34.3223218076492316
21.7121712171217212 23.2204834746346336
21.7321732173217441 34.1472932083039922
21.7521752175217529 49.8257372054059360
21.7721772177217758 25.2332720923309601
21.7921792179217988 30.8172217606005248
21.8121812181218218 39.0374528288659661
21.8321832183218447 54.9099736359874981
21.8521852185218535 53.6807538637416712
21.8721872187218764 67.8142483990676936
21.8921892189218994 5.8114391929914326
21.9121912191219224 77.1257162517516548
21.9321932193219311 18.9978438865605455
21.9521952195219541 23.5589146629476716
21.9721972197219770 10.9586385191632232
21.9921992199220000 17.0696970375631167
22.0122012201220230 56.4625140966210068
22.0322032203220317 22.4463966961443475
22.0522052205220547 51.3325526853594098
22.0722072207220776 36.6491343113974537
22.0922092209221006 21.4141985516485107
22.1122112211221236 33.2678991313856471
22.1322132213221323 52.7817449370108278
22.1522152215221553 31.9224661737586466
22.1722172217221782 37.9551521503472884
22.1922192219222012 55.8102659999362132
22.2122212221222242 46.7583577197493625
22.2322232223222329 59.8432143971022299
22.2522252225222559 74.1226102300289540
22.2722272227222788 80.5411001110233542
22.2922292229223018 10.0689790977757383
22.3122312231223248 20.1208549890615913
22.3322332233223335 33.7938446724038073
22.3522352235223565 50.4051793206618299
22.3722372237223794 30.2104792424413162
22.3922392239224024 52.9620471077594104
22.4122412241224112 48.7008621270977713
22.4322432243224341 41.1943323702641848
22.4522452245224571 17.0912197715947265
22.4722472247224800 55.9011572595177739
22.4922492249225030 90.0928979569350474
22.5122512251225118 32.7656341280745949
22.5322532253225347 36.4374635338071045
22.5522552255225577 11.5611842977043224
22.5722572257225806 20.4690137717371528
22.5922592259226036 67.2316097978078346
22.6122612261226124 52.4044839182354778
22.6322632263226353 37.0287498180391808
22.6522652265226583 3.5601013386038716
22.6722672267226812 44.7345003307352655
22.6922692269227042 47.7428922769178214
22.7122712271227130 56.3845082721615398
22.7322732273227359 36.2914815704724774
22.7522752275227589 30.3229528587198871
22.7722772277227818 19.8640777735457696
22.7922792279228048 65.5000894972176297
22.8122812281228136 74.1203735966875001
22.8322832283228365 53.4849327795330538
22.8522852285228595 43.8986294749785841
22.8722872287228824 31.8518391105996734
22.8922892289228912 45.6510297195259369
22.9122912291229142 42.0929518633076469
22.9322932293229371 29.6922325710721395
22.9522952295229601 37.2032421066729597
22.9722972297229830 55.6242229165047917
22.9922992299229918 3.8107345931101122
23.0123012301230148 22.5244908846123479
23.0323032303230377 42.3169001429382305
23.0523052305230607 63.2172274035969437
23.0723072307230836 30.6372731249523937
23.0923092309230924 48.1501540739905280
23.1123112311231154 63.5920151223413797
23.1323132313231383 56.1363767815204682
23.1523152315231613 58.7920926173535037
23.1723172317231842 90.2330264143752458
23.1923192319231930 63.1397590813518264
23.2123212321232160 62.0810617196314212
23.2323232323232389 34.6261758957119383
23.2523252325232619 46.6959396626655305
23.2723272327232849 70.7577416327898305
23.2923292329232936 42.8108280644136556
23.3123312331233166 49.2416488188188524
23.3323332333233395 33.8111499614448476
23.3523352335233625 72.7921434780103880
23.3723372337233855 42.0873550451480227
23.3923392339233942 60.3878752159048418
23.4123412341234172 62.2619347740183002
23.4323432343234401 37.4784784984907589
23.4523452345234631 62.9406742135830228
23.4723472347234718 40.2169839803444589
23.4923492349234948 70.1876145629627075
23.5123512351235178 55.4378038499875458
23.5323532353235407 85.1910482994194354
23.5523552355235637 39.9525869184082509
23.5723572357235724 41.3434744267854200
23.5923592359235954 41.1357696019548911
23.6123612361236184 23.2633303450065938
23.6323632363236413 55.9456684846415726
23.6523652365236643 58.5825287334263436
23.6723672367236730 59.2159525700389864
23.6923692369236960 38.8144575168707462
23.7123712371237190 23.8421815048104868
23.7323732373237419 69.7986978872866928
23.7523752375237649 41.2837481755830780
23.7723772377237736 53.6629800248815201
23.7923792379237966 21.8557793845826183
23.8123812381238196 26.1860117890633113
23.8323832383238425 43.2000678761291965
23.8523852385238655 71.7596016973559614
23.8723872387238742 63.7459538111222059
23.8923892389238972 56.9460307176944340
23.9123912391239202 43.7815239438582751
23.9323932393239431 64.5851105972739532
23.9523952395239519 58.1928701506259216
23.9723972397239748 36.7980745671571370
23.9923992399239978 94.0916639318161856
24.0124012401240208 41.0030612531250824
24.0324032403240437 58.7487267433277367
24.0524052405240525 76.5043923111881554
24.0724072407240755 69.3780743170301406
24.0924092409240984 31.5744753853818310
24.1124112411241214 33.2741553559230852
24.1324132413241443 42.7635917063467090
24.1524152415241531 33.5476769822814234
24.1724172417241761 25.1620181351664449
24.1924192419241990 48.5625108855844800
24.2124212421242220 76.2530765506747201
24.2324232423242449 32.0559724617760722
24.2524252425242537 70.4012587358040065
24.2724272427242767 20.5683649323068209
24.2924292429242996 40.6874943338713635
24.3124312431243226 62.4852553229627219
24.3324332433243455 39.5651232937316735
24.3524352435243543 53.4730772900513784
24.3724372437243773 40.9038531613812353
24.3924392439244002 13.4805930074885225
24.4124412441244232 37.3332429008691093
24.4324432443244319 47.5743019067619031
24.4524452445244549 29.0715307660222244
24.4724472447244779 -3.9986555232986376
24.4924492449245008 64.9032506190628737
24.5124512451245238 39.9899311075633506
24.5324532453245325 32.5906075515708409
24.5524552455245555 52.8344889158254247
24.5724572457245785 51.6880080687097063
24.5924592459246014 42.8058157487089019
24.6124612461246244 91.5117514573757660
24.6324632463246331 44.2025262149367961
24.6524652465246561 66.8985054343743002
24.6724672467246791 59.7047093917137133
24.6924692469247020 40.5497544324800714
24.7124712471247250 80.6904379898254263
24.7324732473247337 27.9287784981493346
24.7524752475247567 46.2638641587077331
24.7724772477247797 21.6646653932484163
24.7924792479248026 41.2908517093882068
24.8124812481248256 68.1632970949199972
24.8324832483248343 52.8134108380506504
24.8524852485248573 109.9981526905494462
24.8724872487248803 63.4487546997603715
24.8924892489249032 34.2997557151515835
24.9124912491249120 38.5891901472248406
24.9324932493249349 25.6899893654958404
24.9524952495249579 22.7570433266201597
24.9724972497249809 45.4559399474333148
24.9924992499250038 64.6847765504726482
25.0125012501250126 58.1384655162897914
25.0325032503250355 29.5569181130914416
25.0525052505250585 80.3171290440870393
25.0725072507250815 38.2608852514463464
25.0925092509251044 41.2945938900173388
25.1125112511251132 68.2142481559308322
25.1325132513251361 48.8404300843581183
25.1525152515251591 3.8214548073944528
25.1725172517251821 63.9262901846502558
25.1925192519252050 38.8184280193881932
25.2125212521252138 27.9285593919345558
25.2325232523252367 6.8276890584114582
25.2525252525252597 22.8006698108787518
25.2725272527252827 56.7490390849498070
25.2925292529253056 19.1681549710405861
25.3125312531253144 60.5240632817877326
25.3325332533253373 56.8114660647020884
25.3525352535253603 59.6608944772376830
25.3725372537253833 65.3620810190747790
25.3925392539253920 47.5487104305937081
25.4125412541254150 83.5740125721805782
25.4325432543254379 30.1126887363619460
25.4525452545254609 52.9401007494390043
25.4725472547254839 77.5986756482529643
25.4925492549254926 40.0564368565503557
25.5125512551255156 43.1090265771713632
25.5325532553255385 14.2197753609533137
25.5525552555255615 55.5876365865350195
25.5725572557255845 47.9440724370541460
25.5925592559255932 69.5267227191005759
25.6125612561256162 9.0625163735686769
25.6325632563256391 48.5348207691783102
25.6525652565256621 77.6001927291316633
25.6725672567256851 51.6573193510612256
25.6925692569256938 47.9858908576702419
25.7125712571257168 66.7273641494249290
25.7325732573257397 88.2233647488432098
25.7525752575257627 56.3125627435062626
25.7725772577257857 68.1943603083369112
25.7925792579257944 84.3902625429074220
25.8125812581258174 45.0278523749512729
25.8325832583258403 81.5801691531798667
25.8525852585258633 71.6140860706835838
25.8725872587258721 65.5485622878787808
25.8925892589258950 43.3758678206538093
25.9125912591259180 76.6995617948725510
25.9325932593259409 54.6591103842721822
25.9525952595259639 45.4082339402464399
25.9725972597259727 59.6119375653946904
25.9925992599259956 62.1113765138712779
26.0126012601260186 36.4547493436173511
26.0326032603260415 65.5902611925972536
26.0526052605260645 80.9126717197786718
26.0726072607260733 61.4284382848098147
26.0926092609260962 64.2614668430328635
26.1126112611261192 33.9915646431378491
26.1326132613261422 54.7591868836729887
26.1526152615261651 61.4081757222812001
26.1726172617261739 71.8074379814525656
26.1926192619261968 50.2030157383320770
26.2126212621262198 84.7855960215652544
26.2326232623262428 59.8889303263131794
26.2526252625262657 70.1002747574373615
26.2726272627262745 36.6423401429375204
26.2926292629262974 39.1375648689972877
26.3126312631263204 39.2313243093834529
26.3326332633263434 25.0193041463181913
26.3526352635263521 86.5265177882874070
26.3726372637263751 88.9767559010190041
26.3926392639263980 72.0134398711736594
26.4126412641264210 36.6977952380598396
26.4326432643264440 82.3033649280394286
26.4526452645264527 34.2648671594265437
26.4726472647264757 10.8103560389961970
26.4926492649264986 73.4142125743142202
26.5126512651265216 43.5751791652608063
26.5326532653265446 38.5862576574935474
26.5526552655265533 60.5471031067225667
26.5726572657265763 89.5938772008643411
26.5926592659265992 73.0555915747569742
26.6126612661266222 68.8270924480510899
26.6326632663266452 51.2135664131580057
26.6526652665266539 37.9946979594729868
26.6726672667266769 61.5548223987256335
26.6926692669266998 47.3992091480368885
26.7126712671267228 64.8327635285186119
26.7326732673267458 24.8750879190886138
26.7526752675267545 43.4289688270224019
26.7726772677267775 59.4691182762741377
26.7926792679268004 95.5845995514411300
26.8126812681268234 45.5401495633012132
26.8326832683268321 62.1422207847059767
26.8526852685268551 61.3215639166294153
26.8726872687268781 50.4535623465080789
26.8926892689269010 37.8526830599028585
26.9126912691269240 71.1776754499119448
26.9326932693269328 75.9451665238236160
26.9526952695269557 51.5181017033596618
26.9726972697269787 34.7762465433785621
26.9926992699270016 47.4133746929212307
27.0127012701270246 80.0258132455502391
27.0327032703270334 30.6851010013094978
27.0527052705270563 70.4769808090593415
27.0727072707270793 64.9127944742515552
27.0927092709271022 77.7694437315119984
27.1127112711271252 49.0769161822540383
27.1327132713271340 29.6588581138795035
27.1527152715271569 43.7367509288162495
27.1727172717271799 49.9864346813999560
27.1927192719272028 64.4958286724420020
27.2127212721272258 87.7848049134951509
27.2327232723272346 39.5223751865950277
27.2527252725272575 76.5094151989133877
27.2727272727272805 64.7405136283503850
27.2927292729273034 55.7857426679393100
27.3127312731273122 27.5902486684196475
27.3327332733273352 69.0829564262079003
27.3527352735273581 71.1535907819241515
27.3727372737273811 65.8962837084684594
27.3927392739274040 74.3673189267229873
27.4127412741274128 41.1259189912120604
27.4327432743274358 85.0210329945467436
27.4527452745274587 64.7365818637788237
27.4727472747274817 66.6443478379260483
27.4927492749275046 51.0767348707470461
27.5127512751275134 34.4445751925823558
27.5327532753275364 55.2204912728710298
27.5527552755275593 69.6993718416385946
27.5727572757275823 85.4752187753857839
27.5927592759276052 25.7305977786800355
27.6127612761276140 54.3421401962251878
27.6327632763276370 93.9233111678945534
27.6527652765276599 59.1927064174128006
27.6727672767276829 47.1188106440895780
27.6927692769277058 69.1385133999147001
27.7127712771277146 96.1659267989946045
27.7327732773277376 37.4546823693080455
27.7527752775277605 59.4564827747221116
27.7727772777277835 46.1943027637128196
27.7927792779277922 102.3325410022275435
27.8127812781278152 80.3133405261902169
27.8327832783278382 78.0242310591406323
27.8527852785278611 64.1463055393515589
27.8727872787278841 74.4638854810251587
27.8927892789278928 49.7618661748148128
27.9127912791279158 56.4969366272032687
27.9327932793279388 100.0002100186808889
27.9527952795279617 54.7961288561324693
27.9727972797279847 93.4454181476299510
27.9927992799279934 64.2657536404286276
28.0128012801280306 67.7401535289701116
28.0328032803280394 50.8644325070239489
28.0528052805280481 77.2940929107452064
28.0728072807280853 62.8407524997837470
28.0928092809280940 76.3139356835897900
28.1128112811281312 44.3758132542749451
28.1328132813281400 55.6459722638464882
28.1528152815281487 55.9528097815157253
28.1728172817281859 101.2538738287553883
28.1928192819281946 65.2950502139682385
28.2128212821282318 83.7639254244494111
28.2328232823282406 79.7167114770688556
28.2528252825282493 73.8719162611420330
28.2728272827282865 57.8277320709050002
28.2928292829282952 63.5750690233578908
28.3128312831283324 97.9869886039137583
28.3328332833283412 76.3713782285710465
28.3528352835283499 61.8826604031288952
28.3728372837283871 94.1581192015167829
28.3928392839283958 36.5724171015697763
28.4128412841284330 84.0243458288727112
28.4328432843284418 39.1314159991258919
28.4528452845284505 53.8799237344157191
28.4728472847284877 65.4105826029176569
28.4928492849284964 56.7841475071336461
28.5128512851285052 51.4775744064941136
28.5328532853285424 48.1405372486833016
28.5528552855285511 46.1163371310483328
28.5728572857285883 68.2690305001413122
28.5928592859285970 82.0844007570851630
28.6128612861286058 51.9683416349440677
28.6328632863286430 87.1449740410399585
28.6528652865286517 63.7025910334048007
28.6728672867286889 59.7582206221447763
28.6928692869286976 79.3631131300107029
28.7128712871287064 94.6883170698099974
28.7328732873287436 65.5004589951393399
28.7528752875287523 42.1505761204726639
28.7728772877287895 71.3565821930017137
28.7928792879287982 73.3500858338358626
28.8128812881288070 44.9040454453646305
28.8328832883288442 66.3066952008651924
28.8528852885288529 96.9943914202422093
28.8728872887288901 57.8923963407469415
28.8928892889288988 62.1232677263813855
28.9128912891289076 90.2231327111741734
28.9328932893289448 81.8131725605713882
28.9528952895289535 109.1128220730539766
28.9728972897289907 57.9586283056944040
28.9928992899289995 80.2553696509449850
29.0129012901290082 83.8590288241564252
29.0329032903290454 61.7290526721118908
29.0529052905290541 39.1167722373416993
29.0729072907290913 53.5281349389374270
29.0929092909291001 98.3420643574570050
29.1129112911291088 59.4070563326528003
29.1329132913291460 57.5229863990218178
29.1529152915291547 71.5920250274984085
29.1729172917291919 53.2010668924232988
29.1929192919292007 103.7217729612219159
29.2129212921292094 72.4619325361640847
29.2329232923292466 61.7626605339741985
29.2529252925292553 12.3619059406420249
29.2729272927292925 48.1475437146079628
29.2929292929293013 75.3503817455836895
29.3129312931293100 39.9196003795789522
29.3329332933293472 59.1588575949278521
29.3529352935293559 74.1312603050772907
29.3729372937293931 73.5170845242256519
29.3929392939294019 28.3812818445027943
29.4129412941294106 84.2663285392122248
29.4329432943294478 67.7200066978000308
29.4529452945294565 87.5949521832438620
29.4729472947294653 79.7199783928214885
29.4929492949295025 81.7717022857648743
29.5129512951295112 40.3213746745893999
29.5329532953295484 52.7346330604042777
29.5529552955295571 42.2842570493657348
29.5729572957295659 94.0365988073408374
29.5929592959296031 54.3376168603903977
29.6129612961296118 50.9013792406303409
29.6329632963296490 81.1837094359335367
29.6529652965296577 82.1523614179407105
29.6729672967296665 48.3646018776388757
29.6929692969297037 56.9677837308743165
29.7129712971297124 79.9677811529572011
29.7329732973297496 92.7729846105721236
29.7529752975297583 64.2382699543875191
29.7729772977297671 38.9875371878857351
29.7929792979298043 51.2196031248948316
29.8129812981298130 96.8429510315592523
29.8329832983298502 70.9945722307116824
29.8529852985298589 57.4337592698147574
29.8729872987298677 66.4171889164277331
29.8929892989299049 103.0639018497415691
29.9129912991299136 57.1626602755525042
29.9329932993299508 78.4803816955394069
29.9529952995299595 73.9857887358514006
29.9729972997299683 74.6571064858665636
29.9929992999300055 51.7677767693725315
30.0130013001300142 53.0768207862027595
30.0330033003300514 62.2356126957873954
30.0530053005300601 83.7875027766135787
30.0730073007300689 102.1034266890178515
30.0930093009301061 125.6663944874454586
30.1130113011301148 48.3886152334112012
30.1330133013301520 86.2552670020652528
30.1530153015301607 116.6410987681921085
30.1730173017301695 77.6233834888796252
30.1930193019302067 71.8934507901830671
30.2130213021302154 82.5221822075784672
30.2330233023302526 82.5190475054179018
30.2530253025302613 70.2299923089835545
30.2730273027302701 50.3427102937501871
30.2930293029303073 84.6868103979264077
30.3130313031303160 41.8231012829508444
30.3330333033303532 112.6154596981559166
30.3530353035303619 55.9654861670129833
30.3730373037303707 86.3149123472835953
30.3930393039304079 47.6638471807986832
30.4130413041304166 56.8340388154825575
30.4330433043304254 42.6194539120494582
30.4530453045304625 65.6330468840072569
30.4730473047304713 86.4510814770131475
30.4930493049305085 39.6525213811392092
30.5130513051305172 64.1117281926842821
30.5330533053305260 78.4466204500822357
30.5530553055305631 52.7726414761392562
30.5730573057305719 65.7410898006342563
30.5930593059306091 59.8942881900933486
30.6130613061306178 85.0867752028833166
30.6330633063306266 87.9227193983049773
30.6530653065306637 97.5949312370733395
30.6730673067306725 95.2199436393848941
30.6930693069307097 68.1509634613032347
30.7130713071307184 66.9169485060515257
30.7330733073307272 112.0182656043551219
30.7530753075307643 58.0375249297336779
30.7730773077307731 59.3964261436954146
30.7930793079308103 86.3213491733547045
30.8130813081308190 58.6988291552081733
30.8330833083308278 83.1379547401986798
30.8530853085308649 66.9672405756221565
30.8730873087308737 31.4418719543620639
30.8930893089309109 29.3453031765121040
30.9130913091309196 79.3896986005378551
30.9330933093309284 64.1759800266865312
30.9530953095309656 100.8929401484802497
30.9730973097309743 98.7221757308439578
30.9930993099310115 52.5079804066259470
31.0131013101310202 85.0027501714169205
31.0331033103310290 80.1394705448218474
31.0531053105310662 37.2746706981250142
31.0731073107310749 66.2052604416093260
31.0931093109311121 82.6303925308768328
31.1131113111311208 69.3464920134421163
31.1331133113311296 68.6930304670982963
31.1531153115311668 106.9666693454392714
31.1731173117311755 59.7285391948439255
31.1931193119312127 67.5445542225463100
31.2131213121312214 32.4300948976694698
31.2331233123312302 85.7458851833817448
31.2531253125312674 131.5704894087408547
31.2731273127312761 76.3303584356440012
31.2931293129313133 66.6389005231228992
31.3131313131313220 50.8175679736211876
31.3331333133313308 82.9630945435636988
31.3531353135313680 30.3896462990288754
31.3731373137313767 53.5001612873325740
31.3931393139313855 77.5156032791161067
31.4131413141314226 70.3513343377946967
31.4331433143314314 107.3817224274290396
31.4531453145314686 87.3998386951281958
31.4731473147314773 67.0576902683174865
31.4931493149314861 78.5406191942627174
31.5131513151315232 80.7844676976825866
31.5331533153315320 85.4777582687811304
31.5531553155315692 89.6111631233276285
31.5731573157315779 89.6270509956054582
31.5931593159315867 94.8052281355251694
31.6131613161316238 90.9861486054847717
31.6331633163316326 69.3927095662895681
31.6531653165316698 106.3511967372075446
31.6731673167316785 80.3901696036695057
31.6931693169316873 80.1678044750793219
31.7131713171317244 78.5989668229862133
31.7331733173317332 63.7875659924672362
31.7531753175317704 97.9149102961559237
31.7731773177317791 68.4068144616530702
31.7931793179317879 85.4139955995004669
31.8131813181318250 76.3519029865550181
31.8331833183318338 99.8173985436317821
31.8531853185318710 52.1481257589871063
31.8731873187318797 94.2311606972221796
31.8931893189318885 85.2909039178657622
31.9131913191319256 107.4642258125808922
31.9331933193319344 65.4933607997307092
31.9531953195319716 61.1435961564494903
31.9731973197319803 73.0260796973707187
31.9931993199319891 59.3757587349502387
32.0132013201320262 58.8612489001313008
32.0332033203320350 98.5459465370246761
32.0532053205320722 100.3093732086906869
32.0732073207320809 94.4974946060649614
32.0932093209320897 46.7542504632433022
32.1132113211321268 92.4495523089130273
32.1332133213321356 87.7259117760776661
32.1532153215321728 62.7701015687858614
32.1732173217321815 46.5287195078137259
32.1932193219321903 77.1262092326064845
32.2132213221322274 96.8640603104680764
32.2332233223322362 98.0935411324535664
32.2532253225322734 79.1511640958215565
32.2732273227322821 75.0978424886534128
32.2932293229322909 58.1555115940358434
32.3132313231323280 58.4181257047169851
32.3332333233323368 102.0160194400323235
32.3532353235323455 111.2215543386918171
32.3732373237323827 74.1702576529607853
32.3932393239323915 93.2849192937839291
32.4132413241324286 112.4716587506410974
32.4332433243324374 51.3758479319968018
32.4532453245324461 66.8259922811288476
32.4732473247324833 61.1378330622219295
32.4932493249324921 87.8952793971285047
32.5132513251325292 56.8285353982291568
32.5332533253325380 65.8710390688058567
32.5532553255325467 92.0719828565453611
32.5732573257325839 92.5472884848460069
32.5932593259325927 83.7040670928812744
32.6132613261326298 79.3014318159111582
32.6332633263326386 44.5670526801863360
32.6532653265326474 63.8340558866298693
32.6732673267326845 79.9968834496990695
32.6932693269326933 73.4660576884933221
32.7132713271327304 95.1894064863797382
32.7332733273327392 52.2126043591265443
32.7532753275327480 73.6244805853728224
32.7732773277327851 75.7254063170256018
32.7932793279327939 88.9810339532627239
32.8132813281328310 72.1580196988906266
32.8332833283328398 80.3555874364150924
32.8532853285328486 75.1459364099567608
32.8732873287328857 65.3412659842892083
32.8932893289328945 105.9422859281766591
32.9132913291329317 78.1592055744168874
32.9332933293329404 87.6205453441352375
32.9532953295329492 89.1688961941807321
32.9732973297329863 71.6114175397081709
32.9932993299329951 64.1192530803499778
33.0133013301330323 104.8689449358714398
33.0333033303330410 66.5521075031497134
33.0533053305330498 75.2960151633070041
33.0733073307330869 72.4921871293720841
33.0933093309330957 69.4631238634033252
33.1133113311331329 48.9610939152163809
33.1333133313331416 88.6574979638936611
33.1533153315331504 76.2070512696074189
33.1733173317331875 108.8882344179589552
33.1933193319331963 87.0040781177178530
33.2133213321332335 62.6314094534903489
33.2333233323332422 80.4225160526430898
33.2533253325332510 69.6121359675058216
33.2733273327332881 88.1816650416087384
33.2933293329332969 65.3406392472980144
33.3133313331333341 86.7011913333058288
33.3333333333333428 93.2772487681144185
33.3533353335333516 104.7417135685539620
33.3733373337333887 85.5362431838560724
33.3933393339333975 116.6429270553558695
33.4133413341334062 67.9470528386394079
33.4333433343334434 78.8349190952616681
33.4533453345334522 87.0589830571403951
33.4733473347334893 83.4176374262386702
33.4933493349334981 69.5963915751212880
33.5133513351335068 86.0554043502395700
33.5333533353335440 85.6876679254730647
33.5533553355335528 83.1640591528067432
33.5733573357335899 59.2009008468471407
33.5933593359335987 75.6370187163412879
33.6133613361336074 96.3677096882304483
33.6333633363336446 88.5680372747662403
33.6533653365336534 50.9818632479954275
33.6733673367336905 79.0709131223908344
33.6933693369336993 84.7582071628370954
33.7133713371337080 75.5758674357166171
33.7333733373337452 89.9278958879428103
33.7533753375337540 80.4576112329341839
33.7733773377337911 112.6862076981771565
33.7933793379337999 105.0198334440540151
33.8133813381338086 112.9387208676958494
33.8333833383338458 50.8643812045902308
33.8533853385338546 114.6267124323461672
33.8733873387338917 78.2667054391351371
33.8933893389339005 58.6020649443469210
33.9133913391339092 72.9726315885623222
33.9333933393339464 78.7849434318114419
33.9533953395339552 79.4783940367496911
33.9733973397339923 101.3252355396985109
33.9933993399340011 108.6229833564110123
34.0134013401340098 76.0063630339186460
34.0334033403340470 36.2602797620851049
34.0534053405340558 100.0789403686067374
34.0734073407340929 67.2081179415250745
34.0934093409341017 79.3678298030802836
34.1134113411341104 108.7101926568308699
34.1334133413341476 104.8263912062272425
34.1534153415341564 111.2039075787157429
34.1734173417341935 96.8764444240684242
34.1934193419342023 126.6063581854817386
34.2134213421342110 76.8433058640085704
34.2334233423342482 95.5195410566341252
34.2534253425342570 83.2041105213802865
34.2734273427342941 78.6867167045425759
34.2934293429343029 55.9599078505333125
34.3134313431343116 97.1423369446736444
34.3334333433343488 109.5501369620252490
34.3534353435343576 111.1561548082817694
34.3734373437343663 89.1371475069173016
34.3934393439344035 59.7929215746434366
34.4134413441344122 80.0917278928261709
34.4334433443344494 65.0597505692398670
34.4534453445344582 50.8233624688487780
34.4734473447344669 102.3002288611271382
34.4934493449345041 102.7714239292053833
34.5134513451345128 70.8727162005502294
34.5334533453345500 83.5746631641197411
34.5534553455345588 56.7824619647459983
34.5734573457345675 99.7987349955447343
34.5934593459346047 79.1947493967397662
34.6134613461346134 83.5381286158423251
34.6334633463346506 120.4470218188956494
34.6534653465346594 48.9905709801344074
34.6734673467346681 85.6942163668140608
34.6934693469347053 105.6792370330505406
34.7134713471347141 86.9519733402236454
34.7334733473347512 73.9046988393239701
34.7534753475347600 101.3849381010549848
34.7734773477347687 116.4422474698850181
34.7934793479348059 86.1986661480468683
34.8134813481348147 86.5336724617111770
34.8334833483348518 94.0197148820417254
34.8534853485348606 59.4357783926718497
34.8734873487348693 69.5619886414759918
34.8934893489349065 77.4323357688710843
34.9134913491349153 73.7808887229921879
34.9334933493349524 89.2724662416362520
34.9534953495349612 82.2816140245624723
34.9734973497349699 53.3137680762710531
34.9934993499350071 103.4447187840478080
35.0135013501350159 110.9251007478867450
35.0335033503350530 115.8865122711817435
35.0535053505350618 124.9085337721653275
35.0735073507350705 79.0112522154695114
35.0935093509351077 124.8577985505434214
35.1135113511351165 96.6813814877582445
35.1335133513351536 111.5364089007231456
35.1535153515351624 67.5693801308046318
35.1735173517351711 135.1831163845031938
35.1935193519352083 90.1763761070351393
35.2135213521352171 88.4893026143503079
35.2335233523352542 103.0727248902561826
35.2535253525352630 132.8145113085370497
35.2735273527352717 54.8354298421003961
35.2935293529353089 109.5706707290081567
35.3135313531353177 88.3261729721947404
35.3335333533353264 75.1425602570053712
35.3535353535353636 122.5504297363787884
35.3735373537353723 85.8717661659949698
35.3935393539354095 54.6901364261796274
35.4135413541354183 75.0551236244301094
35.4335433543354270 82.6470306851964551
35.4535453545354642 72.3796985513459674
35.4735473547354729 118.2180613281846888
35.4935493549355101 91.4233592424953372
35.5135513551355189 82.8745704121961495
35.5335533553355276 79.2315330290204685
35.5535553555355648 105.8272613879081234
35.5735573557355735 70.7008056738028188
35.5935593559356107 85.4024911884964411
35.6135613561356195 87.2792554247237859
35.6335633563356282 61.0953107335284500
35.6535653565356654 92.5488212592204889
35.6735673567356741 107.3088400282980217
35.6935693569357113 111.4507339110179771
35.7135713571357201 106.0201824817990115
35.7335733573357288 122.5223592628621816
35.7535753575357660 82.7139601132468414
35.7735773577357747 102.9329132398346758
35.7935793579358119 95.3647120226466996
35.8135813581358207 69.5351066794700898
35.8335833583358294 51.0467031886167959
35.8535853585358666 65.3039093143243576
35.8735873587358753 89.0000496287192675
35.8935893589359125 110.9927978369369157
35.9135913591359213 67.5308156892708951
35.9335933593359300 55.8319526845867102
35.9535953595359672 77.1390542644765134
35.9735973597359759 122.2354610996462441
35.9935993599360131 67.2824815124379114
36.0136013601360219 89.1874013492942197
36.0336033603360306 59.9518934093739801
36.0536053605360678 98.3753603833627182
36.0736073607360765 122.6936327844017001
36.0936093609361137 107.2145177869007853
36.1136113611361225 84.6488428530959141
36.1336133613361312 96.0183322843790563
36.1536153615361684 113.3762388799818837
36.1736173617361771 92.9945195628641983
36.1936193619362143 91.7145772199289979
36.2136213621362231 90.7348128495074491
36.2336233623362318 117.7617219916147917
36.2536253625362690 90.7476425238911020
36.2736273627362777 90.1958061206927653
36.2936293629362865 65.5273556894729978
36.3136313631363237 90.7980613397040059
36.3336333633363324 62.2663371109746890
36.3536353635363696 121.3508944620446641
36.3736373637363783 82.2430135320288684
36.3936393639363871 89.8106110410883929
36.4136413641364243 120.5363506623999541
36.4336433643364330 72.8618439378630285
36.4536453645364702 85.8069771631255946
36.4736473647364789 85.2164170590528443
36.4936493649364877 99.1917864291527849
36.5136513651365249 101.8912225852206745
36.5336533653365336 108.7400137225843224
36.5536553655365708 121.9771387272572838
36.5736573657365795 99.8273465756624887
36.5936593659365883 81.7403252823631874
36.6136613661366255 94.8223190016265249
36.6336633663366342 72.0632887324264146
36.6536653665366714 94.7960479221648598
36.6736673667366802 77.7062775464961675
36.6936693669366889 69.4575983101043164
36.7136713671367261 138.1649938223090999
36.7336733673367348 67.7694679726064635
36.7536753675367720 106.9544411375433555
36.7736773677367808 124.3137424944057869
36.7936793679367895 68.8321355763008853
36.8136813681368267 103.1717334933728694
36.8336833683368354 87.5516916324628340
36.8536853685368726 64.6847194395664502
36.8736873687368814 97.1280858897555248
36.8936893689368901 101.5936445046804693
36.9136913691369273 97.0798760913651222
36.9336933693369360 113.5319864914306862
36.9536953695369732 87.7965496103672933
36.9736973697369820 128.8411746310692934
36.9936993699369907 109.7676498372256333
37.0137013701370279 93.5263439070796210
37.0337033703370366 96.1165650128034770
37.0537053705370738 91.4325379420882456
37.0737073707370826 118.7105911537167628
37.0937093709370913 121.9131330791139902
37.1137113711371285 97.1471735966926531
37.1337133713371372 62.2597927800546600
37.1537153715371744 137.4015930788698370
37.1737173717371832 67.1171367218273929
37.1937193719371919 111.1314544108119975
37.2137213721372291 96.0008014881574354
37.2337233723372378 95.0169578268873636
37.2537253725372466 112.5418672373378683
37.2737273727372838 109.0577120237385031
37.2937293729372925 102.1795609198206876
37.3137313731373297 78.1952248899623896
37.3337333733373384 99.0692413161517607
37.3537353735373472 83.4820035934267821
37.3737373737373844 87.5057414721327262
37.3937393739373931 80.6207890226697828
37.4137413741374303 62.4327772507611414
37.4337433743374390 71.2338881786662341
37.4537453745374478 93.6826921870963361
37.4737473747374850 98.3325270096286204
37.4937493749374937 100.4522899844312320
37.5137513751375309 93.5930804373286094
37.5337533753375396 125.8401302727987172
37.5537553755375484 118.5898645623506695
37.5737573757375856 99.8052983756437158
37.5937593759375943 79.8061534460797191
37.6137613761376315 87.7592954754222490
37.6337633763376402 88.0846275609092686
37.6537653765376490 88.3614629590294243
37.6737673767376862 111.7970995239340652
37.6937693769376949 105.7749350375232780
37.7137713771377321 117.0015589579781334
37.7337733773377408 116.0018586039444699
37.7537753775377496 50.3397408699477467
37.7737773777377868 85.8091735819079844
37.7937793779377955 84.6862460170028442
37.8137813781378327 118.7710859933484500
37.8337833783378414 75.7709444231471849
37.8537853785378502 133.4198186056520683
37.8737873787378874 58.2391395545317536
37.8937893789378961 116.0576208113179462
37.9137913791379333 97.5231752053412464
37.9337933793379420 112.4203549532081610
37.9537953795379508 137.9392269921636967
37.9737973797379880 62.8812899149980566
37.9937993799379967 79.5295864788766238
38.0138013801380339 130.4129165470064606
38.0338033803380426 115.8069278954499310
38.0538053805380514 122.4241404047817525
38.0738073807380886 84.4988155103310561
38.0938093809380973 88.6943182457213197
38.1138113811381345 97.9118813200241362
38.1338133813381432 89.5084276713578504
38.1538153815381520 98.6410300828307953
38.1738173817381892 99.2009859249333488
38.1938193819381979 86.0538485874299681
38.2138213821382067 123.4851428023783342
38.2338233823382438 103.8872289130164575
38.2538253825382526 110.3876682406145164
38.2738273827382898 116.1475462893634045
38.2938293829382985 46.8926480225321072
38.3138313831383073 99.2363934112539852
38.3338333833383444 65.2956667910596877
38.3538353835383532 114.0549459162056820
38.3738373837383904 75.7383170718664616
38.3938393839383991 102.1888918654407945
38.4138413841384079 99.2432827472826489
38.4338433843384450 55.8658804849754063
38.4538453845384538 120.7510466492945085
38.4738473847384910 118.8989511231329175
38.4938493849384997 93.7161292546024498
38.5138513851385085 105.0029220934619048
38.5338533853385456 92.8661767604153283
38.5538553855385544 109.4660702008051771
38.5738573857385916 125.5468199631239798
38.5938593859386003 128.7699261848402728
38.6138613861386091 104.8119517459507648
38.6338633863386463 117.1392198103967814
38.6538653865386550 112.5824090021766466
38.6738673867386922 104.4957134251782094
38.6938693869387009 113.9467102715294260
38.7138713871387097 91.5783696304514336
38.7338733873387469 69.7585527443971642
38.7538753875387556 130.4209924203026674
38.7738773877387928 108.5522351129134080
38.7938793879388015 47.8459938120663324
38.8138813881388103 47.9422060209830150
38.8338833883388475 112.8258391245091872
38.8538853885388562 117.5201738665298024
38.8738873887388934 116.1902363570011403
38.8938893889389021 106.7694242750842903
38.9138913891389109 109.9406158610173918
38.9338933893389481 94.9337564818137452
38.9538953895389568 92.6482501897041004
38.9738973897389940 104.2925975483897929
38.9938993899390027 105.3146544617618332
39.0139013901390115 124.2942516248527340
39.0339033903390487 80.9759922723949899
39.0539053905390574 117.9558164098797874
39.0739073907390946 130.7658194829309082
39.0939093909391033 84.1213758649173400
39.1139113911391121 121.4824015632172944
39.1339133913391493 73.6718490515779223
39.1539153915391580 95.9545575414013570
39.1739173917391668 88.4767131398391342
39.1939193919392039 90.3964454991887862
39.2139213921392127 121.4720824547729734
39.2339233923392499 82.5371602531426873
39.2539253925392586 108.2551935646423260
39.2739273927392674 137.3521767265900451
39.2939293929393045 96.7767013994673846
39.3139313931393133 104.8558612045818279
39.3339333933393505 91.1393112703834305
39.3539353935393592 90.7818266835215866
39.3739373937393680 91.2070277461583601
39.3939393939394051 102.4256990826089009
39.4139413941394139 114.2577815808837016
39.4339433943394511 73.4627445119478750
39.4539453945394598 69.2887899823722933
39.4739473947394686 136.1381512749672993
39.4939493949395057 92.5722719776727132
39.5139513951395145 88.5335176449908516
39.5339533953395517 82.9282204503241047
39.5539553955395604 74.9004007761193691
39.5739573957395692 128.3092844299061426
39.5939593959396063 92.2433377452435082
39.6139613961396151 83.1428183702536927
39.6339633963396523 54.3202200703446536
39.6539653965396610 73.4219894934107060
39.6739673967396698 81.7222294289414606
39.6939693969397069 90.1010497554371170
39.7139713971397157 104.8228134411493073
39.7339733973397529 102.7133868264741068
39.7539753975397616 90.1929251412482103
39.7739773977397704 79.0951069047056308
39.7939793979398075 85.3772427731133234
39.8139813981398163 66.4598484506136202
39.8339833983398535 93.1794738617041105
39.8539853985398622 76.8489471137298210
39.8739873987398710 94.4217988589467723
39.8939893989399081 119.3790440881851680
39.9139913991399169 78.9044654163819672
39.9339933993399541 100.0226190650991072
39.9539953995399628 97.7589128806480119
39.9739973997399716 101.4445908252625657
39.9939993999400087 77.2257361579929267
40.0140014001400175 104.4355469699660546
40.0340034003400547 55.2348640681736853
40.0540054005400634 102.0216520195980934
40.0740074007400722 99.2668920148655758
40.0940094009401093 82.9085978888364252
40.1140114011401181 80.9367271165252475
40.1340134013401268 104.0694358442064384
40.1540154015401640 49.5681561510011264
40.1740174017401728 70.0109095039458396
40.1940194019402099 104.1992767381920970
40.2140214021402187 103.0792186294167863
40.2340234023402274 69.3544055046606331
40.2540254025402646 92.9608626156043556
40.2740274027402734 114.0031369346529004
40.2940294029403105 97.3789101644814679
40.3140314031403193 104.6044526362187241
40.3340334033403281 97.5875045905431193
40.3540354035403652 108.5399752148689601
40.3740374037403740 91.7076101332161215
40.3940394039404111 130.2208832501708287
40.4140414041404199 85.3751832587887520
40.4340434043404287 115.5918386416362154
40.4540454045404658 109.9226314904133375
40.4740474047404746 104.3133524951821443
40.4940494049405117 99.5609107231642980
40.5140514051405205 110.0534166173450501
40.5340534053405293 105.3923278468114830
40.5540554055405664 67.5293461233955838
40.5740574057405752 104.5730737271420736
40.5940594059406124 126.5586195063559671
40.6140614061406211 99.7374375119452878
40.6340634063406299 70.4933190722405527
40.6540654065406670 87.1757808413965449
40.6740674067406758 90.7681490417343468
40.6940694069407130 132.1463689273425359
40.7140714071407217 120.7167192028124418
40.7340734073407305 127.1677306340615701
40.7540754075407676 99.0890952749051053
40.7740774077407764 86.4419599160002718
40.7940794079408136 98.6587719740703761
40.8140814081408223 128.3937771342214376
40.8340834083408311 111.6598506118874212
40.8540854085408682 117.4684141764998344
40.8740874087408770 82.7375653820151200
40.8940894089409142 108.6258262120088318
40.9140914091409229 98.6096659118646812
40.9340934093409317 67.9410570792089459
40.9540954095409688 114.4583908405342783
40.9740974097409776 91.8093450476814610
40.9940994099410148 113.4629575643035935
41.0141014101410235 139.3442307633976043
41.0341034103410323 117.5351656027521585
41.0541054105410694 126.7898605816584734
41.0741074107410782 109.2939235585790385
41.0941094109410869 53.6909593073319371
41.1141114111411241 78.6136847411722215
41.1341134113411329 63.4113364858627406
41.1541154115411700 62.2739695456051194
41.1741174117411788 76.2295906327384358
41.1941194119411875 103.5637423452115655
41.2141214121412247 96.9612660203676171
41.2341234123412335 114.2260137577164727
41.2541254125412706 102.7920653927680235
41.2741274127412794 91.7895404353763098
41.2941294129412881 104.8203787929767969
41.3141314131413253 128.3244213196873886
41.3341334133413341 91.7351559750090502
41.3541354135413712 105.9159533924025425
41.3741374137413800 76.1568450669259960
41.3941394139413887 124.2081794490888598
41.4141414141414259 87.3870114335741732
41.4341434143414347 92.1469771717181629
41.4541454145414718 102.5479214883523014
41.4741474147414806 85.5193653601115358
41.4941494149414893 122.3923311429012983
41.5141514151415265 103.2212125827704909
41.5341534153415353 101.8759904216410916
41.5541554155415724 106.7382723093576118
41.5741574157415812 111.0759607838390934
41.5941594159415899 124.6896396897322035
41.6141614161416271 97.0085184786832997
41.6341634163416359 74.6387356298743470
41.6541654165416730 95.1767330664369098
41.6741674167416818 101.4066157188334643
41.6941694169416905 118.6176031561403761
41.7141714171417277 97.0897943492311981
41.7341734173417365 100.9142981892195650
41.7541754175417736 131.5155930253925760
41.7741774177417824 129.4291163380654552
41.7941794179417911 105.7120224188623610
41.8141814181418283 103.0401676113075951
41.8341834183418371 130.3505203220567239
41.8541854185418742 57.3221392354786587
41.8741874187418830 102.8631572640314147
41.8941894189418917 87.0441908138468960
41.9141914191419289 99.1602237020193513
41.9341934193419377 111.1033818877367878
41.9541954195419748 71.0868927993684281
41.9741974197419836 80.1358441195436058
41.9941994199419923 95.4901044089226474
42.0142014201420295 109.0710128358370667
42.0342034203420383 83.6905044825412290
42.0542054205420470 92.6686744542887766
42.0742074207420842 102.1745360378747733
42.0942094209420929 76.5189809494122812
42.1142114211421301 56.5446697519571799
42.1342134213421389 74.4944720933985423
42.1542154215421476 92.6574730615064084
42.1742174217421848 94.6920955596401939
42.1942194219421935 93.7328765001299899
42.2142214221422307 99.1500199728919256
42.2342234223422395 115.2322704821980039
42.2542254225422482 100.9283768615230912
42.2742274227422854 101.4993237593498350
42.2942294229422941 105.5070062634215589
42.3142314231423313 114.2706947903026276
42.3342334233423401 87.8568043600763957
42.3542354235423488 99.6562223883115337
42.3742374237423860 103.2870050414723124
42.3942394239423948 96.8282887341120073
42.4142414241424319 126.3850141373066833
42.4342434243424407 56.8295683386815185
42.4542454245424494 104.3275425893540955
42.4742474247424866 107.1465767759864320
42.4942494249424954 103.9311943457943102
42.5142514251425325 101.4432093017663021
42.5342534253425413 122.6281716867970459
42.5542554255425500 79.0790887281683581
42.5742574257425872 98.6113508106394221
42.5942594259425960 137.3387005478674610
42.6142614261426331 105.7134443834249424
42.6342634263426419 94.2398951171249735
42.6542654265426506 101.1226019160321812
42.6742674267426878 93.9187112398369521
42.6942694269426966 116.2278770216053658
42.7142714271427337 131.6914080877217827
42.7342734273427425 108.8506419288982130
42.7542754275427512 80.3249100235757822
42.7742774277427884 82.6495694380209045
42.7942794279427972 113.9660422851836472
42.8142814281428343 113.0428680760745408
42.8342834283428431 108.2157646145464724
42.8542854285428518 77.3378238469402106
42.8742874287428890 81.9053834870404813
42.8942894289428978 111.7793524742674833
42.9142914291429349 51.1081236350814265
42.9342934293429437 97.5370964957996733
42.9542954295429524 104.3750234519282145
42.9742974297429896 92.9932765904242160
42.9942994299429984 119.0465843030037831
43.0143014301430071 95.2785505944022191
43.0343034303430443 77.9969325871992112
43.0543054305430530 85.4911913809028903
43.0743074307430902 92.5904594922697299
43.0943094309430990 105.0105555620890385
43.1143114311431077 135.2889682808833527
43.1343134313431449 85.0394357466534245
43.1543154315431536 110.2033293449235174
43.1743174317431908 88.0212309759886153
43.1943194319431996 110.3343675912512083
43.2143214321432083 127.9312774153344350
43.2343234323432455 104.7913097502192556
43.2543254325432542 86.0888790680549789
43.2743274327432914 105.6462229374598110
43.2943294329433002 107.2669179318468622
43.3143314331433089 67.4257850008416710
43.3343334333433461 99.5830796238348768
43.3543354335433548 103.7492484783331008
43.3743374337433920 114.3621701218487630
43.3943394339434008 63.4613692162057035
43.4143414341434095 107.3659225132160770
43.4343434343434467 85.4353950240216165
43.4543454345434554 97.5727364960899592
43.4743474347434926 95.2169910859275177
43.4943494349435014 78.7205737279483628
43.5143514351435101 73.8629590434422170
43.5343534353435473 108.7908241916265411
43.5543554355435560 75.0409862374929872
43.5743574357435932 72.0633813630437743
43.5943594359436020 84.9263745748899765
43.6143614361436107 94.7844440418172240
43.6343634363436479 120.0772491817085523
43.6543654365436566 131.5316729490973273
43.6743674367436938 94.1991420150600902
43.6943694369437026 117.2963958395676940
43.7143714371437113 88.5921448486362948
43.7343734373437485 76.0545097865041413
43.7543754375437572 125.3542725155191420
43.7743774377437944 126.1663946577599376
43.7943794379438032 112.1087421876555936
43.8143814381438119 102.9336734566385871
43.8343834383438491 53.2341884283919669
43.8543854385438578 109.4839220827693111
43.8743874387438950 110.1924400986465145
43.8943894389439038 112.6824716385421539
43.9143914391439125 119.0498892988220092
43.9343934393439497 90.6093575323162810
43.9543954395439584 108.3292585473812011
43.9743974397439956 106.6539204654551583
43.9943994399440044 68.2735723471665779
44.0144014401440131 116.9889038300117221
44.0344034403440503 112.3400765396512213
44.0544054405440590 108.5665652347253030
44.0744074407440678 91.4635581600475689
44.0944094409441050 77.9347040611167614
44.1144114411441137 113.5557675450983481
44.1344134413441509 113.7761997392043014
44.1544154415441596 102.4848000707886655
44.1744174417441684 105.5623850164849102
44.1944194419442056 115.1916663143502717
44.2144214421442143 81.7922992252728704
44.2344234423442515 115.2309302697890132
44.2544254425442602 44.4205280624847632
44.2744274427442690 102.5383219528778938
44.2944294429443062 109.7032326814833851
44.3144314431443149 58.3576666854585540
44.3344334433443521 103.0398937295109363
44.3544354435443609 103.2564990800238434
44.3744374437443696 140.0850604842815130
44.3944394439444068 90.8751946202766447
44.4144414441444155 124.2173103320645140
44.4344434443444527 130.5846627346014941
44.4544454445444615 118.2651528100720952
44.4744474447444702 126.7603045723123500
44.4944494449445074 92.1990507504998646
44.5144514451445161 106.3131160779088873
44.5344534453445533 85.4229959628378026
44.5544554455445621 42.2132302317085717
44.5744574457445708 87.9678222799888800
44.5944594459446080 127.1280310646725979
44.6144614461446167 112.8004803630420128
44.6344634463446539 99.1649400054711236
44.6544654465446627 108.9820906530226523
44.6744674467446714 76.9198462583437106
44.6944694469447086 66.3602874466902790
44.7144714471447173 131.9201114461573070
44.7344734473447545 106.9935658659978799
44.7544754475447633 79.2141855377375776
44.7744774477447720 79.4898076123143653
44.7944794479448092 112.6005352393128049
44.8144814481448179 101.0756881352893970
44.8344834483448551 99.8156809869204409
44.8544854485448639 94.2282763111750370
44.8744874487448726 74.7014988230684054
44.8944894489449098 109.8531597808643312
44.9144914491449185 71.3484782935669841
44.9344934493449557 84.0812533815459204
44.9544954495449645 75.3722516548783403
44.9744974497449732 100.1709565147900776
44.9944994499450104 106.7635765847079483
45.0145014501450191 122.2623418507102997
45.0345034503450279 92.8667066075628611
45.0545054505450651 74.9643347515458061
45.0745074507450738 68.5502344767128875
45.0945094509451110 110.9433070676807631
45.1145114511451197 93.9451475022148088
45.1345134513451285 95.3337891646225870
45.1545154515451657 72.6384091448754958
45.1745174517451744 83.4347722876779585
45.1945194519452116 127.4886065923082867
45.2145214521452203 117.2542215256999043
45.2345234523452291 116.6938433762531275
45.2545254525452663 65.1481281501311571
45.2745274527452750 124.3181028984506042
45.2945294529453122 81.6840251101801726
45.3145314531453209 90.9481438064062502
45.3345334533453297 117.7461458425212868
45.3545354535453669 76.8021032749480526
45.3745374537453756 139.9699565152913863
45.3945394539454128 143.5611440784038848
45.4145414541454215 98.4958147753390421
45.4345434543454303 86.7179715118341221
45.4545454545454675 129.7723972535430903
45.4745474547454762 72.3573058482315190
45.4945494549455134 116.1784187145100162
45.5145514551455221 93.2098637079440238
45.5345534553455309 73.9661936244629459
45.5545554555455681 113.1655491743872801
45.5745574557455768 113.5905941225805122
45.5945594559456140 66.2308835322618989
45.6145614561456227 98.8600394830962301
45.6345634563456315 139.8715801593018284
45.6545654565456687 117.0217277820278241
45.6745674567456774 71.5497009452555517
45.6945694569457146 103.1502482626791419
45.7145714571457233 85.3572761094029460
45.7345734573457321 126.9214557377222974
45.7545754575457693 99.1307497388173431
45.7745774577457780 114.4335444345540509
45.7945794579458152 107.5790316801381437
45.8145814581458239 116.8071781019165627
45.8345834583458327 102.0940181959466457
45.8545854585458699 94.6824920866748556
45.8745874587458786 117.1239016972934905
45.8945894589459158 98.0579606853294479
45.9145914591459245 100.0924478766379622
45.9345934593459333 104.2826630222267568
45.9545954595459705 73.4258333782066615
45.9745974597459792 115.6608547523370731
45.9945994599459880 113.6482020475723402
46.0146014601460251 98.8101210308925744
46.0346034603460339 109.6737758817737927
46.0546054605460711 117.5958724487726101
46.0746074607460798 56.7946090547403202
46.0946094609460886 88.9871584692927797
46.1146114611461257 131.5617024660863024
46.1346134613461345 66.5636193419666853
46.1546154615461717 109.5593072087301181
46.1746174617461804 116.8922409310254977
46.1946194619461892 103.8125538418178451
46.2146214621462263 113.5041494522125163
46.2346234623462351 101.4484145841915961
46.2546254625462723 99.6597631035619003
46.2746274627462810 82.1394612183601538
46.2946294629462898 87.0067387567836477
46.3146314631463270 94.6415105739381204
46.3346334633463357 125.3383314740585206
46.3546354635463729 120.8301315992120522
46.3746374637463816 44.8353434395534265
46.3946394639463904 67.2144146074589912
46.4146414641464276 125.2275217380704078
46.4346434643464363 87.5355444530355697
46.4546454645464735 94.0025115279093484
46.4746474647464822 89.2608946051866639
46.4946494649464910 100.3524917285931934
46.5146514651465282 94.9497444208296741
46.5346534653465369 108.4248305094411933
46.5546554655465741 107.3715382203032931
46.5746574657465828 111.4225417308816475
46.5946594659465916 100.7247246357471369
46.6146614661466288 92.1302058289362549
46.6346634663466375 84.5683810782492600
46.6546654665466747 103.1714391278515421
46.6746674667466834 90.1963268503598954
46.6946694669466922 100.2971150932455515
46.7146714671467294 82.1188851478221551
46.7346734673467381 105.9912355715520391
46.7546754675467753 122.0132852683228606
46.7746774677467840 81.4170482646961631
46.7946794679467928 94.8030945895267791
46.8146814681468300 79.4044792766239027
46.8346834683468387 113.2525128375301620
46.8546854685468759 108.0494318603807216
46.8746874687468846 93.6251794144287572
46.8946894689468934 75.3968784501728351
46.9146914691469306 78.9010452440310672
46.9346934693469393 99.7657980309058416
46.9546954695469481 92.7694617840900548
46.9746974697469852 89.9466167791117073
46.9946994699469940 82.6517897595587385
47.0147014701470312 96.6311236482260227
47.0347034703470399 77.1534255647454046
47.0547054705470487 102.4939189412972240
47.0747074707470858 64.7792348586208959
47.0947094709470946 119.2466296199870470
47.1147114711471318 96.0352708706022753
47.1347134713471405 94.5376000367817539
47.1547154715471493 125.6601797272425358
47.1747174717471864 80.1612320843522070
47.1947194719471952 105.7358954413934526
47.2147214721472324 140.3426351619866068
47.2347234723472411 84.0140140868780065
47.2547254725472499 101.5625946115943350
47.2747274727472870 106.8912366315599911
47.2947294729472958 91.6664463842093085
47.3147314731473330 119.0132221557037440
47.3347334733473417 95.3996872026149845
47.3547354735473505 103.2256443258030743
47.3747374737473876 84.9338188583442246
47.3947394739473964 80.4648230769554687
47.4147414741474336 103.6645520434391301
47.4347434743474423 110.6721178125961274
47.4547454745474511 57.2679785518949060
47.4747474747474882 115.2726770680718147
47.4947494749474970 126.9564830490685381
47.5147514751475342 97.2244304962190284
47.5347534753475429 73.0959848377172676
47.5547554755475517 56.2905367147088498
47.5747574757475888 122.8075927126760973
47.5947594759475976 92.7489493959676139
47.6147614761476348 82.2177424093308957
47.6347634763476435 84.0986731501756140
47.6547654765476523 67.5552772638057917
47.6747674767476894 87.8804187744686374
47.6947694769476982 131.9010556626086839
47.7147714771477354 84.8611030659247234
47.7347734773477441 105.6857795114517984
47.7547754775477529 96.6051033008768769
47.7747774777477900 79.2510793380780711
47.7947794779477988 77.4007221754351917
47.8147814781478360 84.5258641467207070
47.8347834783478447 124.8339003705678749
47.8547854785478535 84.8529582827602411
47.8747874787478906 133.5416007000726211
47.8947894789478994 97.6026814776125491
47.9147914791479081 86.7327041393326255
47.9347934793479453 79.6167566612130884
47.9547954795479541 108.5067442325685505
47.9747974797479912 99.0539739589046491
47.9947994799480000 110.7423775396197954
48.0148014801480087 75.7868888731444770
48.0348034803480459 80.6381281680973672
48.0548054805480547 64.1547282218029125
48.0748074807480918 117.1671608259829611
48.0948094809481006 89.3899775706734658
48.1148114811481094 99.8561497074597781
48.1348134813481465 88.2393079939098044
48.1548154815481553 104.6718343835129019
48.1748174817481924 106.9975610926290841
48.1948194819482012 96.9762953280590523
48.2148214821482100 123.3381709418604686
48.2348234823482471 85.1923792784418765
48.2548254825482559 98.2202862701818162
48.2748274827482931 100.0967515357179423
48.2948294829483018 126.2104476379465439
48.3148314831483106 117.6999101207300669
48.3348334833483477 103.2673260601078624
48.3548354835483565 61.0099329544533404
48.3748374837483937 94.4098680754362363
48.3948394839484024 86.8727830147839626
48.4148414841484112 112.4612661878250321
48.4348434843484483 63.5131695251829171
48.4548454845484571 93.7773578031262076
48.4748474847484943 152.1421197499298046
48.4948494849485030 80.3485093305312432
48.5148514851485118 82.7949265666188268
48.5348534853485489 138.7322290066416883
48.5548554855485577 83.2796994233601708
48.5748574857485949 116.8263337152531989
48.5948594859486036 107.7568143026040985
48.6148614861486124 122.3723506728566974
48.6348634863486495 70.4561983402185916
48.6548654865486583 106.8992889413804335
48.6748674867486955 86.2962468449498203
48.6948694869487042 94.4932431697253321
48.7148714871487130 94.0180177619422466
48.7348734873487501 136.0738599199191299
48.7548754875487589 98.9995497791021961
48.7748774877487961 56.9318351011209174
48.7948794879488048 74.1454668254205700
48.8148814881488136 53.5308972562162921
48.8348834883488507 84.3442947632877491
48.8548854885488595 126.5004419915585743
48.8748874887488682 103.0914242536215397
48.8948894889489054 81.3736760862913542
48.9148914891489142 95.2908988691646499
48.9348934893489513 91.2565644850765239
48.9548954895489601 102.9272298868632589
48.9748974897489688 68.5905941199830380
48.9948994899490060 104.7116677029305691
49.0149014901490148 57.5760214436282425
49.0349034903490519 93.0043095221456326
49.0549054905490607 69.3249332311222020
49.0749074907490694 94.0025406103497403
49.0949094909491066 89.0609184802193141
49.1149114911491154 69.7275667895598019
49.1349134913491525 67.2166770830841926
49.1549154915491613 92.3652267404601446
49.1749174917491700 136.5832030216204771
49.1949194919492072 80.4660793782141468
49.2149214921492160 108.4616790874891450
49.2349234923492531 106.3883087001787970
49.2549254925492619 110.5540696207424389
49.2749274927492706 103.0734984706367783
49.2949294929493078 124.2151822555752716
49.3149314931493166 73.6047959932473503
49.3349334933493537 86.4954838581506209
49.3549354935493625 87.0995453385161653
49.3749374937493712 95.6116780420942689
49.3949394939494084 81.0537588935829945
49.4149414941494172 78.3731502905099546
49.4349434943494543 75.1580809254886475
49.4549454945494631 93.0190080549641891
49.4749474947494718 83.0737957837574896
49.4949494949495090 96.7178466613493697
49.5149514951495178 61.8110929401623963
49.5349534953495549 90.7925026693209674
49.5549554955495637 74.2614998517437925
49.5749574957495724 78.9486330176061557
49.5949594959496096 36.7153165249599311
49.6149614961496184 102.2951599950060029
49.6349634963496555 106.8907554667596855
49.6549654965496643 113.9080894522974461
49.6749674967496730 58.6124426230691000
49.6949694969497102 84.1985252516196709
49.7149714971497190 88.0524669653667758
49.7349734973497561 113.2061782721828536
49.7549754975497649 93.7373188462190825
49.7749774977497736 94.0724428593109963
49.7949794979498108 104.3299191433145694
49.8149814981498196 65.9542495578982653
49.8349834983498283 84.9583091064464071
49.8549854985498655 72.5617470289141693
49.8749874987498742 88.3542285863205308
49.8949894989499114 86.6324058166453597
49.9149914991499202 93.4911436781506353
49.9349934993499289 119.0919176007438978
49.9549954995499661 85.6109073583563145
49.9749974997499748 53.7894093531599893
49.9949994999500120 113.9371278934326881
50.0150015001500208 82.2639508336595355
50.0350035003500295 117.7234009409692987
50.0550055005500667 58.7378800125836733
50.0750075007500755 68.0219965670250559
50.0950095009501126 60.0157753215841439
50.1150115011501214 106.9422456323299002
50.1350135013501301 91.5473922702047958
50.1550155015501673 105.9130402677130434
50.1750175017501761 101.5091288000777467
50.1950195019502132 78.3553193715716247
50.2150215021502220 81.5084098720328853
50.2350235023502307 90.2622831843225129
50.2550255025502679 112.9774619618139013
50.2750275027502767 105.2924525904321058
50.2950295029503138 65.9299569219097918
50.3150315031503226 92.0646005172519892
50.3350335033503313 82.3786673965659162
50.3550355035503685 86.2484006537966366
50.3750375037503773 100.4449328318596599
50.3950395039504144 88.3134129276006803
50.4150415041504232 84.7007765781581128
50.4350435043504319 81.6066406417130423
50.4550455045504691 101.1522646751591026
50.4750475047504779 78.3271638994455230
50.4950495049505150 75.3426433108585201
50.5150515051505238 76.8807899709395599
50.5350535053505325 70.8745671930116998
50.5550555055505697 63.8997909148810947
50.5750575057505785 78.7939689211536347
50.5950595059506156 124.1858004783592548
50.6150615061506244 64.2699577656280212
50.6350635063506331 114.8331682110332110
50.6550655065506703 122.0104442126202571
50.6750675067506791 82.2507389672874325
50.6950695069507162 69.6738317255730522
50.7150715071507250 115.0643291909726145
50.7350735073507337 128.3278363618181572
50.7550755075507709 91.2858265057946454
50.7750775077507797 53.6250002536227157
50.7950795079507884 79.1545731258262890
50.8150815081508256 74.2940155834028246
50.8350835083508343 70.0611501835632708
50.8550855085508715 110.3748937675008506
50.8750875087508803 74.0506430469469876
50.8950895089508890 115.3408078986526419
50.9150915091509262 59.2502147435089768
50.9350935093509349 97.2249442814329967
50.9550955095509721 81.9010708432881813
50.9750975097509809 71.5672897343307710
50.9950995099509896 70.7191503642871595
51.0151015101510268 56.1133886055007238
51.0351035103510355 79.3278634648986554
51.0551055105510727 60.9340341477072513
51.0751075107510815 81.7344478592952157
51.0951095109510902 72.6540761911666095
51.1151115111511274 116.2440899283227651
51.1351135113511361 85.6332308297798477
51.1551155115511733 61.3237708261630488
51.1751175117511821 118.1856339767620625
51.1951195119511908 72.4125645020320263
51.2151215121512280 64.4935688838887273
51.2351235123512367 75.6854757250553689
51.2551255125512739 95.3033843367554994
51.2751275127512827 90.9296304391813237
51.2951295129512914 109.7382058794935773
51.3151315131513286 81.2387854368429601
51.3351335133513373 92.0202159854067219
51.3551355135513745 87.4180720598025118
51.3751375137513833 96.4770069137511399
51.3951395139513920 61.7378877837107822
51.4151415141514292 81.6626419220623632
51.4351435143514379 97.0114742437139341
51.4551455145514751 68.2540553378914296
51.4751475147514839 110.5326372765800471
51.4951495149514926 107.0164269747658068
51.5151515151515298 78.5165775579237533
51.5351535153515385 78.8599611566878593
51.5551555155515757 91.8171980452438845
51.5751575157515845 70.7920154238320123
51.5951595159515932 102.7463979775750431
51.6151615161516304 120.1478032368643767
51.6351635163516391 67.6937352974961044
51.6551655165516763 73.6808606109267998
51.6751675167516851 82.8983393501786736
51.6951695169516938 64.1529191025448000
51.7151715171517310 100.7664062821949642
51.7351735173517397 96.9312882056074443
51.7551755175517485 78.2365068446481757
51.7751775177517857 41.7971635469779272
51.7951795179517944 75.8813911849073719
51.8151815181518316 85.9936241841944451
51.8351835183518403 54.9728128378355905
51.8551855185518491 75.9816193108975710
51.8751875187518863 83.5894291661305573
51.8951895189518950 35.1939121027957711
51.9151915191519322 71.8888470590276540
51.9351935193519409 29.6897931092078622
51.9551955195519497 134.9603104695382854
51.9751975197519869 126.6544595425147861
51.9951995199519956 70.2407428404073926
52.0152015201520328 64.9766303351495367
52.0352035203520416 80.4572626945877829
52.0552055205520503 44.8431952447628746
52.0752075207520875 121.3261702454931310
52.0952095209520962 95.9385190174516538
52.1152115211521334 65.0993758454993383
52.1352135213521422 56.0767341895306402
52.1552155215521509 62.8810051576785369
52.1752175217521881 54.0163751952243842
52.1952195219521968 53.1722130642377095
52.2152215221522340 89.7578565777553763
52.2352235223522428 67.0572039739204655
52.2552255225522515 121.8054233004179707
52.2752275227522887 48.9138920788951737
52.2952295229522974 100.5693337244886862
52.3152315231523346 56.7266747665338471
52.3352335233523434 86.6008756940153575
52.3552355235523521 88.3972148853663384
52.3752375237523893 63.7968893659680276
52.3952395239523980 91.1036926840920671
52.4152415241524352 92.4412782576536358
52.4352435243524440 56.1881257522204010
52.4552455245524527 86.3264937638416825
52.4752475247524899 99.1531497339445025
52.4952495249524986 62.3924441079838346
52.5152515251525358 57.4193201058635410
52.5352535253525446 42.7546602918874967
52.5552555255525533 85.6367951196769326
52.5752575257525905 84.1210695452575408
52.5952595259525992 59.0382343116866224
52.6152615261526364 66.9036273565196922
52.6352635263526452 97.8725204414525365
52.6552655265526539 76.2712700554978511
52.6752675267526911 63.4629385488859299
52.6952695269526998 75.1034721588624592
52.7152715271527086 34.9351335931853342
52.7352735273527458 74.8987966874690443
52.7552755275527545 81.3783046998474333
52.7752775277527917 105.1590562878532751
52.7952795279528004 46.9525142992347568
52.8152815281528092 81.0954827676882672
52.8352835283528464 52.7995946286884319
52.8552855285528551 68.3089782641416576
52.8752875287528923 54.4076266191961508
52.8952895289529010 76.1381031333576317
52.9152915291529098 55.8287393300018095
52.9352935293529470 107.2469095694582109
52.9552955295529557 57.4743212043781853
52.9752975297529929 86.4983626863101875
52.9952995299530016 73.8425504491494564
53.0153015301530104 76.2307157768055390
53.0353035303530476 84.2809359402310321
53.0553055305530563 59.6575694430866648
53.0753075307530935 51.5557621060098299
53.0953095309531022 64.4628538395173081
53.1153115311531110 57.1517941831396641
53.1353135313531482 78.9960645440311424
53.1553155315531569 100.9213254769825880
53.1753175317531941 85.9348659458166395
53.1953195319532028 56.3933604183683670
53.2153215321532116 72.1095982839138117
53.2353235323532488 72.6684566267185801
53.2553255325532575 52.2754294867244269
53.2753275327532947 114.8547936429182670
53.2953295329533034 88.4703791680062750
53.3153315331533122 37.8684708583740104
53.3353335333533494 107.3868597882180325
53.3553355335533581 73.0080628344952771
53.3753375337533953 87.5361245161453780
53.3953395339534040 80.0412147692584028
53.4153415341534128 76.7221399367800103
53.4353435343534500 54.0285377350473368
53.4553455345534587 90.2087651463836835
53.4753475347534959 95.2633252571925198
53.4953495349535046 74.1652313336217617
53.5153515351535134 75.1472970960562066
53.5353535353535506 88.1733527077248027
53.5553555355535593 76.3271575251191905
53.5753575357535965 55.7526328224956274
53.5953595359536052 53.1572470419642755
53.6153615361536140 31.7330558962257570
53.6353635363536512 67.1736007633204792
53.6553655365536599 58.1052497088807556
53.6753675367536971 69.0866924403819809
53.6953695369537058 82.0011145413246965
53.7153715371537146 91.2790584904551423
53.7353735373537518 116.8811845306699695
53.7553755375537605 82.8857464376291091
53.7753775377537693 88.8840810058325843
53.7953795379538064 91.9626068903135945
53.8153815381538152 104.3107904567060018
53.8353835383538524 80.3276521664455174
53.8553855385538611 60.9053599861406099
53.8753875387538699 65.9170120288848267
53.8953895389539070 75.6978718275139641
53.9153915391539158 34.5665304444379089
53.9353935393539530 75.9562146058934786
53.9553955395539617 77.3640478017528608
53.9753975397539705 73.6245184704600888
53.9953995399540077 61.9100014671068735
54.0154015401540164 76.8902708045051781
54.0354035403540536 94.0357662913460501
54.0554055405540623 58.2974222711968579
54.0754075407540711 61.0338279707126006
54.0954095409541083 86.2795983725969506
54.1154115411541170 76.0912843453594547
54.1354135413541542 56.4341183625657692
54.1554155415541629 63.5356969477006146
54.1754175417541717 47.9105764525973044
54.1954195419542089 68.0644553409309481
54.2154215421542176 79.0705820996952156
54.2354235423542548 80.4485697017415760
54.2554255425542635 62.4288772232750659
54.2754275427542723 102.6182129915438281
54.2954295429543095 57.8586710729234568
54.3154315431543182 57.2294358019913076
54.3354335433543554 55.0591871675260194
54.3554355435543641 40.4567994379683853
54.3754375437543729 55.2607486692415932
54.3954395439544101 80.9350533093708577
54.4154415441544188 65.5012389360263825
54.4354435443544560 68.8750332820657150
54.4554455445544647 56.3735873681193027
54.4754475447544735 86.7137908150722154
54.4954495449545107 70.8435238487007410
54.5154515451545194 40.1138076561178423
54.5354535453545566 77.2666475923853824
54.5554555455545653 91.0264646468954197
54.5754575457545741 75.0931316463636307
54.5954595459546113 30.8513792226960177
54.6154615461546200 45.6479515700912941
54.6354635463546572 47.7610197324764698
54.6554655465546659 61.7608415431419218
54.6754675467546747 117.6927446338114862
54.6954695469547119 72.2696649210458730
54.7154715471547206 42.6533045245891742
54.7354735473547294 78.6019971472533143
54.7554755475547665 32.8158685032863175
54.7754775477547753 73.7394699748880385
54.7954795479548125 43.0341730724651867
54.8154815481548212 54.7470784898880822
54.8354835483548300 70.0560683989649107
54.8554855485548671 91.6966736902407007
54.8754875487548759 54.1390977726082383
54.8954895489549131 62.6381836618895491
54.9154915491549218 100.4550448152548796
54.9354935493549306 33.6782125085124093
54.9554955495549677 60.3033225354916382
54.9754975497549765 66.3417125276059920
54.9954995499550137 52.8992061627595689
55.0155015501550224 68.9855350220563253
55.0355035503550312 43.9893604781268266
55.0555055505550683 49.3822094873522559
55.0755075507550771 63.9837157050677874
55.0955095509551143 62.7311019253032001
55.1155115511551230 93.2544918196479102
55.1355135513551318 82.7770398112477892
55.1555155515551689 53.3594907462427628
55.1755175517551777 88.0504948836784251
55.1955195519552149 72.8224536157015052
55.2155215521552236 78.4672501727072813
55.2355235523552324 59.9150400152126252
55.2555255525552695 70.5789209890188687
55.2755275527552783 58.5635794012656490
55.2955295529553155 91.2812725960562261
55.3155315531553242 24.6782538997830940
55.3355335533553330 59.9297492462308696
55.3555355535553701 22.7235276287349421
55.3755375537553789 55.5438448238340641
55.3955395539554161 50.8981320786738607
55.4155415541554248 37.9025436926154669
55.4355435543554336 61.5194649574944705
55.4555455545554707 33.9148752308437267
55.4755475547554795 42.2887441069680818
55.4955495549555167 73.0511213849150920
55.5155515551555254 55.8934673199556968
55.5355535553555342 37.4367255997306998
55.5555555555555713 71.8881424486756515
55.5755575557555801 59.8006575881815863
55.5955595559556173 50.7813555529533929
55.6155615561556260 45.2537075946122158
55.6355635563556348 40.8992909434549574
55.6555655565556719 35.1349630671965869
55.6755675567556807 49.6977671490752186
55.6955695569556894 54.8219012511950865
55.7155715571557266 76.4388299337518191
55.7355735573557354 60.8191665268057307
55.7555755575557725 65.9673567713896887
55.7755775577557813 53.3719204282764039
55.7955795579557901 46.8392854291855585
55.8155815581558272 45.9303351352332641
55.8355835583558360 39.2879643309736366
55.8555855585558731 58.5721373185645220
55.8755875587558819 39.9377079233231527
55.8955895589558907 49.9966142260028121
55.9155915591559278 73.3743974917063042
55.9355935593559366 21.8339612546319088
55.9555955595559738 61.6954077358328803
55.9755975597559825 47.1993390712409848
55.9955995599559913 37.9180932098114241
56.0156015601560284 39.2385807614926136
56.0356035603560372 52.0525736645750641
56.0556055605560744 47.7536018443331045
56.0756075607560831 78.5280520991887272
56.0956095609560919 62.1308735155061242
56.1156115611561290 35.6774486108727160
56.1356135613561378 71.5983619597187158
56.1556155615561750 60.8963019825153609
56.1756175617561837 66.4055433265474306
56.1956195619561925 52.8866641896314391
56.2156215621562296 63.1650599201593366
56.2356235623562384 62.6678394500567819
56.2556255625562756 46.8130605796250734
56.2756275627562843 83.6945205766546394
56.2956295629562931 48.4506234260078870
56.3156315631563302 94.2341582220216338
56.3356335633563390 24.5545301552077611
56.3556355635563762 48.9103882388375553
56.3756375637563849 54.2009743236924564
56.3956395639563937 35.0695629426374040
56.4156415641564308 65.1121131634579200
56.4356435643564396 26.4064895778077151
56.4556455645564768 59.6464420241863920
56.4756475647564855 23.1094619755152380
56.4956495649564943 46.8960886544152302
56.5156515651565314 48.0960510681228541
56.5356535653565402 58.5458722658214441
56.5556555655565774 46.2927474819051952
56.5756575657565861 70.9137950254049940
56.5956595659565949 34.2311367041555741
56.6156615661566320 30.0898977842759621
56.6356635663566408 60.6745058844775329
56.6556655665566495 75.8548402618248190
56.6756675667566867 46.5465632249458068
56.6956695669566955 62.6611036143524061
56.7156715671567326 58.6405721254198653
56.7356735673567414 47.2484607391957638
56.7556755675567501 36.6936797010203861
56.7756775677567873 73.8544227139988294
56.7956795679567961 72.0679502920193329
56.8156815681568332 49.2347942204127946
56.8356835683568420 47.5494775925952524
56.8556855685568507 27.4765552949319058
56.8756875687568879 86.9546217483149633
56.8956895689568967 59.3775321290410147
56.9156915691569338 47.6433605745523394
56.9356935693569426 87.3187572402662511
56.9556955695569513 59.1432483046238389
56.9756975697569885 47.9693453366670326
56.9956995699569973 42.6849561534421014
57.0157015701570344 89.5252252766419758
57.0357035703570432 62.3562443207642616
57.0557055705570519 90.9148686140171378
57.0757075707570891 61.4894849643534513
57.0957095709570979 61.6453177810608040
57.1157115711571350 85.1787120341454624
57.1357135713571438 43.8820661224503183
57.1557155715571525 63.9267186052580172
57.1757175717571897 28.4811908887316854
57.1957195719571985 31.1221608154991856
57.2157215721572356 61.7436206946124599
57.2357235723572444 54.8575067641528378
57.2557255725572531 63.3363817687597361
57.2757275727572903 41.1367058892350883
57.2957295729572991 23.4796867940170877
57.3157315731573362 63.4848680344073841
57.3357335733573450 19.6546985755058046
57.3557355735573537 44.4752285221171491
57.3757375737573909 43.7219511757202426
57.3957395739573997 42.2680008451729066
57.4157415741574368 50.2392475649264298
57.4357435743574456 31.9746314392427955
57.4557455745574543 26.2949619251559596
57.4757475747574915 25.4579282292876599
57.4957495749575003 60.0604274232754420
57.5157515751575374 37.5987022493942789
57.5357535753575462 23.3108205003660416
57.5557555755575549 78.0747973532077992
57.5757575757575921 39.2215258926750749
57.5957595759576009 33.4477096553154496
57.6157615761576096 71.5846750783566108
57.6357635763576468 35.7680163740627322
57.6557655765576555 43.7754316460131889
57.6757675767576927 30.3894160432646885
57.6957695769577015 47.2670624286654046
57.7157715771577102 20.1244671779926385
57.7357735773577474 60.9730934694437963
57.7557755775577562 63.3035404194848894
57.7757775777577933 37.0183456761577432
57.7957795779578021 41.8904353236196769
57.8157815781578108 70.8839023613792421
57.8357835783578480 60.9932002086206495
57.8557855785578568 62.8676396663717298
57.8757875787578939 54.0595362801239645
57.8957895789579027 42.3559129413953315
57.9157915791579114 42.4069913375978871
57.9357935793579486 41.9010518432666217
57.9557955795579574 33.8265173038502098
57.9757975797579945 64.1614908557521204
57.9957995799580033 41.3302851616641718
58.0158015801580120 30.1954183024133300
58.0358035803580492 56.8957329514528709
58.0558055805580580 28.1173964173035102
58.0758075807580951 9.8840801149534272
58.0958095809581039 29.0488405609041322
58.1158115811581126 23.4554631471578219
58.1358135813581498 27.8978298055608107
58.1558155815581586 66.6100227935088753
58.1758175817581957 20.5289895896741470
58.1958195819582045 24.1566010588725426
58.2158215821582132 52.9433363340926064
58.2358235823582504 55.8206115655207356
58.2558255825582592 35.7262683369582845
58.2758275827582963 64.3391049092980154
58.2958295829583051 69.4450471079881879
58.3158315831583138 17.5590171733961675
58.3358335833583510 11.1950459565508531
58.3558355835583598 14.8856295238964016
58.3758375837583969 36.6829047658552767
58.3958395839584057 38.0290673034400299
58.4158415841584144 61.2584281634523222
58.4358435843584516 31.3663316112348873
58.4558455845584604 64.6175235170666724
58.4758475847584975 48.0023013875930360
58.4958495849585063 19.8710443577745970
58.5158515851585150 8.1269664329468689
58.5358535853585522 28.9023520988587634
58.5558555855585610 49.1815453176927448
58.5758575857585697 32.2695727173464277
58.5958595859586069 41.6739683166695798
58.6158615861586156 57.5990566113310507
58.6358635863586528 0.0339803296516621
58.6558655865586616 73.1812446996226953
58.6758675867586703 36.0902006713039540
58.6958695869587075 12.4055983730693562
58.7158715871587162 42.2519712606881654
58.7358735873587534 14.3732240744622324
58.7558755875587622 33.5262673993643006
58.7758775877587709 58.9521392694065014
58.7958795879588081 41.1258920760326774
58.8158815881588168 41.1379645574001600
58.8358835883588540 50.3944971221240507
58.8558855885588628 17.8882797909823132
58.8758875887588715 39.8164219664194903
58.8958895889589087 39.3691405391852030
58.9158915891589174 64.0185054780469329
58.9358935893589546 12.2873830918617450
58.9558955895589634 63.6668554306220358
58.9758975897589721 17.2682513555438568
58.9958995899590093 60.6474371195203190
59.0159015901590180 43.0678077488678710
59.0359035903590552 45.4667675196455932
59.0559055905590640 -17.1932241858633859
59.0759075907590727 28.1011430915413563
59.0959095909591099 11.5049942274115118
59.1159115911591186 54.2835232673154735
59.1359135913591558 23.6806152843347988
59.1559155915591646 67.5317697614046892
59.1759175917591733 52.5010775699321641
59.1959195919592105 37.5617085152976884
59.2159215921592192 71.1450353754397042
59.2359235923592564 70.6546619334750119
59.2559255925592652 32.1167183814090578
59.2759275927592739 58.7570461914149860
59.2959295929593111 62.6897668930088088
59.3159315931593198 37.1918511112725199
59.3359335933593570 29.6333454401686822
59.3559355935593658 44.3070295117239823
59.3759375937593745 48.0157774790332539
59.3959395939594117 29.5372198615585901
59.4159415941594204 33.4868457785079414
59.4359435943594576 60.1972570591786678
59.4559455945594664 52.1530975465094429
59.4759475947594751 49.2504504339177913
59.4959495949595123 40.9602343306717529
59.5159515951595210 25.7557987486338931
59.5359535953595298 71.1981194711372609
59.5559555955595670 30.8469250276403528
59.5759575957595757 46.7516377148940450
59.5959595959596129 25.1211942124537870
59.6159615961596216 42.7890937557972464
59.6359635963596304 24.9233174918735969
59.6559655965596676 35.8484838393427765
59.6759675967596763 23.5093830887785487
59.6959695969597135 4.9843050692551536
59.7159715971597223 38.4945191243455582
59.7359735973597310 40.2481598005361292
59.7559755975597682 53.9137090457898296
59.7759775977597769 49.2826207846518543
59.7959795979598141 -8.6973401475790979
59.8159815981598229 19.0407187513089440
59.8359835983598316 45.4147851929056685
59.8559855985598688 59.6037204167745642
59.8759875987598775 11.8364703275209742
59.8959895989599147 36.0764466099467285
59.9159915991599235 24.1132797118203470
59.9359935993599322 54.0101352973265278
59.9559955995599694 47.3781782030455929
59.9759975997599781 51.0782023928642985
59.9959995999600153 37.2696419262325591
60.0160016001600241 32.3193454652520060
60.0360036003600328 22.2013912938288520
60.0560056005600700 14.9308103946010036
60.0760076007600787 60.1310699668613680
60.0960096009601159 32.2404051106993421
60.1160116011601247 26.4866418244020174
60.1360136013601334 42.3515860473276575
60.1560156015601706 11.5976879251049816
60.1760176017601793 36.0918250377113168
60.1960196019602165 1.6570644854675400
60.2160216021602253 61.7780140588290720
60.2360236023602340 37.6249336841816344
60.2560256025602712 -7.7255643086004007
60.2760276027602799 28.6378178137862420
60.2960296029603171 -6.7888780191857521
60.3160316031603259 37.1488274926844753
60.3360336033603346 17.7527702252065502
60.3560356035603718 14.5699274713871194
60.3760376037603805 45.9940426178384243
60.3960396039604177 19.2986378302596933
60.4160416041604265 63.3636867008596880
60.4360436043604352 65.9913740105636890
60.4560456045604724 49.1308307150992150
60.4760476047604811 36.2158367496097355
60.4960496049604899 28.8147154055564307
60.5160516051605271 55.4084869681591670
60.5360536053605358 27.5712070018795110
60.5560556055605730 42.2258144607411552
60.5760576057605817 1.2613780282597382
60.5960596059605905 15.7152445680076820
60.6160616061606277 36.9402379638212039
60.6360636063606364 19.4897259020265068
60.6560656065606736 20.9788447769201660
60.6760676067606823 -15.5714413491891470
60.6960696069606911 14.4091371830675765
60.7160716071607283 42.0860762438386260
60.7360736073607370 14.9724703995073405
60.7560756075607742 60.0595961348378466
60.7760776077607829 3.1205357261544364
60.7960796079607917 28.2463441078656814
60.8160816081608289 16.6836366466009096
60.8360836083608376 7.2883038203349777
60.8560856085608748 33.3776596411639517
60.8760876087608835 14.3793242955536158
60.8960896089608923 29.4662499247168412
60.9160916091609295 37.1353069533491791
60.9360936093609382 18.2656599440275187
60.9560956095609754 3.4827081891163125
60.9760976097609841 58.5484753445021013
60.9960996099609929 -7.2417181543513927
61.0161016101610301 39.6885455792044795
61.0361036103610388 32.6961045399749608
61.0561056105610760 -6.5833047375715772
61.0761076107610847 40.2773968379988290
61.0961096109610935 33.0675032733048724
61.1161116111611307 12.9829267710061131
61.1361136113611394 26.3349582642268771
61.1561156115611766 29.3744926781175835
61.1761176117611853 27.1771703721034683
61.1961196119611941 16.4730445911807912
61.2161216121612313 19.2024774547660577
61.2361236123612400 49.1974728141305988
61.2561256125612772 42.7679701599733519
61.2761276127612859 2.7848299304138244
61.2961296129612947 -14.5112144406626093
61.3161316131613319 39.4380104917548877
61.3361336133613406 7.8495761248250719
61.3561356135613778 67.0140682146572573
61.3761376137613865 29.1371522270088548
61.3961396139613953 9.1645778671552272
61.4161416141614325 60.7166098599108395
61.4361436143614412 25.2670352738086059
61.4561456145614500 13.7713204704996048
61.4761476147614871 24.7244032784534902
61.4961496149614959 30.8681743212727149
61.5161516151615331 7.1981940045487587
61.5361536153615418 7.1268174220599487
61.5561556155615506 1.6582086043297970
61.5761576157615877 41.0725954696458118
61.5961596159615965 31.6708620082127368
61.6161616161616337 9.6962804239980276
61.6361636163616424 29.7594747765416088
61.6561656165616512 44.4690870909590217
61.6761676167616884 25.7888308942929605
61.6961696169616971 28.2697879683432802
61.7161716171617343 1.9587554270159746
61.7361736173617430 1.8209503185032112
61.7561756175617518 -5.0119021097715049
61.7761776177617890 -13.7444219228123217
61.7961796179617977 1.2740628875825575
61.8161816181618349 16.4176582125256338
61.8361836183618436 28.9918944815563648
61.8561856185618524 18.6052256164624197
61.8761876187618896 -13.9257868253883821
61.8961896189618983 19.2121345913284713
61.9161916191619355 -6.3993815078237013
61.9361936193619442 14.4246795855947791
61.9561956195619530 13.0806334562656268
61.9761976197619902 -4.8645746903041029
61.9961996199619989 13.8756273262159215
62.0162016201620361 -2.0889171071043631
62.0362036203620448 7.9790234829492528
62.0562056205620536 33.8810843055857163
62.0762076207620908 -9.3669755703882007
62.0962096209620995 33.1610048640464967
62.1162116211621367 32.0764935728695875
62.1362136213621454 41.3018416256475547
62.1562156215621542 32.7054098642646096
62.1762176217621914 -3.8044288365713452
62.1962196219622001 18.9895184812273001
62.2162216221622373 8.1368903062206535
62.2362236223622460 3.9859663256037638
62.2562256225622548 16.0942878906374034
62.2762276227622920 12.8704922254553811
62.2962296229623007 -12.9420279071978204
62.3162316231623379 47.2383955085267999
62.3362336233623466 4.1335848221168003
62.3562356235623554 19.0049701581782884
62.3762376237623926 21.4965713686672331
62.3962396239624013 6.1271545834358907
62.4162416241624101 21.9846172698493945
62.4362436243624472 15.5779758534957526
62.4562456245624560 3.3473013099099767
62.4762476247624932 -29.3312904534333967
62.4962496249625019 20.9191464584608937
62.5162516251625107 37.8079295862116709
62.5362536253625478 2.2117719462001002
62.5562556255625566 -18.9866817014087985
62.5762576257625938 13.8360561709486589
62.5962596259626025 -9.9775941150439458
62.6162616261626113 3.9317598469967754
62.6362636263626484 -10.5451942155549716
62.6562656265626572 39.9172764925320394
62.6762676267626944 7.2694197088907480
62.6962696269627031 -1.0416835209269077
62.7162716271627119 35.6410560146957991
62.7362736273627490 21.8226347810181309
62.7562756275627578 21.3237975554314048
62.7762776277627950 4.4120959952665819
62.7962796279628037 42.1290498881679483
62.8162816281628125 -23.8379935020317788
62.8362836283628496 24.7513649532848845
62.8562856285628584 16.5458428082155535
62.8762876287628956 -30.0419721067924073
62.8962896289629043 27.6822229534869777
62.9162916291629131 27.5693209446859058
62.9362936293629502 25.1908677304976010
62.9562956295629590 -17.0938875429762689
62.9762976297629962 20.8360401923730407
62.9962996299630049 -9.3419549370151085
63.0163016301630137 6.7630562008870134
63.0363036303630508 17.1312266102923303
63.0563056305630596 -20.8621971543450044
63.0763076307630968 11.6819807578658921
63.0963096309631055 -10.7285233192175653
63.1163116311631143 4.3190099187679536
63.1363136313631514 -11.0314287077687254
63.1563156315631602 2.3569777556424745
63.1763176317631974 9.6908119015282193
63.1963196319632061 45.7441789982685592
63.2163216321632149 -5.1785382995123737
63.2363236323632520 37.8989624893583681
63.2563256325632608 20.7235801207513219
63.2763276327632980 44.1883238894741481
63.2963296329633067 18.0327243327418891
63.3163316331633155 10.2794771458393299
63.3363336333633526 9.1273478421193328
63.3563356335633614 1.0220518417134192
63.3763376337633701 -13.5499230273773321
63.3963396339634073 -39.6614225738189035
63.4163416341634161 -2.9595083411933221
63.4363436343634532 1.5692680373079995
63.4563456345634620 9.7225819507709268
63.4763476347634708 20.4194104891155277
63.4963496349635079 13.2999830548837359
63.5163516351635167 19.8847750314045797
63.5363536353635538 -0.3229616688892376
63.5563556355635626 30.4236101735981812
63.5763576357635714 -15.4582106498785468
63.5963596359636085 49.0190814900070748
63.6163616361636173 -15.7658244630084656
63.6363636363636545 3.2865442849169670
63.6563656365636632 -18.8841017835689868
63.6763676367636720 -33.0050784938055628
63.6963696369637091 -6.3940593754294444
63.7163716371637179 28.3664497562995876
63.7363736373637551 -16.3119948015948140
63.7563756375637638 19.4915722001180534
63.7763776377637726 20.3768948953290447
63.7963796379638097 0.2373120108663316
63.8163816381638185 37.1278688413017690
63.8363836383638557 -7.3716898293831363
63.8563856385638644 -4.3987263472880596
63.8763876387638732 50.1922751800957627
63.8963896389639103 -5.1176039488747698
63.9163916391639191 -13.4370834276530129
63.9363936393639563 -5.0260136876637143
63.9563956395639650 16.7274273276772227
63.9763976397639738 -16.0457547955384783
63.9963996399640109 26.7693021463495029
64.0164016401640197 -8.8383864586690386
64.0364036403640569 4.9903514081860942
64.0564056405640656 4.9318344687990523
64.0764076407640744 13.1858044233027538
64.0964096409641115 3.0074686386887919
64.1164116411641203 -0.2268111361839273
64.1364136413641575 -42.3215200405826053
64.1564156415641662 -3.3169513321387947
64.1764176417641750 -4.9634634671572746
64.1964196419642121 7.4150895497643985
64.2164216421642209 -11.4256137656987207
64.2364236423642581 -24.1553762225079396
64.2564256425642668 -3.8064121993996682
64.2764276427642756 -21.4612016033857245
64.2964296429643127 -27.1626717416371939
64.3164316431643215 41.0543526713219791
64.3364336433643587 23.3117371054654967
64.3564356435643674 -2.5221910083307977
64.3764376437643762 -23.9463418752099635
64.3964396439644133 3.2023308517071500
64.4164416441644221 -7.2766200644037724
64.4364436443644308 -36.4410646092152817
64.4564456445644680 -13.4015615109348598
64.4764476447644768 -18.0049346140749122
64.4964496449645139 10.5441436965024238
64.5164516451645227 0.0622601929214954
64.5364536453645314 17.9937661674375704
64.5564556455645686 -39.1023947412683839
64.5764576457645774 -14.7569617175072239
64.5964596459646145 3.7491160646422683
64.6164616461646233 10.3953377417163821
64.6364636463646320 -24.9684553781829912
64.6564656465646692 -14.7622865201694076
64.6764676467646780 -13.6723601493374538
64.6964696469647151 -8.9337095871600116
64.7164716471647239 8.6389945405814519
64.7364736473647326 54.5372068379024881
64.7564756475647698 19.4553577560309634
64.7764776477647786 -23.7484068815835307
64.7964796479648157 29.4368739350941020
64.8164816481648245 8.1865276948827876
64.8364836483648332 -11.8943739945763092
64.8564856485648704 -26.6273173149656301
64.8764876487648792 -29.5312317165917833
64.8964896489649163 -12.2889922202935686
64.9164916491649251 -19.7835776278284996
64.9364936493649338 -13.1405030998585346
64.9564956495649710 -44.1244009913868638
64.9764976497649798 -11.8451706171389510
64.9964996499650169 7.3232493198442894
65.0165016501650257 18.9395281045826387
65.0365036503650344 3.9373109787423042
65.0565056505650716 -0.8713088939629126
65.0765076507650804 4.6730482936192592
65.0965096509651175 -23.3693913066288559
65.1165116511651263 4.3481201212406351
65.1365136513651350 6.9180247905731065
65.1565156515651722 12.5247394923049580
65.1765176517651810 -8.3713553039916260
65.1965196519652181 17.8911692323878242
65.2165216521652269 -81.4290597066650861
65.2365236523652356 8.9065918092651017
65.2565256525652728 -5.6729931264516464
65.2765276527652816 0.9908464733346030
65.2965296529653187 -22.0670898677512852
65.3165316531653275 -2.4312096723648677
65.3365336533653362 -17.7672996761046917
65.3565356535653734 3.6482145138277442
65.3765376537653822 6.6096895041243560
65.3965396539653909 0.1244068594762791
65.4165416541654281 0.9320129482635480
65.4365436543654369 -18.8102649274585474
65.4565456545654740 -32.7488018258500091
65.4765476547654828 10.3852899754804699
65.4965496549654915 -6.0035134183275023
65.5165516551655287 10.1714698970456077
65.5365536553655375 4.6933389625357211
65.5565556555655746 -44.2192871096513898
65.5765576557655834 -21.2070172992364583
65.5965596559655921 16.3690696866607794
65.6165616561656293 42.5584239143493761
65.6365636563656381 -11.9371360945194933
65.6565656565656752 -12.9234338904482016
65.6765676567656840 -25.1414583718929592
65.6965696569656927 -6.6633645224934881
65.7165716571657299 -6.8915983482766521
65.7365736573657387 -21.7183227732554158
65.7565756575657758 -29.9344135475960940
65.7765776577657846 -4.7966553665523426
65.7965796579657933 -18.1476535417143623
65.8165816581658305 -60.5003489075585534
65.8365836583658393 16.5006003467883602
65.8565856585658764 9.8159426179944465
65.8765876587658852 2.4564346084317084
65.8965896589658939 -0.2018423347143035
65.9165916591659311 36.1263328731975690
65.9365936593659399 -40.7254659882953121
65.9565956595659770 -13.2419329650859794
65.9765976597659858 -4.9928062532055231
65.9965996599659945 -0.9021417610737199
66.0166016601660317 -7.4331355328020434
66.0366036603660405 -15.7521354046680937
66.0566056605660776 -43.6177265568964074
66.0766076607660864 -45.1190210211442633
66.0966096609660951 -29.5701753979778026
66.1166116611661323 4.2287867303848721
66.1366136613661411 -17.5533598273414100
66.1566156615661782 -42.1057667871642849
66.1766176617661870 -45.3274706073156750
66.1966196619661957 -36.0447575591672518
66.2166216621662329 -21.0312697849824488
66.2366236623662417 12.5989292078795430
66.2566256625662788 23.4207132750147515
66.2766276627662876 32.3534076100100521
66.2966296629662963 -5.1262882778491026
66.3166316631663335 -0.4032102862243789
66.3366336633663423 -16.5701266604381559
66.3566356635663510 -37.6879382202476378
66.3766376637663882 -34.3342492555408256
66.3966396639663969 8.5487049755248954
66.4166416641664341 4.9195945872522966
66.4366436643664429 -30.9608918154485693
66.4566456645664516 29.7699713914137334
66.4766476647664888 -18.6528980727219853
66.4966496649664975 -6.7996800747426231
66.5166516651665347 14.3085239419776364
66.5366536653665435 -16.7723956490668549
66.5566556655665522 -8.5976425038848561
66.5766576657665894 13.1242403584968521
66.5966596659665981 15.3195116043484418
66.6166616661666353 -24.3467803482915279
66.6366636663666441 -33.7178141821859612
66.6566656665666528 -40.0547618190761341
66.6766676667666900 -41.8691836565469586
66.6966696669666987 -12.7858836464617234
66.7166716671667359 -16.6528538089408009
66.7366736673667447 -32.6568935295166085
66.7566756675667534 13.2189491444558129
66.7766776677667906 -32.5281566631258059
66.7966796679667993 15.1283114683368680
66.8166816681668365 -31.9978446400792009
66.8366836683668453 -27.0612863026769972
66.8566856685668540 -19.0780466517633407
66.8766876687668912 -54.3581283703038523
66.8966896689668999 -16.7360045535384252
66.9166916691669371 -22.2140651725166371
66.9366936693669459 -6.2432064860263452
66.9566956695669546 -6.8784952824414702
66.9766976697669918 -13.4997339408251964
66.9966996699670005 -22.9749764895303557
67.0167016701670377 -11.0003592376159300
67.0367036703670465 -14.8617046661299472
67.0567056705670552 17.0082293798565125
67.0767076707670924 -21.6001556408991924
67.0967096709671011 -2.4623800795604929
67.1167116711671383 -53.2574182630305728
67.1367136713671471 -25.9908136480607119
67.1567156715671558 -7.4100840158141530
67.1767176717671930 -2.5924279851333161
67.1967196719672017 -32.4844329324384304
67.2167216721672389 -2.8954633702773549
67.2367236723672477 -43.4700404127308389
67.2567256725672564 -31.7104711792492253
67.2767276727672936 -24.5646222486791501
67.2967296729673023 8.3073388075587964
67.3167316731673111 -45.0363899333270155
67.3367336733673483 -28.4099429574708005
67.3567356735673570 10.4218242922279316
67.3767376737673942 10.6481270989056362
67.3967396739674030 -32.0720180189205379
67.4167416741674117 2.1278580922571564
67.4367436743674489 -10.5805852740184321
67.4567456745674576 -5.9554400195685524
67.4767476747674948 -6.7692383409681778
67.4967496749675036 -22.2478838373254035
67.5167516751675123 -11.8175970171838234
67.5367536753675495 -21.3518999230834403
67.5567556755675582 -20.8253877631131203
67.5767576757675954 -28.6883574174507814
67.5967596759676042 -28.0232961613306202
67.6167616761676129 -34.3352973938303379
67.6367636763676501 -1.0030535653213448
67.6567656765676588 -16.1785090546890231
67.6767676767676960 -33.3420573463024255
67.6967696769677048 -19.5250270371574324
67.7167716771677135 -25.3769351572395045
67.7367736773677507 -17.9292582232598221
67.7567756775677594 -66.5102694800888230
67.7767776777677966 -12.0596449480506536
67.7967796779678054 -14.0922656057900149
67.8167816781678141 -30.4126149302851978
67.8367836783678513 -27.5120209748338915
67.8567856785678600 -22.1879183408437193
67.8767876787678972 -47.4261700093994421
67.8967896789679060 -21.7983639073110069
67.9167916791679147 -13.0069658431710682
67.9367936793679519 -31.4719826200747583
67.9567956795679606 -65.7175214670889147
67.9767976797679978 -45.8599113875560533
67.9967996799680066 -59.2539424793625358
68.0168016801680153 -4.4265737242197467
68.0368036803680525 -15.5308770541780472
68.0568056805680612 -39.8499769712373251
68.0768076807680984 -25.6887828183502620
68.0968096809681072 -21.2997610350711888
68.1168116811681159 -56.5630341080196644
68.1368136813681531 -4.8275864587550927
68.1568156815681618 -31.1898476011489691
68.1768176817681990 3.1031224516621769
68.1968196819682078 -23.6157034080423145
68.2168216821682165 -26.0622949450542016
68.2368236823682537 -5.5137756760862295
68.2568256825682624 -21.0831474803302186
68.2768276827682712 -27.1364086268596374
68.2968296829683084 -67.7954173857279159
68.3168316831683171 -28.0902135053078901
68.3368336833683543 -31.1841618084375369
68.3568356835683630 -20.9975875480585792
68.3768376837683718 -9.1838842136682501
68.3968396839684090 -61.9197919513605939
68.4168416841684177 -7.4782545223508983
68.4368436843684549 -32.4158903885895526
68.4568456845684636 -28.4485703746279519
68.4768476847684724 -18.3308579696923744
68.4968496849685096 -10.5166543719659558
68.5168516851685183 -17.0562793654504645
68.5368536853685555 -39.7657545202312548
68.5568556855685642 -18.2974729497216231
68.5768576857685730 -25.7762998619877024
68.5968596859686102 -18.5895278782774902
68.6168616861686189 -13.1991537537510002
68.6368636863686561 -33.1168117940886901
68.6568656865686648 -38.9043738599405060
68.6768676867686736 -21.5797034498830271
68.6968696869687108 -14.0121209082995630
68.7168716871687195 3.4679141483249545
68.7368736873687567 -14.7340122754727538
68.7568756875687654 -14.4014746097247439
68.7768776877687742 -19.3932125300563314
68.7968796879688114 -33.5392446819365873
68.8168816881688201 -39.9087123260214298
68.8368836883688573 -35.3680413075647238
68.8568856885688660 -26.2460508023643335
68.8768876887688748 -23.1069229817712412
68.8968896889689120 -22.6646245020335755
68.9168916891689207 -50.3738652915064904
68.9368936893689579 -37.8874517669824442
68.9568956895689666 -28.3262102315015518
68.9768976897689754 -24.1985082196114227
68.9968996899690126 -49.1133057647250482
69.0169016901690213 -88.2623775113686122
69.0369036903690585 -16.7414063271253255
69.0569056905690672 -47.3202906875020233
69.0769076907690760 -43.9137937477105780
69.0969096909691132 -8.3741133252808453
69.1169116911691219 -54.7239875477817534
69.1369136913691591 -13.9765603244993777
69.1569156915691678 -65.9073245164213688
69.1769176917691766 -23.8006102736203289
69.1969196919692138 -59.7963196912214912
69.2169216921692225 -37.3995729297032256
69.2369236923692313 -6.6175425588247094
69.2569256925692684 -57.3528615767810663
69.2769276927692772 -14.6416622536697218
69.2969296929693144 -24.9380846703104453
69.3169316931693231 -42.9831135682089780
69.3369336933693319 -4.1659170047887919
69.3569356935693691 -41.6748721479757052
69.3769376937693778 -12.8105607100325862
69.3969396939694150 -18.6668260117454885
69.4169416941694237 -32.7123310511943686
69.4369436943694325 -30.2914800024611779
69.4569456945694697 -42.1734620198102093
69.4769476947694784 -47.8670713531155840
69.4969496949695156 -29.6131717878645695
69.5169516951695243 -46.1232835219721693
69.5369536953695331 -29.3615390806569785
69.5569556955695703 -42.0398441698915661
69.5769576957695790 -23.3783766525945609
69.5969596959696162 -47.2172886221831831
69.6169616961696249 -7.4724775821178895
69.6369636963696337 -29.5768461077812645
69.6569656965696709 -64.2179256067060606
69.6769676967696796 -32.3411179323241385
69.6969696969697168 -54.3467766839396091
69.7169716971697255 -39.6670689382899866
69.7369736973697343 -74.1832595968868702
69.7569756975697715 -35.1163475938528364
69.7769776977697802 -10.4615932082623893
69.7969796979698174 -44.1059737751188266
69.8169816981698261 -18.3351721898016784
69.8369836983698349 -25.7024366999174987
69.8569856985698721 -43.1250302640662539
69.8769876987698808 -44.8933840472587207
69.8969896989699180 -17.0476769825763270
69.9169916991699267 -20.6638575744997013
69.9369936993699355 -32.0346881323406194
69.9569956995699727 -34.7949918830332621
69.9769976997699814 -91.5688727182741502
69.9969996999700186 -38.4053065197334078
70.0170017001700273 -34.0120551673809217
70.0370037003700361 -13.5211031189551676
70.0570057005700733 -55.6049909905622570
70.0770077007700820 -31.0606259218621048
70.0970097009701192 -29.3008504085317369
70.1170117011701279 -74.7625415935685567
70.1370137013701367 -56.3974224387847016
70.1570157015701739 -47.7212104891432958
70.1770177017701826 -38.1481640242041635
70.1970197019701914 -40.5792792393701518
70.2170217021702285 -32.1038465535506461
70.2370237023702373 -43.4920671550083568
70.2570257025702745 6.1642760246031187
70.2770277027702832 -22.6205937936361892
70.2970297029702920 -22.1029640771807010
70.3170317031703291 -45.7698633112393196
70.3370337033703379 -13.3759241143812311
70.3570357035703751 -3.4595443074265262
70.3770377037703838 -29.7232343560589314
70.3970397039703926 -17.7977728151489600
70.4170417041704297 -46.7309473988425381
70.4370437043704385 -30.6452078802707746
70.4570457045704757 -64.3301078780808950
70.4770477047704844 -26.1446877170589929
70.4970497049704932 -42.0088302444056438
70.5170517051705303 -44.7837173457574380
70.5370537053705391 -56.7802574346146969
70.5570557055705763 -33.0574030812082498
70.5770577057705850 -47.6389631271521807
70.5970597059705938 -53.6703455028913723
70.6170617061706309 4.8018412029948152
70.6370637063706397 1.7196906330483728
70.6570657065706769 -17.7147249526562121
70.6770677067706856 -30.1836308942128611
70.6970697069706944 -31.3622595321799587
70.7170717071707315 -28.6537441746415880
70.7370737073707403 -46.1258728043238833
70.7570757075707775 -23.6489137314143889
70.7770777077707862 -34.1856813102470483
70.7970797079707950 -50.1280788624851397
70.8170817081708321 -49.8154207334966657
70.8370837083708409 -38.5646338602935757
70.8570857085708781 -49.9814488592204782
70.8770877087708868 -38.9193858541550171
70.8970897089708956 -38.3235516671221532
70.9170917091709327 -19.9131251731058931
70.9370937093709415 -24.5467007440709857
70.9570957095709787 -55.2768427593747589
70.9770977097709874 -29.5351516486351997
70.9970997099709962 -47.7994367064445385
71.0171017101710333 -44.5581872312652791
71.0371037103710421 -13.0463138405003818
71.0571057105710793 -68.2523054320913047
71.0771077107710880 -59.5407595489076016
71.0971097109710968 -45.8420663053860693
71.1171117111711339 -32.9075026644774340
71.1371137113711427 -31.4951654276669224
71.1571157115711515 -84.1660659895374579
71.1771177117711886 -46.2462010520229754
71.1971197119711974 -53.9501782626647355
71.2171217121712345 -36.4800095101766857
71.2371237123712433 -49.9666487358965625
71.2571257125712521 -19.7045736716008797
71.2771277127712892 -32.9441193647385333
71.2971297129712980 -60.3620160702412747
71.3171317131713352 -28.4521039543390373
71.3371337133713439 -43.4644234616947784
71.3571357135713527 -79.7495624385497450
71.3771377137713898 -81.4474426680880299
71.3971397139713986 -20.6823526737970056
71.4171417141714358 -41.3613698497658859
71.4371437143714445 -28.4698816456245893
71.4571457145714533 -56.1020738041250695
71.4771477147714904 -44.8706620749256189
71.4971497149714992 -44.3938164774150366
71.5171517151715364 -46.2590071735978299
71.5371537153715451 -27.8950298458467785
71.5571557155715539 -39.1670584646909177
71.5771577157715910 -84.9606310687701409
71.5971597159715998 -19.0626977274074676
71.6171617161716370 -38.4800908290621848
71.6371637163716457 -56.0771437329854194
71.6571657165716545 -49.7578661719405275
71.6771677167716916 -37.8625188741365690
71.6971697169717004 -66.4486751318873985
71.7171717171717376 -23.7691378424080071
71.7371737173717463 -31.8075167814247095
71.7571757175717551 -30.8324181326773541
71.7771777177717922 -34.2246092877107131
71.7971797179718010 -38.0702315004860807
71.8171817181718382 -22.1277087493456222
71.8371837183718469 -30.8083495580004296
71.8571857185718557 -63.2693406789409352
71.8771877187718928 -42.4019005248227643
71.8971897189719016 -62.9725229818713217
71.9171917191719388 -47.5503573966384749
71.9371937193719475 -32.7148151826203062
71.9571957195719563 -37.7979932071279023
71.9771977197719934 -76.5420051496073484
71.9971997199720022 -45.8505823610503924
72.0172017201720394 -44.1780611283314784
72.0372037203720481 -50.7801185353983016
72.0572057205720569 -70.7293093549859009
72.0772077207720940 -39.6806803736427867
72.0972097209721028 -41.0712804674314853
72.1172117211721115 -89.2411357756633095
72.1372137213721487 -46.1417962966734549
72.1572157215721575 -36.9168383140489098
72.1772177217721946 -51.3682732870939773
72.1972197219722034 -22.8359865697623228
72.2172217221722121 -37.6890893328851320
72.2372237223722493 -1.5102620699910929
72.2572257225722581 -50.2028651766276965
72.2772277227722952 -49.8951462464173545
72.2972297229723040 -52.8058546361225538
72.3172317231723127 -27.0237331810845127
72.3372337233723499 -88.2759271170771314
72.3572357235723587 -67.9762649320678065
72.3772377237723958 -51.2358710755408708
72.3972397239724046 -33.7874885109707890
72.4172417241724133 -58.6022136066155497
72.4372437243724505 -54.3728145355005239
72.4572457245724593 -36.7617904888400489
72.4772477247724964 -41.1886571394579164
72.4972497249725052 -56.7420644407801689
72.5172517251725139 -71.9112328994783923
72.5372537253725511 -63.0245856602913790
72.5572557255725599 -36.6630084437902326
72.5772577257725970 -56.6950580227971557
72.5972597259726058 -36.0477446950245763
72.6172617261726145 -45.1076523330377270
72.6372637263726517 -47.0863845380502823
72.6572657265726605 -38.5147733504550231
72.6772677267726976 -47.6196620229009753
72.6972697269727064 -25.4276253301137167
72.7172717271727151 -45.8718332631427472
72.7372737273727523 -88.5918454818420855
72.7572757275727611 -42.6395756764037728
72.7772777277727982 -72.0353525001276864
72.7972797279728070 -48.9850467920546251
72.8172817281728157 -59.7176174024506636
72.8372837283728529 -50.8501118364520579
72.8572857285728617 -60.6453327082108729
72.8772877287728988 -39.0839272912288109
72.8972897289729076 -32.6837634765229197
72.9172917291729163 -42.6414108790053419
72.9372937293729535 -98.6367503835041077
72.9572957295729623 -59.8674476772041899
72.9772977297729994 -66.3308686316964895
72.9972997299730082 -22.9953847409004446
73.0173017301730169 -31.9260028302311021
73.0373037303730541 -61.7690156639378500
73.0573057305730629 -41.7449330996406189
73.0773077307730716 -52.5203640243813155
73.0973097309731088 -62.2290135011690921
73.1173117311731176 -31.7136444458715587
73.1373137313731547 -39.5815522590831961
73.1573157315731635 -69.0859202551783653
73.1773177317731722 -52.0739773469539955
73.1973197319732094 -75.8746900713480699
73.2173217321732182 -17.2551182584195715
73.2373237323732553 -57.4964179835328650
73.2573257325732641 -61.5886019758167294
73.2773277327732728 -77.6952247459878578
73.2973297329733100 -66.4120458301936196
73.3173317331733188 -50.2226660542777879
73.3373337333733559 -48.9206518635744629
73.3573357335733647 -65.2450343687667669
73.3773377337733734 -30.7652122651664932
73.3973397339734106 -53.6968379628682158
73.4173417341734194 -41.3617382469190105
73.4373437343734565 -51.0919770636248600
73.4573457345734653 -71.0946177706604487
73.4773477347734740 -58.5420559244223710
73.4973497349735112 -44.5973979858705718
73.5173517351735200 -42.9994413288061708
73.5373537353735571 -48.2833125481624492
73.5573557355735659 -23.6427789331478557
73.5773577357735746 -64.6122725496837944
73.5973597359736118 -42.3491376282347858
73.6173617361736206 -39.6247212410704606
73.6373637363736577 -59.3305870330540799
73.6573657365736665 -95.4988887679635923
73.6773677367736752 -34.1196014061161037
73.6973697369737124 -31.7028250165912091
73.7173717371737212 -40.4907736604881023
73.7373737373737583 -35.8559370477248578
73.7573757375737671 -26.3022935349710423
73.7773777377737758 -50.4719385194354544
73.7973797379738130 -60.3040202123531088
73.8173817381738218 -40.3113277038115285
73.8373837383738589 -53.2537921488076336
73.8573857385738677 -46.3409788032521774
73.8773877387738764 -30.5684403547025809
73.8973897389739136 -69.3688910162984200
73.9173917391739224 -49.3431173392933573
73.9373937393739595 -54.1292071901423100
73.9573957395739683 -27.3925697177731458
73.9773977397739770 -66.8073528244919856
73.9973997399740142 -57.9682039012320587
74.0174017401740230 -65.1970820582587436
74.0374037403740317 -53.0022061490269536
74.0574057405740689 -37.4438257723021124
74.0774077407740776 -58.6674032412943944
74.0974097409741148 -39.1710429753374569
74.1174117411741236 -88.6566869968955302
74.1374137413741323 -64.6211577692391614
74.1574157415741695 -56.3925281210846450
74.1774177417741782 -71.6223686774444275
74.1974197419742154 -68.5936279878720399
74.2174217421742242 -56.7264242969885544
74.2374237423742329 -46.2016603141476310
74.2574257425742701 -54.0867995406161626
74.2774277427742788 -83.3294066443893513
74.2974297429743160 -65.7827639287047106
74.3174317431743248 -55.5956754132941597
74.3374337433743335 -55.3525823203193426
74.3574357435743707 -49.8543162998331155
74.3774377437743794 -103.2242348734376378
74.3974397439744166 -69.2558714479983877
74.4174417441744254 -46.2732416111290306
74.4374437443744341 -32.4448108970128573
74.4574457445744713 -49.4762720901220661
74.4774477447744800 -30.4876042688709425
74.4974497449745172 -58.9264946892765451
74.5174517451745260 -84.5086159843163074
74.5374537453745347 -42.8556357991939336
74.5574557455745719 -24.9678429756097557
74.5774577457745806 -98.4984197665036447
74.5974597459746178 -72.7247911105591527
74.6174617461746266 -41.3021873235783090
74.6374637463746353 -59.5787656040244329
74.6574657465746725 -72.0236441366834015
74.6774677467746812 -55.0399218893585171
74.6974697469747184 -39.5839255137178156
74.7174717471747272 -45.5889079619748543
74.7374737473747359 -54.3321572321470683
74.7574757475747731 -37.0960654895865076
74.7774777477747818 -58.6563555583280163
74.7974797479748190 -16.8187112446092257
74.8174817481748278 -55.5233123361343814
74.8374837483748365 -17.6259751183735673
74.8574857485748737 -28.8748453545162498
74.8774877487748824 -37.7515831085743301
74.8974897489749196 -5.1405469372806252
74.9174917491749284 -36.8694955214134694
74.9374937493749371 -61.4045262792507671
74.9574957495749743 -44.1526002195876828
74.9774977497749830 -101.9912485544286085
74.9974997499750202 -49.5310340753397398
75.0175017501750290 -32.9353549313136824
75.0375037503750377 -26.9467996351012538
75.0575057505750749 -69.2353649608069759
75.0775077507750837 -25.8270502084329365
75.0975097509750924 -63.0898562655741983
75.1175117511751296 -65.7394289884234126
75.1375137513751383 -45.8220323453899070
75.1575157515751755 9.0705192005769391
75.1775177517751843 -74.1589205324757188
75.1975197519751930 -37.0210932704369071
75.2175217521752302 -32.0190756068802571
75.2375237523752389 -24.0546783764194814
75.2575257525752761 -39.9513282720365623
75.2775277527752849 -52.3273600440528099
75.2975297529752936 -34.3565984159136733
75.3175317531753308 -14.0284349513242361
75.3375337533753395 -72.2730470709817467
75.3575357535753767 -46.6072173248809563
75.3775377537753855 -83.1769775303940122
75.3975397539753942 -71.6757449094255037
75.4175417541754314 -73.6928415166047728
75.4375437543754401 -16.7140114456304474
75.4575457545754773 -63.6641207248477627
75.4775477547754861 -43.2465851409480209
75.4975497549754948 -40.8332673797611250
75.5175517551755320 -20.5082547937831237
75.5375537553755407 -68.8056300882716130
75.5575557555755779 -51.4998005630644258
75.5775577557755867 -66.3466157533125056
75.5975597559755954 -63.8982066658850201
75.6175617561756326 -79.2679798043090500
75.6375637563756413 -35.6547526611115302
75.6575657565756785 -85.6322466758394114
75.6775677567756873 -84.0524858653626836
75.6975697569756960 -52.1219011238913552
75.7175717571757332 -69.0375966239051877
75.7375737573757419 -59.4592331202977320
75.7575757575757791 -69.5178535931643751
75.7775777577757879 -105.8479268236236095
75.7975797579757966 -50.8195541309089975
75.8175817581758338 -75.6380136868772723
75.8375837583758425 -51.2767821867862352
75.8575857585758797 -39.3849783956979849
75.8775877587758885 -58.5864245343641983
75.8975897589758972 -70.8315624805528614
75.9175917591759344 -26.8084234863287421
75.9375937593759431 -55.4665831786663688
75.9575957595759803 -61.5088038411135045
75.9775977597759891 -43.3417440533348000
75.9975997599759978 -46.3639876752674098
76.0176017601760350 -57.5234759661216799
76.0376037603760437 -54.4291187276112822
76.0576057605760525 -28.7361499608844255
76.0776077607760897 -14.6308673370355251
76.0976097609760984 -72.6270406303723064
76.1176117611761356 -46.4796063004985882
76.1376137613761443 -39.7846869176022295
76.1576157615761531 -66.4149290271096930
76.1776177617761903 -64.7503713595338724
76.1976197619761990 -67.2805924682024994
76.2176217621762362 -59.8608956541989983
76.2376237623762449 -47.5610959351316893
76.2576257625762537 -37.8344588719722736
76.2776277627762909 -69.2642897213012816
76.2976297629762996 -76.5643965873169350
76.3176317631763368 -43.7122965946136617
76.3376337633763455 -61.9495706853197490
76.3576357635763543 -13.3276626627087680
76.3776377637763915 -61.5105858475787173
76.3976397639764002 -86.0445023112306586
76.4176417641764374 -51.0779093587184789
76.4376437643764461 -45.5391518331477272
76.4576457645764549 -61.7170850950577119
76.4776477647764921 -71.7287004544277096
76.4976497649765008 -68.3590316328894403
76.5176517651765380 -72.3741801236941740
76.5376537653765467 -40.7357087160169371
76.5576557655765555 -97.9538544264098050
76.5776577657765927 -46.9685842341525870
76.5976597659766014 -41.1972849460800887
76.6176617661766386 -71.2012244685735993
76.6376637663766473 -44.8375914252128069
76.6576657665766561 -54.4347009542638176
76.6776677667766933 -40.9106661871179966
76.6976697669767020 -55.5616520597807479
76.7176717671767392 -51.1270664091123876
76.7376737673767479 -45.2854787344673611
76.7576757675767567 -25.7366586381377260
76.7776777677767939 -30.6484832549900190
76.7976797679768026 -71.3079137118392481
76.8176817681768398 -68.0817121729945001
76.8376837683768485 -70.6313395850170025
76.8576857685768573 -69.0107982811530007
76.8776877687768945 -53.7408864734949034
76.8976897689769032 -46.3738370177959069
76.9176917691769404 -43.4868514183177624
76.9376937693769491 -69.1036787444112832
76.9576957695769579 -54.7195970174647499
76.9776977697769951 -54.3742437590258447
76.9976997699770038 -70.7013335737289452
77.0177017701770126 -65.0072023477679437
77.0377037703770498 -56.9172991024720787
77.0577057705770585 -75.6031393059356844
77.0777077707770957 -47.3724926690304144
77.0977097709771044 -49.8386025323106381
77.1177117711771132 -83.0887765417042914
77.1377137713771504 -74.8059374560239121
77.1577157715771591 -24.9227243645877543
77.1777177717771963 -62.6177662001974369
77.1977197719772050 -78.3831345354195719
77.2177217721772138 -57.0267930448669773
77.2377237723772510 -83.7547329735399586
77.2577257725772597 -79.0457156940651089
77.2777277727772969 -32.2615884271181343
77.2977297729773056 -60.8389437035738396
77.3177317731773144 -58.5699967026789636
77.3377337733773516 -48.0002803710697776
77.3577357735773603 -79.4442897998516457
77.3777377737773975 -56.7616081743635874
77.3977397739774062 -75.0958906086182765
77.4177417741774150 -74.9973468602898237
77.4377437743774522 -65.9519893480352835
77.4577457745774609 -62.7717516440379484
77.4777477747774981 -88.5393403539065389
77.4977497749775068 -59.8571167627868164
77.5177517751775156 -55.8705539432024878
77.5377537753775528 -49.2417874408758962
77.5577557755775615 -69.7645789552599211
77.5777577757775987 -41.8216736546206675
77.5977597759776074 -65.8619218150501524
77.6177617761776162 -74.8800372135868741
77.6377637763776534 -23.2287668980055955
77.6577657765776621 -44.2987057281820142
77.6777677767776993 -88.7293527012350012
77.6977697769777080 -48.3462901074362890
77.7177717771777168 -42.1019539938610663
77.7377737773777540 -54.4811395228142175
77.7577757775777627 -63.6625809049396878
77.7777777777777999 -17.8626673536913287
77.7977797779778086 -74.0361739880111145
77.8177817781778174 -52.0006191807707836
77.8377837783778546 -33.3090484116689396
77.8577857785778633 -39.3617373613227173
77.8777877787779005 -28.0656289996859698
77.8977897789779092 -64.7323416050769112
77.9177917791779180 -50.3140681435689174
77.9377937793779552 -61.9453400470143620
77.9577957795779639 -21.1902012164017535
77.9777977797779727 -74.6758474305160576
77.9977997799780098 -71.8375505344470611
78.0178017801780186 -84.8748801030681079
78.0378037803780558 -90.6053469608905289
78.0578057805780645 -76.4482886523851022
78.0778077807780733 -43.7566367457043697
78.0978097809781104 -63.6523469124924759
78.1178117811781192 -65.8296341495960320
78.1378137813781564 -44.8666048092988277
78.1578157815781651 -4.4824992469099101
78.1778177817781739 -58.0336511370052222
78.1978197819782110 -40.2860951224285060
78.2178217821782198 -55.7222856610780326
78.2378237823782570 -48.2746622736802777
78.2578257825782657 -61.8154398752440528
78.2778277827782745 -53.2483047402334648
78.2978297829783116 -65.4932494671834178
78.3178317831783204 -37.2466383648212229
78.3378337833783576 -87.2155109362019232
78.3578357835783663 -50.7623645997129529
78.3778377837783751 -64.1533427065236310
78.3978397839784122 -10.9704792251381562
78.4178417841784210 -42.9787569303983403
78.4378437843784582 -46.9722078902921112
78.4578457845784669 -72.2997481279415979
78.4778477847784757 -78.2226940009247471
78.4978497849785128 -76.3548355692963980
78.5178517851785216 -21.8296648267445619
78.5378537853785588 -48.4752918735024565
78.5578557855785675 -61.2923312676880911
78.5778577857785763 -55.7463094795000131
78.5978597859786134 -65.8887122604667610
78.6178617861786222 -64.0524893584820063
78.6378637863786594 -89.4750052306013117
78.6578657865786681 -88.7506457278970231
78.6778677867786769 -37.8874592963025520
78.6978697869787140 -67.2887582098814505
78.7178717871787228 -33.4758174092659431
78.7378737873787600 -49.0498786831862787
78.7578757875787687 -75.1200671642084501
78.7778777877787775 -83.3265186713915966
78.7978797879788146 -68.2461197206412322
78.8178817881788234 -54.8840865234302839
78.8378837883788606 -75.2722122355131660
78.8578857885788693 -60.1403286340479610
78.8778877887788781 -54.2264088198073395
78.8978897889789152 -20.2131043054359978
78.9178917891789240 -52.3795173781670087
78.9378937893789328 -49.3873643004460305
78.9578957895789699 -41.3278188944667377
78.9778977897789787 -62.4484763754602312
78.9978997899790158 -22.3569444841959353
79.0179017901790246 -62.5304161723502716
79.0379037903790334 -49.3947773166890869
79.0579057905790705 -32.3720827311728314
79.0779077907790793 -48.9008510185296075
79.0979097909791165 -35.0245690677306811
79.1179117911791252 -38.2970063136601055
79.1379137913791340 -40.2359650519179937
79.1579157915791711 -67.8806351595706587
79.1779177917791799 -74.4694104168945330
79.1979197919792171 -60.1399304498393974
79.2179217921792258 -83.3274029949421760
79.2379237923792346 -41.5898232083495714
79.2579257925792717 -58.1422854752190901
79.2779277927792805 -39.5734606301215024
79.2979297929793177 -56.4795938073326198
79.3179317931793264 -57.8359269970397136
79.3379337933793352 -67.1203048366416652
79.3579357935793723 -39.9673112658873961
79.3779377937793811 -63.3554849203259494
79.3979397939794183 -46.4048821630550350
79.4179417941794270 -11.0745920865909682
79.4379437943794358 -50.5867530517771087
79.4579457945794729 -94.4702959903107740
79.4779477947794817 -50.7133829119247963
79.4979497949795189 -47.1890754965167929
79.5179517951795276 -67.8741384382558977
79.5379537953795364 -47.6985991692618114
79.5579557955795735 -41.9771158947765173
79.5779577957795823 -45.2670425237380982
79.5979597959796195 -81.8401293677241881
79.6179617961796282 -58.4551627718774967
79.6379637963796370 -77.3990031558300018
79.6579657965796741 -45.6317533695307702
79.6779677967796829 -77.1415449633640264
79.6979697969797201 -66.5376403901471463
79.7179717971797288 -74.5894853260268320
79.7379737973797376 -49.1090994256105020
79.7579757975797747 -63.0442391366535020
79.7779777977797835 -73.6429692357757943
79.7979797979798207 -65.9874519503328401
79.8179817981798294 -40.9775608049247495
79.8379837983798382 -71.8898278542482103
79.8579857985798753 -71.1601116600681394
79.8779877987798841 -50.0900951378558048
79.8979897989798928 -67.1486846275392679
79.9179917991799300 -55.8095438781880588
79.9379937993799388 -64.6329247855643700
79.9579957995799759 -32.1115499536859943
79.9779977997799847 -50.6536173875447489
79.9979997999799934 -62.4474660737945726
80.0180018001800306 -80.1556235700836623
80.0380038003800394 -36.1198276851994464
80.0580058005800765 -32.2707565618661718
80.0780078007800853 -25.7283198736763765
80.0980098009800940 -45.9900478650146738
80.1180118011801312 -69.9820483866797360
80.1380138013801400 -71.7252454488235855
80.1580158015801771 -44.6736783495114835
80.1780178017801859 -38.4024379567625544
80.1980198019801946 -41.0724305267601935
80.2180218021802318 -16.8479893718810558
80.2380238023802406 -38.2486887447195159
80.2580258025802777 -28.3969962862534366
80.2780278027802865 -61.9199131546122388
80.2980298029802952 -54.6080849762156149
80.3180318031803324 -36.8556507956989776
80.3380338033803412 -17.6539937056337521
80.3580358035803783 -58.4694150437632985
80.3780378037803871 -60.2682657865104829
80.3980398039803958 -34.5682715304812405
80.4180418041804330 -72.5927438808544139
80.4380438043804418 -64.5608650556084456
80.4580458045804789 -19.9670545194449822
80.4780478047804877 -15.3751283229845868
80.4980498049804964 5.1882106045597851
80.5180518051805336 -39.6881899855147608
80.5380538053805424 -55.6706813222486403
80.5580558055805795 -27.9942972859519656
80.5780578057805883 -36.4331675248607638
80.5980598059805970 -25.3233415182715156
80.6180618061806342 -54.2574727752963923
80.6380638063806430 -41.2316996092031545
80.6580658065806801 -72.7045493160327112
80.6780678067806889 -54.7241511351544716
80.6980698069806976 -29.8793446844462913
80.7180718071807348 -93.3985184543261653
80.7380738073807436 -78.7062469369373048
80.7580758075807807 -75.6316343456374511
80.7780778077807895 -37.4834181101328312
80.7980798079807983 -63.3248411033539398
80.8180818081808354 -44.9801730353582983
80.8380838083808442 -12.9907175461642126
80.8580858085808529 -44.2250167651898352
80.8780878087808901 -81.2506218612261080
80.8980898089808989 -40.8814160773201110
80.9180918091809360 -56.0415434611499421
80.9380938093809448 -40.1644523466678578
80.9580958095809535 -52.8265361975969583
80.9780978097809907 -58.4909213293825161
80.9980998099809995 -53.8205699993851425
81.0181018101810366 -37.2255000909772491
81.0381038103810454 -22.7217074196667141
81.0581058105810541 -32.9977880606047833
81.0781078107810913 -83.5609218059764061
81.0981098109811001 -72.1013259760868834
81.1181118111811372 -29.2131408620129243
81.1381138113811460 -42.9779386811825503
81.1581158115811547 -32.3796451164763681
81.1781178117811919 -15.2858356237269248
81.1981198119812007 -23.5601331795311566
81.2181218121812378 -21.9769642498248743
81.2381238123812466 -43.3041220808623493
81.2581258125812553 -23.6048373719422884
81.2781278127812925 -65.0693430665231745
81.2981298129813013 -13.9264382587843798
81.3181318131813384 -43.1123335738581659
81.3381338133813472 -79.3347984625045513
81.3581358135813559 -54.6636691748368904
81.3781378137813931 -9.7941710104616462
81.3981398139814019 -78.5360098381922143
81.4181418141814390 -36.8574476667912379
81.4381438143814478 -55.0295534372140196
81.4581458145814565 -43.0709204730417667
81.4781478147814937 -61.7363571626696555
81.4981498149815025 -37.7595989254002617
81.5181518151815396 -76.6596018867228679
81.5381538153815484 -32.7535220299073444
81.5581558155815571 -58.5759416042211640
81.5781578157815943 -50.3886039179512082
81.5981598159816031 -30.8278396542021156
81.6181618161816402 -78.1452401826116443
81.6381638163816490 -44.6553209906010906
81.6581658165816577 -32.0945865567608166
81.6781678167816949 -42.2314139741739254
81.6981698169817037 -33.1035911641652447
81.7181718171817408 -37.5930278742936252
81.7381738173817496 -28.4295449159094566
81.7581758175817583 -2.1200946845094819
81.7781778177817955 -35.5905149016931972
81.7981798179818043 -72.9377018430293589
81.8181818181818130 -47.5923337288100825
81.8381838183818502 -77.0449701874359931
81.8581858185818589 -31.0631463734102127
81.8781878187818961 -62.3142723220944603
81.8981898189819049 -78.8924877743522188
81.9181918191819136 -36.0726377750779506
81.9381938193819508 -24.6313813890706328
81.9581958195819595 -17.2483056455080295
81.9781978197819967 -44.5875865603042385
81.9981998199820055 -21.6636440421763332
82.0182018201820142 -0.2278515331191997
82.0382038203820514 -58.0816516063400954
82.0582058205820601 -66.7229641571173460
82.0782078207820973 -53.5772590010591472
82.0982098209821061 -61.7702716136557228
82.1182118211821148 -38.1044918017036451
82.1382138213821520 -27.2561388423160054
82.1582158215821607 -60.2678408752940555
82.1782178217821979 -42.1498572139697103
82.1982198219822067 -56.5022974438892618
82.2182218221822154 -38.6484251323252153
82.2382238223822526 -60.8469367189977604
82.2582258225822613 -67.8435946525656988
82.2782278227822985 -41.5960693144932065
82.2982298229823073 -10.8237701183416775
82.3182318231823160 -30.5079718507666833
82.3382338233823532 -52.3456954039600575
82.3582358235823619 -19.1282164936002026
82.3782378237823991 -28.2276262876640374
82.3982398239824079 -51.6480453738081522
82.4182418241824166 -70.0316005917254074
82.4382438243824538 -23.5111798604888591
82.4582458245824625 -60.1613918743335887
82.4782478247824997 1.1987417208282096
82.4982498249825085 -24.4863874870236700
82.5182518251825172 -102.3764840202586299
82.5382538253825544 -47.9556835473590084
82.5582558255825631 -23.5199843780016700
82.5782578257826003 -70.6464437378426879
82.5982598259826091 -33.7169042088336681
82.6182618261826178 -16.8695518341354997
82.6382638263826550 -53.0759754526539638
82.6582658265826637 -60.1626806059798724
82.6782678267827009 -88.7430006022510440
82.6982698269827097 -46.6680853839685739
82.7182718271827184 -53.1031353562068489
82.7382738273827556 -29.7724216548824039
82.7582758275827644 -46.3693413319354732
82.7782778277827731 -51.4074445157697539
82.7982798279828103 -24.3374343299344105
82.8182818281828190 -5.9102459918533157
82.8382838283828562 -50.6989419235927699
82.8582858285828650 -22.3790316234767594
82.8782878287828737 -54.9838648371606880
82.8982898289829109 -18.0564529024238674
82.9182918291829196 -69.0534198843389362
82.9382938293829568 -1.0645681148677326
82.9582958295829656 -51.7048044199350372
82.9782978297829743 -40.9991138551359313
82.9982998299830115 -41.4473170341873782
83.0183018301830202 -23.0491868097946444
83.0383038303830574 -34.5235597378682044
83.0583058305830662 -61.1813979148565181
83.0783078307830749 -32.3351789242481829
83.0983098309831121 -18.1564930185347215
83.1183118311831208 -31.6930188503205486
83.1383138313831580 -36.5505899212615191
83.1583158315831668 -28.1999213914137030
83.1783178317831755 -69.3973918929531237
83.1983198319832127 -57.8943877272952392
83.2183218321832214 -54.0093115904429339
83.2383238323832586 -28.6758983837792840
83.2583258325832674 -44.9175329334756199
83.2783278327832761 -25.5085059035466912
83.2983298329833133 -79.1583214204112693
83.3183318331833220 -57.1846602671814708
83.3383338333833592 -73.9358075037828257
83.3583358335833680 -58.3646288484183202
83.3783378337833767 -26.5701026058128740
83.3983398339834139 -67.0865249583774954
83.4183418341834226 -31.1551758045046085
83.4383438343834598 -24.7255338913882952
83.4583458345834686 -45.4817522485750700
83.4783478347834773 -24.0586113994648230
83.4983498349835145 -48.5386944527539939
83.5183518351835232 -78.5855213716599792
83.5383538353835604 -57.5516375954167927
83.5583558355835692 -11.2126564535326096
83.5783578357835779 -24.2175728494847888
83.5983598359836151 -13.8851715144882562
83.6183618361836238 -59.9986960743315052
83.6383638363836610 -35.1296813971202369
83.6583658365836698 -34.0271901220540869
83.6783678367836785 -59.0479592559090776
83.6983698369837157 -30.0882160633937019
83.7183718371837244 -36.3572681007037346
83.7383738373837332 -48.0488990255179047
83.7583758375837704 -54.2454259450894440
83.7783778377837791 -30.1535579567975276
83.7983798379838163 -63.4252142770172327
83.8183818381838250 -18.0246299813805244
83.8383838383838338 -54.8409214722997973
83.8583858385838710 -47.6145275516974209
83.8783878387838797 -57.5781158929994064
83.8983898389839169 -76.9397461514903114
83.9183918391839256 -25.2508793528105073
83.9383938393839344 -52.7022609948535887
83.9583958395839716 -43.4690862492824053
83.9783978397839803 -47.4434814169357821
83.9983998399840175 -38.0636543355712362
84.0184018401840262 -17.4085818310936986
84.0384038403840350 -29.9414880476393783
84.0584058405840722 -54.2387625060741811
84.0784078407840809 -51.4441197731204625
84.0984098409841181 0.3955379160856651
84.1184118411841268 -46.1113483324887738
84.1384138413841356 -20.4122116622963183
84.1584158415841728 -34.1238598954126928
84.1784178417841815 -57.7013853434392274
84.1984198419842187 -21.0423816782498960
84.2184218421842274 -23.1100201569725172
84.2384238423842362 5.8468256848200610
84.2584258425842734 -14.8735170115440134
84.2784278427842821 -37.9160412187215812
84.2984298429843193 -29.6210081596189845
84.3184318431843280 -69.0328338063652041
84.3384338433843368 -44.6075589144898146
84.3584358435843740 7.3219153206990200
84.3784378437843827 -32.4310714279470105
84.3984398439844199 -32.8341553948788913
84.4184418441844286 -62.3250433771203092
84.4384438443844374 -51.2407320662464372
84.4584458445844746 -27.4150579010952455
84.4784478447844833 -65.2606121574534370
84.4984498449845205 -20.1788689010344910
84.5184518451845292 -5.4392789084953677
84.5384538453845380 -6.6111906361646398
84.5584558455845752 -34.8036302111867997
84.5784578457845839 -43.9645569572228965
84.5984598459846211 -20.1904628840723461
84.6184618461846298 -11.3357804537314593
84.6384638463846386 -10.5966661513385567
84.6584658465846758 -38.4520656797357674
84.6784678467846845 -34.0219629442288678
84.6984698469847217 -44.8587728370153016
84.7184718471847304 -15.1917438698563707
84.7384738473847392 -25.1712816285204326
84.7584758475847764 -10.2164278890589877
84.7784778477847851 -59.3860392794055798
84.7984798479847939 -41.7083149365181285
84.8184818481848311 -50.1996363179426623
84.8384838483848398 -71.3183266294447407
84.8584858485848770 -7.4564595560589559
84.8784878487848857 -43.1051038181967670
84.8984898489848945 -3.6558355144281869
84.9184918491849317 -2.6081468800677747
84.9384938493849404 -23.8527422501946731
84.9584958495849776 -34.2384721026487355
84.9784978497849863 -39.2508275606135655
84.9984998499849951 -16.2724208558747065
85.0185018501850323 -11.4961517401004194
85.0385038503850410 -16.4626513456354431
85.0585058505850782 -32.0673295027610479
85.0785078507850869 -36.4807659894085319
85.0985098509850957 -5.5964107047566074
85.1185118511851329 -28.0114183050475738
85.1385138513851416 -2.6841746301639517
85.1585158515851788 -22.9064191710586975
85.1785178517851875 -44.6577792060654559
85.1985198519851963 -30.4740912846030483
85.2185218521852335 -29.7687448328377187
85.2385238523852422 -57.4820794028784121
85.2585258525852794 -5.4146146222017997
85.2785278527852881 -39.3295282582713384
85.2985298529852969 -16.7175848714837798
85.3185318531853341 -50.8293463647709700
85.3385338533853428 -3.5761790847977721
85.3585358535853800 -15.4666586495722012
85.3785378537853887 -28.0836748700701868
85.3985398539853975 -18.5977370417832404
85.4185418541854347 -5.4085050225974776
85.4385438543854434 -24.8457527293962670
85.4585458545854806 -8.8299882835587766
85.4785478547854893 -19.8212042497992371
85.4985498549854981 -33.2266743102695088
85.5185518551855353 -18.7208054578812231
85.5385538553855440 -19.0926224973336502
85.5585558555855812 -23.2829728397774005
85.5785578557855899 -34.0820862955969730
85.5985598559855987 -50.9957510166019148
85.6185618561856359 -33.5675374791253063
85.6385638563856446 -39.7312273824087043
85.6585658565856818 -20.7809129201884488
85.6785678567856905 -27.4155170233404135
85.6985698569856993 -19.1368801797303867
85.7185718571857365 -5.9709620755111388
85.7385738573857452 -15.4398522601091504
85.7585758575857540 -1.6658483103856483
85.7785778577857911 -50.3523431446135987
85.7985798579857999 -14.4937131821709304
85.8185818581858371 -4.0401497122722532
85.8385838583858458 -18.3525987660035526
85.8585858585858546 -56.1421089422435244
85.8785878587858917 -52.9904006763882904
85.8985898589859005 -54.3505341889683535
85.9185918591859377 5.8436052033741213
85.9385938593859464 -10.5499952922814781
85.9585958595859552 -32.5940051351622060
85.9785978597859923 -40.8938364382968658
85.9985998599860011 -48.7708204624721731
86.0186018601860383 -10.1718420500539626
86.0386038603860470 -35.7097002166139887
86.0586058605860558 -10.0245350351389817
86.0786078607860929 7.1041061224029569
86.0986098609861017 -28.0104096074917877
86.1186118611861389 -15.1539344250965051
86.1386138613861476 -21.0870292498570961
86.1586158615861564 -4.3885430989483929
86.1786178617861935 -37.1063700147104072
86.1986198619862023 6.8252593394883263
86.2186218621862395 -4.8687211195170903
86.2386238623862482 -39.7101855941105057
86.2586258625862570 -42.3800737487434134
86.2786278627862941 -4.5199303304373721
86.2986298629863029 -47.9152859611126374
86.3186318631863401 -22.1978171086683709
86.3386338633863488 6.8760680910432619
86.3586358635863576 -49.2333642685342454
86.3786378637863947 19.3183574558907836
86.3986398639864035 8.6365009418286895
86.4186418641864407 -28.2498537872633442
86.4386438643864494 -46.7595647028006454
86.4586458645864582 -1.1852811151660738
86.4786478647864953 -24.7485257273961210
86.4986498649865041 -13.4841658930481589
86.5186518651865413 -51.2168543746915574
86.5386538653865500 -41.7614809979275350
86.5586558655865588 -9.3658066433230758
86.5786578657865959 -43.8870503449120548
86.5986598659866047 -50.5667373972260563
86.6186618661866419 -78.7691908640707936
86.6386638663866506 -12.6690803697699721
86.6586658665866594 -22.8001164800848635
86.6786678667866965 -21.8736612371292978
86.6986698669867053 -32.0361170341831070
86.7186718671867141 14.0420810602638788
86.7386738673867512 -0.8003571157468414
86.7586758675867600 -21.0355507634613268
86.7786778677867972 -41.3293560722001274
86.7986798679868059 -17.5210037087387747
86.8186818681868147 -22.7284550283739648
86.8386838683868518 -35.3608475568340026
86.8586858685868606 13.2174988811696572
86.8786878687868978 -33.1754952539906753
86.8986898689869065 -5.7444479169712359
86.9186918691869153 -20.9521168438970022
86.9386938693869524 -4.5478928103798584
86.9586958695869612 9.3876097929323912
86.9786978697869984 1.9519534746014884
86.9986998699870071 -40.5353388866467625
87.0187018701870159 -26.1026474230077064
87.0387038703870530 -8.9043913825755059
87.0587058705870618 12.2839824449589177
87.0787078707870990 -14.0833735337783494
87.0987098709871077 -5.3195866111653221
87.1187118711871165 -21.2356287886475847
87.1387138713871536 -38.7885976393744869
87.1587158715871624 -0.7587037096654914
87.1787178717871996 2.0716314417653070
87.1987198719872083 -31.0904007211827249
87.2187218721872171 -2.0563133320074929
87.2387238723872542 -8.2424004720664055
87.2587258725872630 13.5761323321764582
87.2787278727873002 -27.1363450994986835
87.2987298729873089 -3.5670233342223625
87.3187318731873177 -11.7629801207023021
87.3387338733873548 6.3864130837737232
87.3587358735873636 -0.6621991065779902
87.3787378737874008 -28.6626280145998464
87.3987398739874095 -0.8702304261410330
87.4187418741874183 -22.5475964207970208
87.4387438743874554 -23.7278704146985859
87.4587458745874642 -28.1238239204146510
87.4787478747875014 -12.8430491976590861
87.4987498749875101 -46.4625422722445265
87.5187518751875189 -45.0993647686320216
87.5387538753875560 -16.3620532603817139
87.5587558755875648 -36.9225972973340149
87.5787578757876020 -10.3705882569420229
87.5987598759876107 4.3806717334132514
87.6187618761876195 -7.6380972954066984
87.6387638763876566 12.7785725028992569
87.6587658765876654 -18.0623697162237917
87.6787678767876741 -45.3256165616170961
87.6987698769877113 3.1264362725473198
87.7187718771877201 -29.4623057868041016
87.7387738773877572 -10.9983765492826837
87.7587758775877660 12.1141808905676278
87.7787778777877747 -13.7068888439616412
87.7987798779878119 3.0040356594682365
87.8187818781878207 -37.6860437122849348
87.8387838783878578 -31.0603209996365628
87.8587858785878666 -8.4144511080961149
87.8787878787878753 -26.3659567793152334
87.8987898789879125 4.7766913141630347
87.9187918791879213 -0.8143447337933605
87.9387938793879584 -31.3458454773573152
87.9587958795879672 -18.1994249779110646
87.9787978797879759 -20.1091777472224571
87.9987998799880131 -32.4475246463574223
88.0188018801880219 0.2423793538849619
88.0388038803880590 12.4888171991084889
88.0588058805880678 12.9551932873752929
88.0788078807880765 -9.0796783016488920
88.0988098809881137 -5.4244237926530792
88.1188118811881225 -12.1004642064742427
88.1388138813881596 -25.1019148765373217
88.1588158815881684 -4.4120062350720346
88.1788178817881771 11.7853285168872191
88.1988198819882143 11.9669443809685028
88.2188218821882231 -14.6647023165431776
88.2388238823882602 -28.8023680791424184
88.2588258825882690 9.0987065043162083
88.2788278827882777 -11.6778981874128114
88.2988298829883149 18.0599248285787937
88.3188318831883237 -56.0124356453103047
88.3388338833883608 -18.5410681525015697
88.3588358835883696 -15.3115983200585468
88.3788378837883783 48.4962161811276928
88.3988398839884155 -9.5450264212068259
88.4188418841884243 -8.0372065940430257
88.4388438843884614 12.2414382023431649
88.4588458845884702 -11.8693590385235588
88.4788478847884790 -19.7832092508245942
88.4988498849885161 -22.8562437037361050
88.5188518851885249 -12.9419183319497471
88.5388538853885620 -36.7469791494311053
88.5588558855885708 -30.3591365425754276
88.5788578857885796 8.7066265113610442
88.5988598859886167 29.4903057885846991
88.6188618861886255 -0.3641401049751138
88.6388638863886342 -0.2644409450062666
88.6588658865886714 3.8843301995754800
88.6788678867886802 -19.7789853550836341
88.6988698869887173 -15.2823632376141347
88.7188718871887261 22.2452480351654636
88.7388738873887348 -18.4351332830026315
88.7588758875887720 9.6328425427947302
88.7788778877887808 -7.6677516994106600
88.7988798879888179 32.8306845373461371
88.8188818881888267 4.9797674270139858
88.8388838883888354 -9.1819910206150261
88.8588858885888726 -35.0171151697001903
88.8788878887888814 -0.1798845977393380
88.8988898889889185 12.1545110671943615
88.9188918891889273 -0.8173688609118974
88.9388938893889360 -15.9744465747690825
88.9588958895889732 -40.2293497011202987
88.9788978897889820 11.2256104891065878
88.9988998899890191 -16.7913337326139001
89.0189018901890279 13.5266954273827391
89.0389038903890366 4.6702481554226765
89.0589058905890738 -1.3142692456399374
89.0789078907890826 4.7596034442348962
89.0989098909891197 12.8956890592519322
89.1189118911891285 -16.4498272134042729
89.1389138913891372 2.5916065289551771
89.1589158915891744 10.4478501775026782
89.1789178917891832 30.4136538791259916
89.1989198919892203 0.9765056214487595
89.2189218921892291 -25.0307904573776270
89.2389238923892378 33.4409391388266357
89.2589258925892750 36.2678045313488369
89.2789278927892838 -0.8165247824372150
89.2989298929893209 -3.2908958577578455
89.3189318931893297 18.7109912393948044
89.3389338933893384 -18.0037322982830759
89.3589358935893756 30.1921045965249775
89.3789378937893844 17.2558984881870181
89.3989398939894215 -19.2562509358673886
89.4189418941894303 -15.4380714513590949
89.4389438943894390 17.6340679180309650
89.4589458945894762 -9.6858408051717326
89.4789478947894850 23.8823112360388592
89.4989498949895221 -5.2432618519535623
89.5189518951895309 -20.2399865885603525
89.5389538953895396 -19.6992010448387305
89.5589558955895768 10.1181211780171143
89.5789578957895856 -1.5418712004963500
89.5989598959895943 9.5653091981960916
89.6189618961896315 1.6510192617882176
89.6389638963896402 40.7792773208742574
89.6589658965896774 3.9283931039395563
89.6789678967896862 2.2982297134761649
89.6989698969896949 14.9425405786388072
89.7189718971897321 8.5111173576633554
89.7389738973897408 2.1163460563766030
89.7589758975897780 -2.8378087807172792
89.7789778977897868 28.5698713022725563
89.7989798979897955 -14.5532421350111321
89.8189818981898327 -18.5817789469388686
89.8389838983898414 -11.5145750563587619
89.8589858985898786 5.6190647002151284
89.8789878987898874 14.2058358464956402
89.8989898989898961 -11.2516828327171758
89.9189918991899333 34.4853300346275660
89.9389938993899420 4.4457152034262855
89.9589958995899792 4.3571354825092392
89.9789978997899880 5.4326987365666835
89.9989998999899967 39.0656365925137479
90.0190019001900339 -8.7149705295073616
90.0390039003900426 -1.7439949828726355
90.0590059005900798 45.8700092262030665
90.0790079007900886 10.0943491643977925
90.0990099009900973 15.8891894024638738
90.1190119011901345 -3.5548808740302320
90.1390139013901432 -2.9647382449223221
90.1590159015901804 24.7155086000782056
90.1790179017901892 25.7879308057942040
90.1990199019901979 -17.3226210600633443
90.2190219021902351 13.1043749133328902
90.2390239023902438 17.0130184749385549
90.2590259025902810 -38.8677894703743902
90.2790279027902898 39.3746452194932814
90.2990299029902985 23.1487190937909091
90.3190319031903357 -6.6669807171417110
90.3390339033903444 1.9740149979975676
90.3590359035903816 19.2172758739408671
90.3790379037903904 -13.3416122913059922
90.3990399039903991 23.7537205833212965
90.4190419041904363 27.1799573733462694
90.4390439043904451 26.8419610982607040
90.4590459045904822 2.3659295405875049
90.4790479047904910 -24.7678136272506855
90.4990499049904997 47.3530772986973005
90.5190519051905369 17.1438902302755842
90.5390539053905457 15.0700365159923457
90.5590559055905544 -48.0703759434767690
90.5790579057905916 69.6619224901966447
90.5990599059906003 10.0729982054634455
90.6190619061906375 -8.6172498577336683
90.6390639063906463 15.3207211707967375
90.6590659065906550 12.0602302750678927
90.6790679067906922 10.9446372336152251
90.6990699069907009 27.7289774745359736
90.7190719071907381 -6.9604835508184486
90.7390739073907469 15.6066748696190771
90.7590759075907556 -20.2275872502974110
90.7790779077907928 -2.5828436576141627
90.7990799079908015 1.0374706132877716
90.8190819081908387 18.0041142694408904
90.8390839083908475 19.4175082562100592
90.8590859085908562 12.3161447013180272
90.8790879087908934 62.6926360448415423
90.8990899089909021 2.9665807375586875
90.9190919091909393 -22.3680997866527704
90.9390939093909481 -32.8780730957973191
90.9590959095909568 8.4991002659253141
90.9790979097909940 15.3539281892703077
90.9990999099910027 -21.4229713053538333
91.0191019101910399 31.1146167828836155
91.0391039103910487 11.0091053908655603
91.0591059105910574 13.0981213655483053
91.0791079107910946 24.7604110037779286
91.0991099109911033 27.0242063240267001
91.1191119111911405 -24.4028808927081045
91.1391139113911493 28.8774567709364689
91.1591159115911580 0.0002705305455670
91.1791179117911952 25.9510317036824034
91.1991199119912039 17.3043743928658387
91.2191219121912411 28.7509616966962653
91.2391239123912499 5.4996402287865633
91.2591259125912586 21.2329562258701685
91.2791279127912958 13.8919520337498188
91.2991299129913045 -4.0883165306103919
91.3191319131913417 18.5976140461526107
91.3391339133913505 19.8251693463534480
91.3591359135913592 -5.8852892325363779
91.3791379137913964 -1.9014735589261313
91.3991399139914051 -37.3709102549993588
91.4191419141914423 3.6989203504183106
91.4391439143914511 1.5792522435666960
91.4591459145914598 -12.4703602577808503
91.4791479147914970 40.4839223335223295
91.4991499149915057 13.5155113621529122
91.5191519151915145 34.5985017870960618
91.5391539153915517 -1.0029206089167584
91.5591559155915604 41.2812073069399190
91.5791579157915976 -3.9191971901432581
91.5991599159916063 16.6899998882095417
91.6191619161916151 -11.5764365152378215
91.6391639163916523 1.9027289847562852
91.6591659165916610 29.7922636348627066
91.6791679167916982 21.8188011695860524
91.6991699169917069 -9.9460155854307626
91.7191719171917157 -31.9868708780672542
91.7391739173917529 8.9520979684998441
91.7591759175917616 37.8976623177895036
91.7791779177917988 13.1156628002443245
91.7991799179918075 -10.6448882848517119
91.8191819181918163 -11.1656545183132963
91.8391839183918535 -8.9023423454700659
91.8591859185918622 11.1750402279185579
91.8791879187918994 40.7663168743153221
91.8991899189919081 12.7919190764857031
91.9191919191919169 7.5111141428096708
91.9391939193919541 34.3837198485498021
91.9591959195919628 -0.0987322311650942
91.9791979197920000 1.0052744457641829
91.9991999199920087 38.8147192736423108
92.0192019201920175 35.0948932867221473
92.0392039203920547 23.1083301973682396
92.0592059205920634 23.3456399766733327
92.0792079207921006 29.9199048118740123
92.0992099209921093 -7.1598230121810573
92.1192119211921181 28.8070568197406729
92.1392139213921553 33.3426897465102599
92.1592159215921640 30.1665154945890279
92.1792179217922012 2.3182656074518473
92.1992199219922099 28.7943522256480655
92.2192219221922187 -22.3836876247903120
92.2392239223922559 37.2524526375046392
92.2592259225922646 -10.0937922349779576
92.2792279227923018 -0.2916491424329450
92.2992299229923105 14.5346200106368570
92.3192319231923193 32.4379468789498446
92.3392339233923565 -3.9179386449590439
92.3592359235923652 20.9642609542136071
92.3792379237924024 16.6503385489369506
92.3992399239924111 30.2067110379387991
92.4192419241924199 24.2662207035052582
92.4392439243924571 20.1941805736420790
92.4592459245924658 -3.8875872166569643
92.4792479247924746 25.1605445594146708
92.4992499249925118 20.0573656599785224
92.5192519251925205 1.1933251557589006
92.5392539253925577 5.7790673704428421
92.5592559255925664 32.8803560360329072
92.5792579257925752 -15.9450708300917334
92.5992599259926124 10.6390407652129042
92.6192619261926211 18.5731702513881487
92.6392639263926583 45.7454454397400525
92.6592659265926670 -12.5956208708359050
92.6792679267926758 24.9541996360805847
92.6992699269927130 20.6794139581575891
92.7192719271927217 13.1501265311884676
92.7392739273927589 48.0584635622785328
92.7592759275927676 16.2453579647035617
92.7792779277927764 47.8669122574406316
92.7992799279928136 25.3945718579640243
92.8192819281928223 -13.4874378950836018
92.8392839283928595 13.6599604916745960
92.8592859285928682 10.0082919864192572
92.8792879287928770 31.3067442058240388
92.8992899289929142 -4.7221461719759859
92.9192919291929229 46.2582841319580496
92.9392939293929601 46.1174730559459647
92.9592959295929688 30.9913155931383599
92.9792979297929776 21.6802984082160251
92.9992999299930148 51.1585599767367682
93.0193019301930235 34.3992231843920351
93.0393039303930607 27.6143766785568232
93.0593059305930694 10.5577870670977116
93.0793079307930782 17.4151345791497647
93.0993099309931154 31.8063353642915700
93.1193119311931241 14.6360138048645982
93.1393139313931613 51.4726729814306694
93.1593159315931700 36.9197673550126595
93.1793179317931788 29.6138267177484593
93.1993199319932160 28.8840248267997630
93.2193219321932247 -4.9574960428869659
93.2393239323932619 -20.8218334890609711
93.2593259325932706 40.6915343235291402
93.2793279327932794 33.6423526270077815
93.2993299329933166 39.6713986383554342
93.3193319331933253 34.7209855745339695
93.3393339333933625 32.0986590161723697
93.3593359335933712 13.1838368761393419
93.3793379337933800 21.5277624775794401
93.3993399339934172 39.7907508743685057
93.4193419341934259 34.2758884817315277
93.4393439343934347 14.9696800760630850
93.4593459345934718 -5.9511141612105334
93.4793479347934806 35.7635341018524571
93.4993499349935178 52.5558695335842856
93.5193519351935265 48.1527934326127394
93.5393539353935353 19.4998445020080773
93.5593559355935724 12.2102479324113773
93.5793579357935812 -1.4124619883105360
93.5993599359936184 19.5843361092352559
93.6193619361936271 27.7975861576870287
93.6393639363936359 16.0879558821770487
93.6593659365936730 4.1644488876050350
93.6793679367936818 17.9867605124054037
93.6993699369937190 6.5999369041620266
93.7193719371937277 31.9750846985774544
93.7393739373937365 46.0500881724277917
93.7593759375937736 20.6284417264098572
93.7793779377937824 38.0386002959110670
93.7993799379938196 31.2019143840157298
93.8193819381938283 37.3017961398428852
93.8393839383938371 32.5449606278487522
93.8593859385938742 26.6270796781515173
93.8793879387938830 34.4456675540549853
93.8993899389939202 -8.8721921593421378
93.9193919391939289 16.4814325432156004
93.9393939393939377 29.6570070640354331
93.9593959395939748 -31.3378929462300491
93.9793979397939836 14.4667072457356607
93.9993999399940208 11.9437163611932142
94.0194019401940295 13.3268188375034331
94.0394039403940383 24.0266991364289382
94.0594059405940754 -12.3615368165391395
94.0794079407940842 9.8375019771820149
94.0994099409941214 37.6539475492246396
94.1194119411941301 10.9129574337809192
94.1394139413941389 0.3674554968133492
94.1594159415941760 41.2961856316788385
94.1794179417941848 23.8483539611837330
94.1994199419942220 36.3011985398908621
94.2194219421942307 21.0109713250978629
94.2394239423942395 40.2198522194897805
94.2594259425942766 46.2321222347001068
94.2794279427942854 -0.5312994546556666
94.2994299429943226 2.1651727481158964
94.3194319431943313 45.1279208227008013
94.3394339433943401 -5.8511917387889660
94.3594359435943772 19.7533648326901954
94.3794379437943860 37.3759847326424648
94.3994399439943948 15.7943441672297880
94.4194419441944319 36.3008832937985417
94.4394439443944407 36.1368150949901690
94.4594459445944779 22.2470597014300324
94.4794479447944866 0.4289886814760102
94.4994499449944954 14.1046442372023897
94.5194519451945325 2.7058632821639090
94.5394539453945413 43.2476209208590561
94.5594559455945785 25.2043813093661235
94.5794579457945872 -8.2789363506927351
94.5994599459945960 28.7124322071269376
94.6194619461946331 15.8402886646412107
94.6394639463946419 53.8104918334160658
94.6594659465946791 19.6209499406721761
94.6794679467946878 -16.7987498440736012
94.6994699469946966 17.7967186298709557
94.7194719471947337 13.5390545525967845
94.7394739473947425 -4.7284068555343275
94.7594759475947797 50.8945561483203619
94.7794779477947884 25.4814709885365289
94.7994799479947972 7.0822472952014195
94.8194819481948343 42.2550547149698019
94.8394839483948431 -0.3056111788496310
94.8594859485948803 43.6587897129350111
94.8794879487948890 -3.3155122012287777
94.8994899489948978 37.6232951366300625
94.9194919491949349 25.4373595954442884
94.9394939493949437 41.7395199863700057
94.9594959495949809 18.7760743323324171
94.9794979497949896 29.0920422250065869
94.9994999499949984 3.8231287358617827
95.0195019501950355 2.4482615010978748
95.0395039503950443 57.0865593758161651
95.0595059505950815 5.3529792011832935
95.0795079507950902 -3.9234364207982821
95.0995099509950990 30.9459227379139250
95.1195119511951361 57.7706811279566352
95.1395139513951449 41.0911337442853579
95.1595159515951821 24.5832390729104482
95.1795179517951908 8.6714695009592937
95.1995199519951996 21.1769972382493137
95.2195219521952367 19.9819801384159419
95.2395239523952455 43.3119934004297278
95.2595259525952827 41.7726875381787366
95.2795279527952914 43.4755128309626500
95.2995299529953002 0.1915919603144154
95.3195319531953373 9.2028191264539032
95.3395339533953461 18.3648913994923042
95.3595359535953833 35.2292409824436845
95.3795379537953920 15.9749663852944845
95.3995399539954008 13.4071557793635954
95.4195419541954379 31.9394709356702862
95.4395439543954467 11.3765507563471502
95.4595459545954554 22.1505736689371062
95.4795479547954926 38.8710158729699771
95.4995499549955014 0.1152441591826214
95.5195519551955385 0.0739830713423526
95.5395539553955473 23.5097082194164813
95.5595559555955560 -10.1221615940186265
95.5795579557955932 12.7355253642276480
95.5995599559956020 9.0606232178078550
95.6195619561956391 6.2533953487258298
95.6395639563956479 24.2215128228499417
95.6595659565956566 10.0331023847771590
95.6795679567956938 -5.6024218469967337
95.6995699569957026 70.8508327909128184
95.7195719571957397 -5.0294797927007835
95.7395739573957485 -31.3059131298100368
95.7595759575957572 15.9518497801940260
95.7795779577957944 7.3676314128306366
95.7995799579958032 7.8133720120541410
95.8195819581958403 3.6736248562145271
95.8395839583958491 -45.4964980961164116
95.8595859585958578 -20.4185642590001102
95.8795879587958950 23.5201196651461757
95.8995899589959038 14.5542127494958891
95.9195919591959409 17.9983234715656515
95.9395939593959497 19.1874009972755317
95.9595959595959584 35.4934844082827681
95.9795979597959956 3.9037738960387767
95.9995999599960044 27.1799544638197546
96.0196019601960415 46.2630065230785021
96.0396039603960503 21.4407280923824821
96.0596059605960590 9.2953885096207358
96.0796079607960962 34.9402266253109701
96.0996099609961050 53.6025486108289044
96.1196119611961421 22.1778500744408475
96.1396139613961509 -10.8395129555856560
96.1596159615961597 -9.2687700706065801
96.1796179617961968 -22.9197673748154500
96.1996199619962056 18.7353721047757773
96.2196219621962427 22.7564352419055496
96.2396239623962515 -10.4330359858582860
96.2596259625962603 53.5829010720756429
96.2796279627962974 23.8344119259658527
96.2996299629963062 18.8674893306352374
96.3196319631963433 -7.0922106749256528
96.3396339633963521 -23.7713855297873842
96.3596359635963609 19.6281187679944793
96.3796379637963980 3.6584529325707402
96.3996399639964068 2.6956772545341678
96.4196419641964155 -30.6633765983995090
96.4396439643964527 23.9287696940908745
96.4596459645964615 -0.3502116102277224
96.4796479647964986 18.9348160937462069
96.4996499649965074 53.7165779321313011
96.5196519651965161 35.7365911487855357
96.5396539653965533 -5.3670583337660798
96.5596559655965621 -16.1065821709103218
96.5796579657965992 14.0927151479834158
96.5996599659966080 -17.0841533306073856
96.6196619661966167 16.6585701701061488
96.6396639663966539 12.3719686990255937
96.6596659665966627 10.0987942956397632
96.6796679667966998 23.7488436846652675
96.6996699669967086 16.3565655232781140
96.7196719671967173 0.2371365625720498
96.7396739673967545 -1.7402405385732465
96.7596759675967633 1.9332591085926634
96.7796779677968004 -27.9371411097318152
96.7996799679968092 -14.0212120040093211
96.8196819681968179 -8.9115247805399065
96.8396839683968551 18.9111083871322165
96.8596859685968639 0.6466977827087730
96.8796879687969010 14.9714469198838973
96.8996899689969098 -0.1799501722243848
96.9196919691969185 15.6776986307042705
96.9396939693969557 -16.5975937442151960
96.9596959695969645 10.1698303904128675
96.9796979697970016 4.8552532428488293
96.9996999699970104 -4.5526319000800619
97.0197019701970191 8.1191580442240721
97.0397039703970563 0.4898890851132665
97.0597059705970651 -0.8625696419731304
97.0797079707971022 25.6570030249121608
97.0997099709971110 33.4511876349209132
97.1197119711971197 -17.9815900323617157
97.1397139713971569 -30.9753463237607463
97.1597159715971657 11.1347113760995526
97.1797179717972028 -7.5394988226808692
97.1997199719972116 -25.2743475747518893
97.2197219721972203 40.3779897903572902
97.2397239723972575 -30.0881579070958054
97.2597259725972663 3.2672543403464891
97.2797279727973034 -14.1163947609660809
97.2997299729973122 9.0937538718217894
97.3197319731973209 12.2012217870154132
97.3397339733973581 -4.9945704008238874
97.3597359735973669 -1.8219127400233954
97.3797379737973756 4.3238778709141528
97.3997399739974128 -31.7320209228942893
97.4197419741974215 6.0776477744905044
97.4397439743974587 -38.1789125284634352
97.4597459745974675 7.1251515141402617
97.4797479747974762 -43.5256642405196033
97.4997499749975134 25.3478174701587129
97.5197519751975221 39.3098023929789733
97.5397539753975593 5.5125250043877312
97.5597559755975681 3.4238215318235272
97.5797579757975768 8.3211036332690167
97.5997599759976140 26.7636992924954349
97.6197619761976227 2.4195190664240966
97.6397639763976599 0.6677410160880042
97.6597659765976687 -30.1908957974063341
97.6797679767976774 -48.4666217937500079
97.6997699769977146 -50.0293792596859390
97.7197719771977233 -25.1662018223207120
97.7397739773977605 -16.7309156031827513
97.7597759775977693 0.0821229595052948
97.7797779777977780 -20.5568914400823743
97.7997799779978152 -0.2075231183170487
97.8197819781978239 -4.5872715221187335
97.8397839783978611 12.9044682755177664
97.8597859785978699 -21.3690483723926086
97.8797879787978786 5.2889691199573399
97.8997899789979158 0.1192623012583853
97.9197919791979245 10.6856716198546984
97.9397939793979617 -29.4553400000860819
97.9597959795979705 -3.1480986604236785
97.9797979797979792 -18.9003987775983369
97.9997999799980164 -6.9777241875015630
98.0198019801980251 -3.2393085050772870
98.0398039803980623 10.5143677207739916
98.0598059805980711 12.7019267741638764
98.0798079807980798 -10.5338769713092102
98.0998099809981170 -2.6854887681826476
98.1198119811981257 -22.3609070456547308
98.1398139813981629 -40.1522087210298650
98.1598159815981717 -20.2774507588485307
98.1798179817981804 -12.4631285738983273
98.1998199819982176 4.2247540905504923
98.2198219821982264 -22.3325217160594462
98.2398239823982635 -37.8554927262200209
98.2598259825982723 0.8638344578587063
98.2798279827982810 -24.8591976472976945
98.2998299829983182 -10.2109195393523517
98.3198319831983270 -22.9900509574094762
98.3398339833983357 -30.3423726772491023
98.3598359835983729 -20.1843331746116377
98.3798379837983816 -41.0802179855749614
98.3998399839984188 -31.0633221240353912
98.4198419841984276 -49.3096653246360717
98.4398439843984363 -9.3602707345582061
98.4598459845984735 -26.4513782523512546
98.4798479847984822 -23.1236212780478994
98.4998499849985194 -12.5959881773052054
98.5198519851985282 8.6211187447513140
98.5398539853985369 16.7484923054062627
98.5598559855985741 -40.8627816949459230
98.5798579857985828 -33.8425316072584081
98.5998599859986200 -10.6709397669078463
98.6198619861986288 15.3015280217873553
98.6398639863986375 -33.5741954792972308
98.6598659865986747 8.1010112544375943
98.6798679867986834 -27.3278236330994453
98.6998699869987206 -20.1778387538249397
98.7198719871987294 -39.4422111537908364
98.7398739873987381 -26.8191940051179927
98.7598759875987753 -26.9545299277360471
98.7798779877987840 -32.5918472172897609
98.7998799879988212 -11.4170724743298759
98.8198819881988300 -13.8076795042017082
98.8398839883988387 -16.2404881418207125
98.8598859885988759 -44.9559123169015606
98.8798879887988846 -25.1393002777956802
98.8998899889989218 -24.0726848736154047
98.9198919891989306 -35.6642052743974531
98.9398939893989393 -29.5722622078831243
98.9598959895989765 -51.2454617992068364
98.9798979897989852 -36.7172776939861052
98.9998999899990224 -42.6022948745969288
99.0199019901990312 -44.6374325980045370
99.0399039903990399 -21.7381231255551732
99.0599059905990771 -0.6089198273382017
99.0799079907990858 -41.0679297955105227
99.0999099909991230 -54.8984169748000355
99.1199119911991318 14.1710174321168729
99.1399139913991405 -26.9558868363969957
99.1599159915991777 -70.8220241288300087
99.1799179917991864 -50.3392844751387400
99.1999199919992236 -44.2464272271479544
99.2199219921992324 -55.5356188531225712
99.2399239923992411 -41.4260579395999287
99.2599259925992783 0.2470241344216220
99.2799279927992870 -35.5774084396341692
99.2999299929992958 -11.7581069504067059
99.3199319931993330 -50.9488956807701072
99.3399339933993417 -48.5037633655479823
99.3599359935993789 -50.1105363481566641
99.3799379937993876 -42.8924149219614321
99.3999399939993964 -36.0830147011642097
99.4199419941994336 -25.2689273838368855
99.4399439943994423 -23.3736727411858460
99.4599459945994795 -73.3188183521748442
99.4799479947994882 -34.9334218015958626
99.4999499949994970 -46.1538038545572320
99.5199519951995342 -28.7816631438764112
99.5399539953995429 -18.2219357421003316
99.5599559955995801 -33.4275046070224420
99.5799579957995888 -55.6301104911652828
99.5999599959995976 -50.2013338673235978
99.6199619961996348 -24.4227753281865994
99.6399639963996435 -53.9861969402309754
99.6599659965996807 -25.3551991464563109
99.6799679967996894 -44.7093945783308584
99.6999699969996982 -15.3055344376299125
99.7199719971997354 -59.4462360566336230
99.7399739973997441 -45.0560375544456093
99.7599759975997813 -40.4837368866669465
99.7799779977997900 -50.9482494407523845
99.7999799979997988 -49.9849223129123388
99.8199819981998360 -22.7473481569530591
99.8399839983998447 -19.8414220499963712
99.8599859985998819 -72.3128827147028801
99.8799879987998906 -68.1190473413641087
99.8999899989998994 -64.1028917205880191
99.9199919991999366 -63.0686013333072140
99.9399939993999453 -62.0111840525807594
99.9599959995999825 -23.7556751028677589
99.9799979997999912 -44.7024689590227169
100.0000000000000000 -43.3055723829720733
